[2025-05-10 00:28:20] production.ERROR: No application encryption key has been specified. {"exception":"[object] (Illuminate\\Encryption\\MissingAppKeyException(code: 0): No application encryption key has been specified. at /var/www/html/vendor/laravel/framework/src/Illuminate/Encryption/EncryptionServiceProvider.php:83)
[stacktrace]
#0 /var/www/html/vendor/laravel/framework/src/Illuminate/Support/helpers.php(399): Illuminate\\Encryption\\EncryptionServiceProvider->Illuminate\\Encryption\\{closure}(NULL)
#1 /var/www/html/vendor/laravel/framework/src/Illuminate/Encryption/EncryptionServiceProvider.php(81): tap(NULL, Object(Closure))
#2 /var/www/html/vendor/laravel/framework/src/Illuminate/Encryption/EncryptionServiceProvider.php(64): Illuminate\\Encryption\\EncryptionServiceProvider->key(Array)
#3 /var/www/html/vendor/laravel/framework/src/Illuminate/Encryption/EncryptionServiceProvider.php(32): Illuminate\\Encryption\\EncryptionServiceProvider->parseKey(Array)
#4 /var/www/html/vendor/laravel/framework/src/Illuminate/Container/Container.php(1010): Illuminate\\Encryption\\EncryptionServiceProvider->Illuminate\\Encryption\\{closure}(Object(Illuminate\\Foundation\\Application), Array)
#5 /var/www/html/vendor/laravel/framework/src/Illuminate/Container/Container.php(890): Illuminate\\Container\\Container->build(Object(Closure))
#6 /var/www/html/vendor/laravel/framework/src/Illuminate/Foundation/Application.php(1077): Illuminate\\Container\\Container->resolve('encrypter', Array, true)
#7 /var/www/html/vendor/laravel/framework/src/Illuminate/Container/Container.php(821): Illuminate\\Foundation\\Application->resolve('encrypter', Array)
#8 /var/www/html/vendor/laravel/framework/src/Illuminate/Foundation/Application.php(1057): Illuminate\\Container\\Container->make('encrypter', Array)
#9 /var/www/html/vendor/laravel/framework/src/Illuminate/Container/Container.php(1202): Illuminate\\Foundation\\Application->make('encrypter')
#10 /var/www/html/vendor/laravel/framework/src/Illuminate/Container/Container.php(1101): Illuminate\\Container\\Container->resolveClass(Object(ReflectionParameter))
#11 /var/www/html/vendor/laravel/framework/src/Illuminate/Container/Container.php(1052): Illuminate\\Container\\Container->resolveDependencies(Array)
#12 /var/www/html/vendor/laravel/framework/src/Illuminate/Container/Container.php(890): Illuminate\\Container\\Container->build('Illuminate\\\\Cook...')
#13 /var/www/html/vendor/laravel/framework/src/Illuminate/Foundation/Application.php(1077): Illuminate\\Container\\Container->resolve('Illuminate\\\\Cook...', Array, true)
#14 /var/www/html/vendor/laravel/framework/src/Illuminate/Container/Container.php(821): Illuminate\\Foundation\\Application->resolve('Illuminate\\\\Cook...', Array)
#15 /var/www/html/vendor/laravel/framework/src/Illuminate/Foundation/Application.php(1057): Illuminate\\Container\\Container->make('Illuminate\\\\Cook...', Array)
#16 /var/www/html/vendor/laravel/framework/src/Illuminate/Pipeline/Pipeline.php(197): Illuminate\\Foundation\\Application->make('Illuminate\\\\Cook...')
#17 /var/www/html/vendor/laravel/framework/src/Illuminate/Pipeline/Pipeline.php(126): Illuminate\\Pipeline\\Pipeline->Illuminate\\Pipeline\\{closure}(Object(Illuminate\\Http\\Request))
#18 /var/www/html/vendor/laravel/framework/src/Illuminate/Routing/Router.php(807): Illuminate\\Pipeline\\Pipeline->then(Object(Closure))
#19 /var/www/html/vendor/laravel/framework/src/Illuminate/Routing/Router.php(786): Illuminate\\Routing\\Router->runRouteWithinStack(Object(Illuminate\\Routing\\Route), Object(Illuminate\\Http\\Request))
#20 /var/www/html/vendor/laravel/framework/src/Illuminate/Routing/Router.php(750): Illuminate\\Routing\\Router->runRoute(Object(Illuminate\\Http\\Request), Object(Illuminate\\Routing\\Route))
#21 /var/www/html/vendor/laravel/framework/src/Illuminate/Routing/Router.php(739): Illuminate\\Routing\\Router->dispatchToRoute(Object(Illuminate\\Http\\Request))
#22 /var/www/html/vendor/laravel/framework/src/Illuminate/Foundation/Http/Kernel.php(200): Illuminate\\Routing\\Router->dispatch(Object(Illuminate\\Http\\Request))
#23 /var/www/html/vendor/laravel/framework/src/Illuminate/Pipeline/Pipeline.php(169): Illuminate\\Foundation\\Http\\Kernel->Illuminate\\Foundation\\Http\\{closure}(Object(Illuminate\\Http\\Request))
#24 /var/www/html/vendor/laravel/framework/src/Illuminate/Foundation/Http/Middleware/TransformsRequest.php(21): Illuminate\\Pipeline\\Pipeline->Illuminate\\Pipeline\\{closure}(Object(Illuminate\\Http\\Request))
#25 /var/www/html/vendor/laravel/framework/src/Illuminate/Foundation/Http/Middleware/ConvertEmptyStringsToNull.php(31): Illuminate\\Foundation\\Http\\Middleware\\TransformsRequest->handle(Object(Illuminate\\Http\\Request), Object(Closure))
#26 /var/www/html/vendor/laravel/framework/src/Illuminate/Pipeline/Pipeline.php(208): Illuminate\\Foundation\\Http\\Middleware\\ConvertEmptyStringsToNull->handle(Object(Illuminate\\Http\\Request), Object(Closure))
#27 /var/www/html/vendor/laravel/framework/src/Illuminate/Foundation/Http/Middleware/TransformsRequest.php(21): Illuminate\\Pipeline\\Pipeline->Illuminate\\Pipeline\\{closure}(Object(Illuminate\\Http\\Request))
#28 /var/www/html/vendor/laravel/framework/src/Illuminate/Foundation/Http/Middleware/TrimStrings.php(51): Illuminate\\Foundation\\Http\\Middleware\\TransformsRequest->handle(Object(Illuminate\\Http\\Request), Object(Closure))
#29 /var/www/html/vendor/laravel/framework/src/Illuminate/Pipeline/Pipeline.php(208): Illuminate\\Foundation\\Http\\Middleware\\TrimStrings->handle(Object(Illuminate\\Http\\Request), Object(Closure))
#30 /var/www/html/vendor/laravel/framework/src/Illuminate/Http/Middleware/ValidatePostSize.php(27): Illuminate\\Pipeline\\Pipeline->Illuminate\\Pipeline\\{closure}(Object(Illuminate\\Http\\Request))
#31 /var/www/html/vendor/laravel/framework/src/Illuminate/Pipeline/Pipeline.php(208): Illuminate\\Http\\Middleware\\ValidatePostSize->handle(Object(Illuminate\\Http\\Request), Object(Closure))
#32 /var/www/html/vendor/laravel/framework/src/Illuminate/Foundation/Http/Middleware/PreventRequestsDuringMaintenance.php(109): Illuminate\\Pipeline\\Pipeline->Illuminate\\Pipeline\\{closure}(Object(Illuminate\\Http\\Request))
#33 /var/www/html/vendor/laravel/framework/src/Illuminate/Pipeline/Pipeline.php(208): Illuminate\\Foundation\\Http\\Middleware\\PreventRequestsDuringMaintenance->handle(Object(Illuminate\\Http\\Request), Object(Closure))
#34 /var/www/html/vendor/laravel/framework/src/Illuminate/Http/Middleware/HandleCors.php(48): Illuminate\\Pipeline\\Pipeline->Illuminate\\Pipeline\\{closure}(Object(Illuminate\\Http\\Request))
#35 /var/www/html/vendor/laravel/framework/src/Illuminate/Pipeline/Pipeline.php(208): Illuminate\\Http\\Middleware\\HandleCors->handle(Object(Illuminate\\Http\\Request), Object(Closure))
#36 /var/www/html/vendor/laravel/framework/src/Illuminate/Http/Middleware/TrustProxies.php(58): Illuminate\\Pipeline\\Pipeline->Illuminate\\Pipeline\\{closure}(Object(Illuminate\\Http\\Request))
#37 /var/www/html/vendor/laravel/framework/src/Illuminate/Pipeline/Pipeline.php(208): Illuminate\\Http\\Middleware\\TrustProxies->handle(Object(Illuminate\\Http\\Request), Object(Closure))
#38 /var/www/html/vendor/laravel/framework/src/Illuminate/Foundation/Http/Middleware/InvokeDeferredCallbacks.php(22): Illuminate\\Pipeline\\Pipeline->Illuminate\\Pipeline\\{closure}(Object(Illuminate\\Http\\Request))
#39 /var/www/html/vendor/laravel/framework/src/Illuminate/Pipeline/Pipeline.php(208): Illuminate\\Foundation\\Http\\Middleware\\InvokeDeferredCallbacks->handle(Object(Illuminate\\Http\\Request), Object(Closure))
#40 /var/www/html/vendor/laravel/framework/src/Illuminate/Http/Middleware/ValidatePathEncoding.php(26): Illuminate\\Pipeline\\Pipeline->Illuminate\\Pipeline\\{closure}(Object(Illuminate\\Http\\Request))
#41 /var/www/html/vendor/laravel/framework/src/Illuminate/Pipeline/Pipeline.php(208): Illuminate\\Http\\Middleware\\ValidatePathEncoding->handle(Object(Illuminate\\Http\\Request), Object(Closure))
#42 /var/www/html/vendor/laravel/framework/src/Illuminate/Pipeline/Pipeline.php(126): Illuminate\\Pipeline\\Pipeline->Illuminate\\Pipeline\\{closure}(Object(Illuminate\\Http\\Request))
#43 /var/www/html/vendor/laravel/framework/src/Illuminate/Foundation/Http/Kernel.php(175): Illuminate\\Pipeline\\Pipeline->then(Object(Closure))
#44 /var/www/html/vendor/laravel/framework/src/Illuminate/Foundation/Http/Kernel.php(144): Illuminate\\Foundation\\Http\\Kernel->sendRequestThroughRouter(Object(Illuminate\\Http\\Request))
#45 /var/www/html/vendor/laravel/framework/src/Illuminate/Foundation/Application.php(1219): Illuminate\\Foundation\\Http\\Kernel->handle(Object(Illuminate\\Http\\Request))
#46 /var/www/html/public/index.php(20): Illuminate\\Foundation\\Application->handleRequest(Object(Illuminate\\Http\\Request))
#47 {main}
"} 
[2025-05-10 00:28:20] production.ERROR: No application encryption key has been specified. {"exception":"[object] (Illuminate\\Encryption\\MissingAppKeyException(code: 0): No application encryption key has been specified. at /var/www/html/vendor/laravel/framework/src/Illuminate/Encryption/EncryptionServiceProvider.php:83)
[stacktrace]
#0 /var/www/html/vendor/laravel/framework/src/Illuminate/Support/helpers.php(399): Illuminate\\Encryption\\EncryptionServiceProvider->Illuminate\\Encryption\\{closure}(NULL)
#1 /var/www/html/vendor/laravel/framework/src/Illuminate/Encryption/EncryptionServiceProvider.php(81): tap(NULL, Object(Closure))
#2 /var/www/html/vendor/laravel/framework/src/Illuminate/Encryption/EncryptionServiceProvider.php(64): Illuminate\\Encryption\\EncryptionServiceProvider->key(Array)
#3 /var/www/html/vendor/laravel/framework/src/Illuminate/Encryption/EncryptionServiceProvider.php(32): Illuminate\\Encryption\\EncryptionServiceProvider->parseKey(Array)
#4 /var/www/html/vendor/laravel/framework/src/Illuminate/Container/Container.php(1010): Illuminate\\Encryption\\EncryptionServiceProvider->Illuminate\\Encryption\\{closure}(Object(Illuminate\\Foundation\\Application), Array)
#5 /var/www/html/vendor/laravel/framework/src/Illuminate/Container/Container.php(890): Illuminate\\Container\\Container->build(Object(Closure))
#6 /var/www/html/vendor/laravel/framework/src/Illuminate/Foundation/Application.php(1077): Illuminate\\Container\\Container->resolve('encrypter', Array, true)
#7 /var/www/html/vendor/laravel/framework/src/Illuminate/Container/Container.php(821): Illuminate\\Foundation\\Application->resolve('encrypter', Array)
#8 /var/www/html/vendor/laravel/framework/src/Illuminate/Foundation/Application.php(1057): Illuminate\\Container\\Container->make('encrypter', Array)
#9 /var/www/html/vendor/laravel/framework/src/Illuminate/Container/Container.php(1202): Illuminate\\Foundation\\Application->make('encrypter')
#10 /var/www/html/vendor/laravel/framework/src/Illuminate/Container/Container.php(1101): Illuminate\\Container\\Container->resolveClass(Object(ReflectionParameter))
#11 /var/www/html/vendor/laravel/framework/src/Illuminate/Container/Container.php(1052): Illuminate\\Container\\Container->resolveDependencies(Array)
#12 /var/www/html/vendor/laravel/framework/src/Illuminate/Container/Container.php(890): Illuminate\\Container\\Container->build('Illuminate\\\\Cook...')
#13 /var/www/html/vendor/laravel/framework/src/Illuminate/Foundation/Application.php(1077): Illuminate\\Container\\Container->resolve('Illuminate\\\\Cook...', Array, true)
#14 /var/www/html/vendor/laravel/framework/src/Illuminate/Container/Container.php(821): Illuminate\\Foundation\\Application->resolve('Illuminate\\\\Cook...', Array)
#15 /var/www/html/vendor/laravel/framework/src/Illuminate/Foundation/Application.php(1057): Illuminate\\Container\\Container->make('Illuminate\\\\Cook...', Array)
#16 /var/www/html/vendor/laravel/framework/src/Illuminate/Foundation/Http/Kernel.php(257): Illuminate\\Foundation\\Application->make('Illuminate\\\\Cook...')
#17 /var/www/html/vendor/laravel/framework/src/Illuminate/Foundation/Http/Kernel.php(215): Illuminate\\Foundation\\Http\\Kernel->terminateMiddleware(Object(Illuminate\\Http\\Request), Object(Illuminate\\Http\\Response))
#18 /var/www/html/vendor/laravel/framework/src/Illuminate/Foundation/Application.php(1221): Illuminate\\Foundation\\Http\\Kernel->terminate(Object(Illuminate\\Http\\Request), Object(Illuminate\\Http\\Response))
#19 /var/www/html/public/index.php(20): Illuminate\\Foundation\\Application->handleRequest(Object(Illuminate\\Http\\Request))
#20 {main}
"} 
[2025-05-10 00:28:22] production.ERROR: No application encryption key has been specified. {"exception":"[object] (Illuminate\\Encryption\\MissingAppKeyException(code: 0): No application encryption key has been specified. at /var/www/html/vendor/laravel/framework/src/Illuminate/Encryption/EncryptionServiceProvider.php:83)
[stacktrace]
#0 /var/www/html/vendor/laravel/framework/src/Illuminate/Support/helpers.php(399): Illuminate\\Encryption\\EncryptionServiceProvider->Illuminate\\Encryption\\{closure}(NULL)
#1 /var/www/html/vendor/laravel/framework/src/Illuminate/Encryption/EncryptionServiceProvider.php(81): tap(NULL, Object(Closure))
#2 /var/www/html/vendor/laravel/framework/src/Illuminate/Encryption/EncryptionServiceProvider.php(64): Illuminate\\Encryption\\EncryptionServiceProvider->key(Array)
#3 /var/www/html/vendor/laravel/framework/src/Illuminate/Encryption/EncryptionServiceProvider.php(32): Illuminate\\Encryption\\EncryptionServiceProvider->parseKey(Array)
#4 /var/www/html/vendor/laravel/framework/src/Illuminate/Container/Container.php(1010): Illuminate\\Encryption\\EncryptionServiceProvider->Illuminate\\Encryption\\{closure}(Object(Illuminate\\Foundation\\Application), Array)
#5 /var/www/html/vendor/laravel/framework/src/Illuminate/Container/Container.php(890): Illuminate\\Container\\Container->build(Object(Closure))
#6 /var/www/html/vendor/laravel/framework/src/Illuminate/Foundation/Application.php(1077): Illuminate\\Container\\Container->resolve('encrypter', Array, true)
#7 /var/www/html/vendor/laravel/framework/src/Illuminate/Container/Container.php(821): Illuminate\\Foundation\\Application->resolve('encrypter', Array)
#8 /var/www/html/vendor/laravel/framework/src/Illuminate/Foundation/Application.php(1057): Illuminate\\Container\\Container->make('encrypter', Array)
#9 /var/www/html/vendor/laravel/framework/src/Illuminate/Container/Container.php(1202): Illuminate\\Foundation\\Application->make('encrypter')
#10 /var/www/html/vendor/laravel/framework/src/Illuminate/Container/Container.php(1101): Illuminate\\Container\\Container->resolveClass(Object(ReflectionParameter))
#11 /var/www/html/vendor/laravel/framework/src/Illuminate/Container/Container.php(1052): Illuminate\\Container\\Container->resolveDependencies(Array)
#12 /var/www/html/vendor/laravel/framework/src/Illuminate/Container/Container.php(890): Illuminate\\Container\\Container->build('Illuminate\\\\Cook...')
#13 /var/www/html/vendor/laravel/framework/src/Illuminate/Foundation/Application.php(1077): Illuminate\\Container\\Container->resolve('Illuminate\\\\Cook...', Array, true)
#14 /var/www/html/vendor/laravel/framework/src/Illuminate/Container/Container.php(821): Illuminate\\Foundation\\Application->resolve('Illuminate\\\\Cook...', Array)
#15 /var/www/html/vendor/laravel/framework/src/Illuminate/Foundation/Application.php(1057): Illuminate\\Container\\Container->make('Illuminate\\\\Cook...', Array)
#16 /var/www/html/vendor/laravel/framework/src/Illuminate/Pipeline/Pipeline.php(197): Illuminate\\Foundation\\Application->make('Illuminate\\\\Cook...')
#17 /var/www/html/vendor/laravel/framework/src/Illuminate/Pipeline/Pipeline.php(126): Illuminate\\Pipeline\\Pipeline->Illuminate\\Pipeline\\{closure}(Object(Illuminate\\Http\\Request))
#18 /var/www/html/vendor/laravel/framework/src/Illuminate/Routing/Router.php(807): Illuminate\\Pipeline\\Pipeline->then(Object(Closure))
#19 /var/www/html/vendor/laravel/framework/src/Illuminate/Routing/Router.php(786): Illuminate\\Routing\\Router->runRouteWithinStack(Object(Illuminate\\Routing\\Route), Object(Illuminate\\Http\\Request))
#20 /var/www/html/vendor/laravel/framework/src/Illuminate/Routing/Router.php(750): Illuminate\\Routing\\Router->runRoute(Object(Illuminate\\Http\\Request), Object(Illuminate\\Routing\\Route))
#21 /var/www/html/vendor/laravel/framework/src/Illuminate/Routing/Router.php(739): Illuminate\\Routing\\Router->dispatchToRoute(Object(Illuminate\\Http\\Request))
#22 /var/www/html/vendor/laravel/framework/src/Illuminate/Foundation/Http/Kernel.php(200): Illuminate\\Routing\\Router->dispatch(Object(Illuminate\\Http\\Request))
#23 /var/www/html/vendor/laravel/framework/src/Illuminate/Pipeline/Pipeline.php(169): Illuminate\\Foundation\\Http\\Kernel->Illuminate\\Foundation\\Http\\{closure}(Object(Illuminate\\Http\\Request))
#24 /var/www/html/vendor/laravel/framework/src/Illuminate/Foundation/Http/Middleware/TransformsRequest.php(21): Illuminate\\Pipeline\\Pipeline->Illuminate\\Pipeline\\{closure}(Object(Illuminate\\Http\\Request))
#25 /var/www/html/vendor/laravel/framework/src/Illuminate/Foundation/Http/Middleware/ConvertEmptyStringsToNull.php(31): Illuminate\\Foundation\\Http\\Middleware\\TransformsRequest->handle(Object(Illuminate\\Http\\Request), Object(Closure))
#26 /var/www/html/vendor/laravel/framework/src/Illuminate/Pipeline/Pipeline.php(208): Illuminate\\Foundation\\Http\\Middleware\\ConvertEmptyStringsToNull->handle(Object(Illuminate\\Http\\Request), Object(Closure))
#27 /var/www/html/vendor/laravel/framework/src/Illuminate/Foundation/Http/Middleware/TransformsRequest.php(21): Illuminate\\Pipeline\\Pipeline->Illuminate\\Pipeline\\{closure}(Object(Illuminate\\Http\\Request))
#28 /var/www/html/vendor/laravel/framework/src/Illuminate/Foundation/Http/Middleware/TrimStrings.php(51): Illuminate\\Foundation\\Http\\Middleware\\TransformsRequest->handle(Object(Illuminate\\Http\\Request), Object(Closure))
#29 /var/www/html/vendor/laravel/framework/src/Illuminate/Pipeline/Pipeline.php(208): Illuminate\\Foundation\\Http\\Middleware\\TrimStrings->handle(Object(Illuminate\\Http\\Request), Object(Closure))
#30 /var/www/html/vendor/laravel/framework/src/Illuminate/Http/Middleware/ValidatePostSize.php(27): Illuminate\\Pipeline\\Pipeline->Illuminate\\Pipeline\\{closure}(Object(Illuminate\\Http\\Request))
#31 /var/www/html/vendor/laravel/framework/src/Illuminate/Pipeline/Pipeline.php(208): Illuminate\\Http\\Middleware\\ValidatePostSize->handle(Object(Illuminate\\Http\\Request), Object(Closure))
#32 /var/www/html/vendor/laravel/framework/src/Illuminate/Foundation/Http/Middleware/PreventRequestsDuringMaintenance.php(109): Illuminate\\Pipeline\\Pipeline->Illuminate\\Pipeline\\{closure}(Object(Illuminate\\Http\\Request))
#33 /var/www/html/vendor/laravel/framework/src/Illuminate/Pipeline/Pipeline.php(208): Illuminate\\Foundation\\Http\\Middleware\\PreventRequestsDuringMaintenance->handle(Object(Illuminate\\Http\\Request), Object(Closure))
#34 /var/www/html/vendor/laravel/framework/src/Illuminate/Http/Middleware/HandleCors.php(48): Illuminate\\Pipeline\\Pipeline->Illuminate\\Pipeline\\{closure}(Object(Illuminate\\Http\\Request))
#35 /var/www/html/vendor/laravel/framework/src/Illuminate/Pipeline/Pipeline.php(208): Illuminate\\Http\\Middleware\\HandleCors->handle(Object(Illuminate\\Http\\Request), Object(Closure))
#36 /var/www/html/vendor/laravel/framework/src/Illuminate/Http/Middleware/TrustProxies.php(58): Illuminate\\Pipeline\\Pipeline->Illuminate\\Pipeline\\{closure}(Object(Illuminate\\Http\\Request))
#37 /var/www/html/vendor/laravel/framework/src/Illuminate/Pipeline/Pipeline.php(208): Illuminate\\Http\\Middleware\\TrustProxies->handle(Object(Illuminate\\Http\\Request), Object(Closure))
#38 /var/www/html/vendor/laravel/framework/src/Illuminate/Foundation/Http/Middleware/InvokeDeferredCallbacks.php(22): Illuminate\\Pipeline\\Pipeline->Illuminate\\Pipeline\\{closure}(Object(Illuminate\\Http\\Request))
#39 /var/www/html/vendor/laravel/framework/src/Illuminate/Pipeline/Pipeline.php(208): Illuminate\\Foundation\\Http\\Middleware\\InvokeDeferredCallbacks->handle(Object(Illuminate\\Http\\Request), Object(Closure))
#40 /var/www/html/vendor/laravel/framework/src/Illuminate/Http/Middleware/ValidatePathEncoding.php(26): Illuminate\\Pipeline\\Pipeline->Illuminate\\Pipeline\\{closure}(Object(Illuminate\\Http\\Request))
#41 /var/www/html/vendor/laravel/framework/src/Illuminate/Pipeline/Pipeline.php(208): Illuminate\\Http\\Middleware\\ValidatePathEncoding->handle(Object(Illuminate\\Http\\Request), Object(Closure))
#42 /var/www/html/vendor/laravel/framework/src/Illuminate/Pipeline/Pipeline.php(126): Illuminate\\Pipeline\\Pipeline->Illuminate\\Pipeline\\{closure}(Object(Illuminate\\Http\\Request))
#43 /var/www/html/vendor/laravel/framework/src/Illuminate/Foundation/Http/Kernel.php(175): Illuminate\\Pipeline\\Pipeline->then(Object(Closure))
#44 /var/www/html/vendor/laravel/framework/src/Illuminate/Foundation/Http/Kernel.php(144): Illuminate\\Foundation\\Http\\Kernel->sendRequestThroughRouter(Object(Illuminate\\Http\\Request))
#45 /var/www/html/vendor/laravel/framework/src/Illuminate/Foundation/Application.php(1219): Illuminate\\Foundation\\Http\\Kernel->handle(Object(Illuminate\\Http\\Request))
#46 /var/www/html/public/index.php(20): Illuminate\\Foundation\\Application->handleRequest(Object(Illuminate\\Http\\Request))
#47 {main}
"} 
[2025-05-10 00:28:22] production.ERROR: No application encryption key has been specified. {"exception":"[object] (Illuminate\\Encryption\\MissingAppKeyException(code: 0): No application encryption key has been specified. at /var/www/html/vendor/laravel/framework/src/Illuminate/Encryption/EncryptionServiceProvider.php:83)
[stacktrace]
#0 /var/www/html/vendor/laravel/framework/src/Illuminate/Support/helpers.php(399): Illuminate\\Encryption\\EncryptionServiceProvider->Illuminate\\Encryption\\{closure}(NULL)
#1 /var/www/html/vendor/laravel/framework/src/Illuminate/Encryption/EncryptionServiceProvider.php(81): tap(NULL, Object(Closure))
#2 /var/www/html/vendor/laravel/framework/src/Illuminate/Encryption/EncryptionServiceProvider.php(64): Illuminate\\Encryption\\EncryptionServiceProvider->key(Array)
#3 /var/www/html/vendor/laravel/framework/src/Illuminate/Encryption/EncryptionServiceProvider.php(32): Illuminate\\Encryption\\EncryptionServiceProvider->parseKey(Array)
#4 /var/www/html/vendor/laravel/framework/src/Illuminate/Container/Container.php(1010): Illuminate\\Encryption\\EncryptionServiceProvider->Illuminate\\Encryption\\{closure}(Object(Illuminate\\Foundation\\Application), Array)
#5 /var/www/html/vendor/laravel/framework/src/Illuminate/Container/Container.php(890): Illuminate\\Container\\Container->build(Object(Closure))
#6 /var/www/html/vendor/laravel/framework/src/Illuminate/Foundation/Application.php(1077): Illuminate\\Container\\Container->resolve('encrypter', Array, true)
#7 /var/www/html/vendor/laravel/framework/src/Illuminate/Container/Container.php(821): Illuminate\\Foundation\\Application->resolve('encrypter', Array)
#8 /var/www/html/vendor/laravel/framework/src/Illuminate/Foundation/Application.php(1057): Illuminate\\Container\\Container->make('encrypter', Array)
#9 /var/www/html/vendor/laravel/framework/src/Illuminate/Container/Container.php(1202): Illuminate\\Foundation\\Application->make('encrypter')
#10 /var/www/html/vendor/laravel/framework/src/Illuminate/Container/Container.php(1101): Illuminate\\Container\\Container->resolveClass(Object(ReflectionParameter))
#11 /var/www/html/vendor/laravel/framework/src/Illuminate/Container/Container.php(1052): Illuminate\\Container\\Container->resolveDependencies(Array)
#12 /var/www/html/vendor/laravel/framework/src/Illuminate/Container/Container.php(890): Illuminate\\Container\\Container->build('Illuminate\\\\Cook...')
#13 /var/www/html/vendor/laravel/framework/src/Illuminate/Foundation/Application.php(1077): Illuminate\\Container\\Container->resolve('Illuminate\\\\Cook...', Array, true)
#14 /var/www/html/vendor/laravel/framework/src/Illuminate/Container/Container.php(821): Illuminate\\Foundation\\Application->resolve('Illuminate\\\\Cook...', Array)
#15 /var/www/html/vendor/laravel/framework/src/Illuminate/Foundation/Application.php(1057): Illuminate\\Container\\Container->make('Illuminate\\\\Cook...', Array)
#16 /var/www/html/vendor/laravel/framework/src/Illuminate/Foundation/Http/Kernel.php(257): Illuminate\\Foundation\\Application->make('Illuminate\\\\Cook...')
#17 /var/www/html/vendor/laravel/framework/src/Illuminate/Foundation/Http/Kernel.php(215): Illuminate\\Foundation\\Http\\Kernel->terminateMiddleware(Object(Illuminate\\Http\\Request), Object(Illuminate\\Http\\Response))
#18 /var/www/html/vendor/laravel/framework/src/Illuminate/Foundation/Application.php(1221): Illuminate\\Foundation\\Http\\Kernel->terminate(Object(Illuminate\\Http\\Request), Object(Illuminate\\Http\\Response))
#19 /var/www/html/public/index.php(20): Illuminate\\Foundation\\Application->handleRequest(Object(Illuminate\\Http\\Request))
#20 {main}
"} 
[2025-05-10 00:29:16] production.ERROR: No application encryption key has been specified. {"exception":"[object] (Illuminate\\Encryption\\MissingAppKeyException(code: 0): No application encryption key has been specified. at /var/www/html/vendor/laravel/framework/src/Illuminate/Encryption/EncryptionServiceProvider.php:83)
[stacktrace]
#0 /var/www/html/vendor/laravel/framework/src/Illuminate/Support/helpers.php(399): Illuminate\\Encryption\\EncryptionServiceProvider->Illuminate\\Encryption\\{closure}(NULL)
#1 /var/www/html/vendor/laravel/framework/src/Illuminate/Encryption/EncryptionServiceProvider.php(81): tap(NULL, Object(Closure))
#2 /var/www/html/vendor/laravel/framework/src/Illuminate/Encryption/EncryptionServiceProvider.php(64): Illuminate\\Encryption\\EncryptionServiceProvider->key(Array)
#3 /var/www/html/vendor/laravel/framework/src/Illuminate/Encryption/EncryptionServiceProvider.php(32): Illuminate\\Encryption\\EncryptionServiceProvider->parseKey(Array)
#4 /var/www/html/vendor/laravel/framework/src/Illuminate/Container/Container.php(1010): Illuminate\\Encryption\\EncryptionServiceProvider->Illuminate\\Encryption\\{closure}(Object(Illuminate\\Foundation\\Application), Array)
#5 /var/www/html/vendor/laravel/framework/src/Illuminate/Container/Container.php(890): Illuminate\\Container\\Container->build(Object(Closure))
#6 /var/www/html/vendor/laravel/framework/src/Illuminate/Foundation/Application.php(1077): Illuminate\\Container\\Container->resolve('encrypter', Array, true)
#7 /var/www/html/vendor/laravel/framework/src/Illuminate/Container/Container.php(821): Illuminate\\Foundation\\Application->resolve('encrypter', Array)
#8 /var/www/html/vendor/laravel/framework/src/Illuminate/Foundation/Application.php(1057): Illuminate\\Container\\Container->make('encrypter', Array)
#9 /var/www/html/vendor/laravel/framework/src/Illuminate/Container/Container.php(1202): Illuminate\\Foundation\\Application->make('encrypter')
#10 /var/www/html/vendor/laravel/framework/src/Illuminate/Container/Container.php(1101): Illuminate\\Container\\Container->resolveClass(Object(ReflectionParameter))
#11 /var/www/html/vendor/laravel/framework/src/Illuminate/Container/Container.php(1052): Illuminate\\Container\\Container->resolveDependencies(Array)
#12 /var/www/html/vendor/laravel/framework/src/Illuminate/Container/Container.php(890): Illuminate\\Container\\Container->build('Illuminate\\\\Cook...')
#13 /var/www/html/vendor/laravel/framework/src/Illuminate/Foundation/Application.php(1077): Illuminate\\Container\\Container->resolve('Illuminate\\\\Cook...', Array, true)
#14 /var/www/html/vendor/laravel/framework/src/Illuminate/Container/Container.php(821): Illuminate\\Foundation\\Application->resolve('Illuminate\\\\Cook...', Array)
#15 /var/www/html/vendor/laravel/framework/src/Illuminate/Foundation/Application.php(1057): Illuminate\\Container\\Container->make('Illuminate\\\\Cook...', Array)
#16 /var/www/html/vendor/laravel/framework/src/Illuminate/Pipeline/Pipeline.php(197): Illuminate\\Foundation\\Application->make('Illuminate\\\\Cook...')
#17 /var/www/html/vendor/laravel/framework/src/Illuminate/Pipeline/Pipeline.php(126): Illuminate\\Pipeline\\Pipeline->Illuminate\\Pipeline\\{closure}(Object(Illuminate\\Http\\Request))
#18 /var/www/html/vendor/laravel/framework/src/Illuminate/Routing/Router.php(807): Illuminate\\Pipeline\\Pipeline->then(Object(Closure))
#19 /var/www/html/vendor/laravel/framework/src/Illuminate/Routing/Router.php(786): Illuminate\\Routing\\Router->runRouteWithinStack(Object(Illuminate\\Routing\\Route), Object(Illuminate\\Http\\Request))
#20 /var/www/html/vendor/laravel/framework/src/Illuminate/Routing/Router.php(750): Illuminate\\Routing\\Router->runRoute(Object(Illuminate\\Http\\Request), Object(Illuminate\\Routing\\Route))
#21 /var/www/html/vendor/laravel/framework/src/Illuminate/Routing/Router.php(739): Illuminate\\Routing\\Router->dispatchToRoute(Object(Illuminate\\Http\\Request))
#22 /var/www/html/vendor/laravel/framework/src/Illuminate/Foundation/Http/Kernel.php(200): Illuminate\\Routing\\Router->dispatch(Object(Illuminate\\Http\\Request))
#23 /var/www/html/vendor/laravel/framework/src/Illuminate/Pipeline/Pipeline.php(169): Illuminate\\Foundation\\Http\\Kernel->Illuminate\\Foundation\\Http\\{closure}(Object(Illuminate\\Http\\Request))
#24 /var/www/html/vendor/laravel/framework/src/Illuminate/Foundation/Http/Middleware/TransformsRequest.php(21): Illuminate\\Pipeline\\Pipeline->Illuminate\\Pipeline\\{closure}(Object(Illuminate\\Http\\Request))
#25 /var/www/html/vendor/laravel/framework/src/Illuminate/Foundation/Http/Middleware/ConvertEmptyStringsToNull.php(31): Illuminate\\Foundation\\Http\\Middleware\\TransformsRequest->handle(Object(Illuminate\\Http\\Request), Object(Closure))
#26 /var/www/html/vendor/laravel/framework/src/Illuminate/Pipeline/Pipeline.php(208): Illuminate\\Foundation\\Http\\Middleware\\ConvertEmptyStringsToNull->handle(Object(Illuminate\\Http\\Request), Object(Closure))
#27 /var/www/html/vendor/laravel/framework/src/Illuminate/Foundation/Http/Middleware/TransformsRequest.php(21): Illuminate\\Pipeline\\Pipeline->Illuminate\\Pipeline\\{closure}(Object(Illuminate\\Http\\Request))
#28 /var/www/html/vendor/laravel/framework/src/Illuminate/Foundation/Http/Middleware/TrimStrings.php(51): Illuminate\\Foundation\\Http\\Middleware\\TransformsRequest->handle(Object(Illuminate\\Http\\Request), Object(Closure))
#29 /var/www/html/vendor/laravel/framework/src/Illuminate/Pipeline/Pipeline.php(208): Illuminate\\Foundation\\Http\\Middleware\\TrimStrings->handle(Object(Illuminate\\Http\\Request), Object(Closure))
#30 /var/www/html/vendor/laravel/framework/src/Illuminate/Http/Middleware/ValidatePostSize.php(27): Illuminate\\Pipeline\\Pipeline->Illuminate\\Pipeline\\{closure}(Object(Illuminate\\Http\\Request))
#31 /var/www/html/vendor/laravel/framework/src/Illuminate/Pipeline/Pipeline.php(208): Illuminate\\Http\\Middleware\\ValidatePostSize->handle(Object(Illuminate\\Http\\Request), Object(Closure))
#32 /var/www/html/vendor/laravel/framework/src/Illuminate/Foundation/Http/Middleware/PreventRequestsDuringMaintenance.php(109): Illuminate\\Pipeline\\Pipeline->Illuminate\\Pipeline\\{closure}(Object(Illuminate\\Http\\Request))
#33 /var/www/html/vendor/laravel/framework/src/Illuminate/Pipeline/Pipeline.php(208): Illuminate\\Foundation\\Http\\Middleware\\PreventRequestsDuringMaintenance->handle(Object(Illuminate\\Http\\Request), Object(Closure))
#34 /var/www/html/vendor/laravel/framework/src/Illuminate/Http/Middleware/HandleCors.php(48): Illuminate\\Pipeline\\Pipeline->Illuminate\\Pipeline\\{closure}(Object(Illuminate\\Http\\Request))
#35 /var/www/html/vendor/laravel/framework/src/Illuminate/Pipeline/Pipeline.php(208): Illuminate\\Http\\Middleware\\HandleCors->handle(Object(Illuminate\\Http\\Request), Object(Closure))
#36 /var/www/html/vendor/laravel/framework/src/Illuminate/Http/Middleware/TrustProxies.php(58): Illuminate\\Pipeline\\Pipeline->Illuminate\\Pipeline\\{closure}(Object(Illuminate\\Http\\Request))
#37 /var/www/html/vendor/laravel/framework/src/Illuminate/Pipeline/Pipeline.php(208): Illuminate\\Http\\Middleware\\TrustProxies->handle(Object(Illuminate\\Http\\Request), Object(Closure))
#38 /var/www/html/vendor/laravel/framework/src/Illuminate/Foundation/Http/Middleware/InvokeDeferredCallbacks.php(22): Illuminate\\Pipeline\\Pipeline->Illuminate\\Pipeline\\{closure}(Object(Illuminate\\Http\\Request))
#39 /var/www/html/vendor/laravel/framework/src/Illuminate/Pipeline/Pipeline.php(208): Illuminate\\Foundation\\Http\\Middleware\\InvokeDeferredCallbacks->handle(Object(Illuminate\\Http\\Request), Object(Closure))
#40 /var/www/html/vendor/laravel/framework/src/Illuminate/Http/Middleware/ValidatePathEncoding.php(26): Illuminate\\Pipeline\\Pipeline->Illuminate\\Pipeline\\{closure}(Object(Illuminate\\Http\\Request))
#41 /var/www/html/vendor/laravel/framework/src/Illuminate/Pipeline/Pipeline.php(208): Illuminate\\Http\\Middleware\\ValidatePathEncoding->handle(Object(Illuminate\\Http\\Request), Object(Closure))
#42 /var/www/html/vendor/laravel/framework/src/Illuminate/Pipeline/Pipeline.php(126): Illuminate\\Pipeline\\Pipeline->Illuminate\\Pipeline\\{closure}(Object(Illuminate\\Http\\Request))
#43 /var/www/html/vendor/laravel/framework/src/Illuminate/Foundation/Http/Kernel.php(175): Illuminate\\Pipeline\\Pipeline->then(Object(Closure))
#44 /var/www/html/vendor/laravel/framework/src/Illuminate/Foundation/Http/Kernel.php(144): Illuminate\\Foundation\\Http\\Kernel->sendRequestThroughRouter(Object(Illuminate\\Http\\Request))
#45 /var/www/html/vendor/laravel/framework/src/Illuminate/Foundation/Application.php(1219): Illuminate\\Foundation\\Http\\Kernel->handle(Object(Illuminate\\Http\\Request))
#46 /var/www/html/public/index.php(20): Illuminate\\Foundation\\Application->handleRequest(Object(Illuminate\\Http\\Request))
#47 {main}
"} 
[2025-05-10 00:29:16] production.ERROR: No application encryption key has been specified. {"exception":"[object] (Illuminate\\Encryption\\MissingAppKeyException(code: 0): No application encryption key has been specified. at /var/www/html/vendor/laravel/framework/src/Illuminate/Encryption/EncryptionServiceProvider.php:83)
[stacktrace]
#0 /var/www/html/vendor/laravel/framework/src/Illuminate/Support/helpers.php(399): Illuminate\\Encryption\\EncryptionServiceProvider->Illuminate\\Encryption\\{closure}(NULL)
#1 /var/www/html/vendor/laravel/framework/src/Illuminate/Encryption/EncryptionServiceProvider.php(81): tap(NULL, Object(Closure))
#2 /var/www/html/vendor/laravel/framework/src/Illuminate/Encryption/EncryptionServiceProvider.php(64): Illuminate\\Encryption\\EncryptionServiceProvider->key(Array)
#3 /var/www/html/vendor/laravel/framework/src/Illuminate/Encryption/EncryptionServiceProvider.php(32): Illuminate\\Encryption\\EncryptionServiceProvider->parseKey(Array)
#4 /var/www/html/vendor/laravel/framework/src/Illuminate/Container/Container.php(1010): Illuminate\\Encryption\\EncryptionServiceProvider->Illuminate\\Encryption\\{closure}(Object(Illuminate\\Foundation\\Application), Array)
#5 /var/www/html/vendor/laravel/framework/src/Illuminate/Container/Container.php(890): Illuminate\\Container\\Container->build(Object(Closure))
#6 /var/www/html/vendor/laravel/framework/src/Illuminate/Foundation/Application.php(1077): Illuminate\\Container\\Container->resolve('encrypter', Array, true)
#7 /var/www/html/vendor/laravel/framework/src/Illuminate/Container/Container.php(821): Illuminate\\Foundation\\Application->resolve('encrypter', Array)
#8 /var/www/html/vendor/laravel/framework/src/Illuminate/Foundation/Application.php(1057): Illuminate\\Container\\Container->make('encrypter', Array)
#9 /var/www/html/vendor/laravel/framework/src/Illuminate/Container/Container.php(1202): Illuminate\\Foundation\\Application->make('encrypter')
#10 /var/www/html/vendor/laravel/framework/src/Illuminate/Container/Container.php(1101): Illuminate\\Container\\Container->resolveClass(Object(ReflectionParameter))
#11 /var/www/html/vendor/laravel/framework/src/Illuminate/Container/Container.php(1052): Illuminate\\Container\\Container->resolveDependencies(Array)
#12 /var/www/html/vendor/laravel/framework/src/Illuminate/Container/Container.php(890): Illuminate\\Container\\Container->build('Illuminate\\\\Cook...')
#13 /var/www/html/vendor/laravel/framework/src/Illuminate/Foundation/Application.php(1077): Illuminate\\Container\\Container->resolve('Illuminate\\\\Cook...', Array, true)
#14 /var/www/html/vendor/laravel/framework/src/Illuminate/Container/Container.php(821): Illuminate\\Foundation\\Application->resolve('Illuminate\\\\Cook...', Array)
#15 /var/www/html/vendor/laravel/framework/src/Illuminate/Foundation/Application.php(1057): Illuminate\\Container\\Container->make('Illuminate\\\\Cook...', Array)
#16 /var/www/html/vendor/laravel/framework/src/Illuminate/Foundation/Http/Kernel.php(257): Illuminate\\Foundation\\Application->make('Illuminate\\\\Cook...')
#17 /var/www/html/vendor/laravel/framework/src/Illuminate/Foundation/Http/Kernel.php(215): Illuminate\\Foundation\\Http\\Kernel->terminateMiddleware(Object(Illuminate\\Http\\Request), Object(Illuminate\\Http\\Response))
#18 /var/www/html/vendor/laravel/framework/src/Illuminate/Foundation/Application.php(1221): Illuminate\\Foundation\\Http\\Kernel->terminate(Object(Illuminate\\Http\\Request), Object(Illuminate\\Http\\Response))
#19 /var/www/html/public/index.php(20): Illuminate\\Foundation\\Application->handleRequest(Object(Illuminate\\Http\\Request))
#20 {main}
"} 
[2025-05-10 00:29:23] production.ERROR: No application encryption key has been specified. {"exception":"[object] (Illuminate\\Encryption\\MissingAppKeyException(code: 0): No application encryption key has been specified. at /var/www/html/vendor/laravel/framework/src/Illuminate/Encryption/EncryptionServiceProvider.php:83)
[stacktrace]
#0 /var/www/html/vendor/laravel/framework/src/Illuminate/Support/helpers.php(399): Illuminate\\Encryption\\EncryptionServiceProvider->Illuminate\\Encryption\\{closure}(NULL)
#1 /var/www/html/vendor/laravel/framework/src/Illuminate/Encryption/EncryptionServiceProvider.php(81): tap(NULL, Object(Closure))
#2 /var/www/html/vendor/laravel/framework/src/Illuminate/Encryption/EncryptionServiceProvider.php(64): Illuminate\\Encryption\\EncryptionServiceProvider->key(Array)
#3 /var/www/html/vendor/laravel/framework/src/Illuminate/Encryption/EncryptionServiceProvider.php(32): Illuminate\\Encryption\\EncryptionServiceProvider->parseKey(Array)
#4 /var/www/html/vendor/laravel/framework/src/Illuminate/Container/Container.php(1010): Illuminate\\Encryption\\EncryptionServiceProvider->Illuminate\\Encryption\\{closure}(Object(Illuminate\\Foundation\\Application), Array)
#5 /var/www/html/vendor/laravel/framework/src/Illuminate/Container/Container.php(890): Illuminate\\Container\\Container->build(Object(Closure))
#6 /var/www/html/vendor/laravel/framework/src/Illuminate/Foundation/Application.php(1077): Illuminate\\Container\\Container->resolve('encrypter', Array, true)
#7 /var/www/html/vendor/laravel/framework/src/Illuminate/Container/Container.php(821): Illuminate\\Foundation\\Application->resolve('encrypter', Array)
#8 /var/www/html/vendor/laravel/framework/src/Illuminate/Foundation/Application.php(1057): Illuminate\\Container\\Container->make('encrypter', Array)
#9 /var/www/html/vendor/laravel/framework/src/Illuminate/Container/Container.php(1202): Illuminate\\Foundation\\Application->make('encrypter')
#10 /var/www/html/vendor/laravel/framework/src/Illuminate/Container/Container.php(1101): Illuminate\\Container\\Container->resolveClass(Object(ReflectionParameter))
#11 /var/www/html/vendor/laravel/framework/src/Illuminate/Container/Container.php(1052): Illuminate\\Container\\Container->resolveDependencies(Array)
#12 /var/www/html/vendor/laravel/framework/src/Illuminate/Container/Container.php(890): Illuminate\\Container\\Container->build('Illuminate\\\\Cook...')
#13 /var/www/html/vendor/laravel/framework/src/Illuminate/Foundation/Application.php(1077): Illuminate\\Container\\Container->resolve('Illuminate\\\\Cook...', Array, true)
#14 /var/www/html/vendor/laravel/framework/src/Illuminate/Container/Container.php(821): Illuminate\\Foundation\\Application->resolve('Illuminate\\\\Cook...', Array)
#15 /var/www/html/vendor/laravel/framework/src/Illuminate/Foundation/Application.php(1057): Illuminate\\Container\\Container->make('Illuminate\\\\Cook...', Array)
#16 /var/www/html/vendor/laravel/framework/src/Illuminate/Pipeline/Pipeline.php(197): Illuminate\\Foundation\\Application->make('Illuminate\\\\Cook...')
#17 /var/www/html/vendor/laravel/framework/src/Illuminate/Pipeline/Pipeline.php(126): Illuminate\\Pipeline\\Pipeline->Illuminate\\Pipeline\\{closure}(Object(Illuminate\\Http\\Request))
#18 /var/www/html/vendor/laravel/framework/src/Illuminate/Routing/Router.php(807): Illuminate\\Pipeline\\Pipeline->then(Object(Closure))
#19 /var/www/html/vendor/laravel/framework/src/Illuminate/Routing/Router.php(786): Illuminate\\Routing\\Router->runRouteWithinStack(Object(Illuminate\\Routing\\Route), Object(Illuminate\\Http\\Request))
#20 /var/www/html/vendor/laravel/framework/src/Illuminate/Routing/Router.php(750): Illuminate\\Routing\\Router->runRoute(Object(Illuminate\\Http\\Request), Object(Illuminate\\Routing\\Route))
#21 /var/www/html/vendor/laravel/framework/src/Illuminate/Routing/Router.php(739): Illuminate\\Routing\\Router->dispatchToRoute(Object(Illuminate\\Http\\Request))
#22 /var/www/html/vendor/laravel/framework/src/Illuminate/Foundation/Http/Kernel.php(200): Illuminate\\Routing\\Router->dispatch(Object(Illuminate\\Http\\Request))
#23 /var/www/html/vendor/laravel/framework/src/Illuminate/Pipeline/Pipeline.php(169): Illuminate\\Foundation\\Http\\Kernel->Illuminate\\Foundation\\Http\\{closure}(Object(Illuminate\\Http\\Request))
#24 /var/www/html/vendor/laravel/framework/src/Illuminate/Foundation/Http/Middleware/TransformsRequest.php(21): Illuminate\\Pipeline\\Pipeline->Illuminate\\Pipeline\\{closure}(Object(Illuminate\\Http\\Request))
#25 /var/www/html/vendor/laravel/framework/src/Illuminate/Foundation/Http/Middleware/ConvertEmptyStringsToNull.php(31): Illuminate\\Foundation\\Http\\Middleware\\TransformsRequest->handle(Object(Illuminate\\Http\\Request), Object(Closure))
#26 /var/www/html/vendor/laravel/framework/src/Illuminate/Pipeline/Pipeline.php(208): Illuminate\\Foundation\\Http\\Middleware\\ConvertEmptyStringsToNull->handle(Object(Illuminate\\Http\\Request), Object(Closure))
#27 /var/www/html/vendor/laravel/framework/src/Illuminate/Foundation/Http/Middleware/TransformsRequest.php(21): Illuminate\\Pipeline\\Pipeline->Illuminate\\Pipeline\\{closure}(Object(Illuminate\\Http\\Request))
#28 /var/www/html/vendor/laravel/framework/src/Illuminate/Foundation/Http/Middleware/TrimStrings.php(51): Illuminate\\Foundation\\Http\\Middleware\\TransformsRequest->handle(Object(Illuminate\\Http\\Request), Object(Closure))
#29 /var/www/html/vendor/laravel/framework/src/Illuminate/Pipeline/Pipeline.php(208): Illuminate\\Foundation\\Http\\Middleware\\TrimStrings->handle(Object(Illuminate\\Http\\Request), Object(Closure))
#30 /var/www/html/vendor/laravel/framework/src/Illuminate/Http/Middleware/ValidatePostSize.php(27): Illuminate\\Pipeline\\Pipeline->Illuminate\\Pipeline\\{closure}(Object(Illuminate\\Http\\Request))
#31 /var/www/html/vendor/laravel/framework/src/Illuminate/Pipeline/Pipeline.php(208): Illuminate\\Http\\Middleware\\ValidatePostSize->handle(Object(Illuminate\\Http\\Request), Object(Closure))
#32 /var/www/html/vendor/laravel/framework/src/Illuminate/Foundation/Http/Middleware/PreventRequestsDuringMaintenance.php(109): Illuminate\\Pipeline\\Pipeline->Illuminate\\Pipeline\\{closure}(Object(Illuminate\\Http\\Request))
#33 /var/www/html/vendor/laravel/framework/src/Illuminate/Pipeline/Pipeline.php(208): Illuminate\\Foundation\\Http\\Middleware\\PreventRequestsDuringMaintenance->handle(Object(Illuminate\\Http\\Request), Object(Closure))
#34 /var/www/html/vendor/laravel/framework/src/Illuminate/Http/Middleware/HandleCors.php(48): Illuminate\\Pipeline\\Pipeline->Illuminate\\Pipeline\\{closure}(Object(Illuminate\\Http\\Request))
#35 /var/www/html/vendor/laravel/framework/src/Illuminate/Pipeline/Pipeline.php(208): Illuminate\\Http\\Middleware\\HandleCors->handle(Object(Illuminate\\Http\\Request), Object(Closure))
#36 /var/www/html/vendor/laravel/framework/src/Illuminate/Http/Middleware/TrustProxies.php(58): Illuminate\\Pipeline\\Pipeline->Illuminate\\Pipeline\\{closure}(Object(Illuminate\\Http\\Request))
#37 /var/www/html/vendor/laravel/framework/src/Illuminate/Pipeline/Pipeline.php(208): Illuminate\\Http\\Middleware\\TrustProxies->handle(Object(Illuminate\\Http\\Request), Object(Closure))
#38 /var/www/html/vendor/laravel/framework/src/Illuminate/Foundation/Http/Middleware/InvokeDeferredCallbacks.php(22): Illuminate\\Pipeline\\Pipeline->Illuminate\\Pipeline\\{closure}(Object(Illuminate\\Http\\Request))
#39 /var/www/html/vendor/laravel/framework/src/Illuminate/Pipeline/Pipeline.php(208): Illuminate\\Foundation\\Http\\Middleware\\InvokeDeferredCallbacks->handle(Object(Illuminate\\Http\\Request), Object(Closure))
#40 /var/www/html/vendor/laravel/framework/src/Illuminate/Http/Middleware/ValidatePathEncoding.php(26): Illuminate\\Pipeline\\Pipeline->Illuminate\\Pipeline\\{closure}(Object(Illuminate\\Http\\Request))
#41 /var/www/html/vendor/laravel/framework/src/Illuminate/Pipeline/Pipeline.php(208): Illuminate\\Http\\Middleware\\ValidatePathEncoding->handle(Object(Illuminate\\Http\\Request), Object(Closure))
#42 /var/www/html/vendor/laravel/framework/src/Illuminate/Pipeline/Pipeline.php(126): Illuminate\\Pipeline\\Pipeline->Illuminate\\Pipeline\\{closure}(Object(Illuminate\\Http\\Request))
#43 /var/www/html/vendor/laravel/framework/src/Illuminate/Foundation/Http/Kernel.php(175): Illuminate\\Pipeline\\Pipeline->then(Object(Closure))
#44 /var/www/html/vendor/laravel/framework/src/Illuminate/Foundation/Http/Kernel.php(144): Illuminate\\Foundation\\Http\\Kernel->sendRequestThroughRouter(Object(Illuminate\\Http\\Request))
#45 /var/www/html/vendor/laravel/framework/src/Illuminate/Foundation/Application.php(1219): Illuminate\\Foundation\\Http\\Kernel->handle(Object(Illuminate\\Http\\Request))
#46 /var/www/html/public/index.php(20): Illuminate\\Foundation\\Application->handleRequest(Object(Illuminate\\Http\\Request))
#47 {main}
"} 
[2025-05-10 00:29:23] production.ERROR: No application encryption key has been specified. {"exception":"[object] (Illuminate\\Encryption\\MissingAppKeyException(code: 0): No application encryption key has been specified. at /var/www/html/vendor/laravel/framework/src/Illuminate/Encryption/EncryptionServiceProvider.php:83)
[stacktrace]
#0 /var/www/html/vendor/laravel/framework/src/Illuminate/Support/helpers.php(399): Illuminate\\Encryption\\EncryptionServiceProvider->Illuminate\\Encryption\\{closure}(NULL)
#1 /var/www/html/vendor/laravel/framework/src/Illuminate/Encryption/EncryptionServiceProvider.php(81): tap(NULL, Object(Closure))
#2 /var/www/html/vendor/laravel/framework/src/Illuminate/Encryption/EncryptionServiceProvider.php(64): Illuminate\\Encryption\\EncryptionServiceProvider->key(Array)
#3 /var/www/html/vendor/laravel/framework/src/Illuminate/Encryption/EncryptionServiceProvider.php(32): Illuminate\\Encryption\\EncryptionServiceProvider->parseKey(Array)
#4 /var/www/html/vendor/laravel/framework/src/Illuminate/Container/Container.php(1010): Illuminate\\Encryption\\EncryptionServiceProvider->Illuminate\\Encryption\\{closure}(Object(Illuminate\\Foundation\\Application), Array)
#5 /var/www/html/vendor/laravel/framework/src/Illuminate/Container/Container.php(890): Illuminate\\Container\\Container->build(Object(Closure))
#6 /var/www/html/vendor/laravel/framework/src/Illuminate/Foundation/Application.php(1077): Illuminate\\Container\\Container->resolve('encrypter', Array, true)
#7 /var/www/html/vendor/laravel/framework/src/Illuminate/Container/Container.php(821): Illuminate\\Foundation\\Application->resolve('encrypter', Array)
#8 /var/www/html/vendor/laravel/framework/src/Illuminate/Foundation/Application.php(1057): Illuminate\\Container\\Container->make('encrypter', Array)
#9 /var/www/html/vendor/laravel/framework/src/Illuminate/Container/Container.php(1202): Illuminate\\Foundation\\Application->make('encrypter')
#10 /var/www/html/vendor/laravel/framework/src/Illuminate/Container/Container.php(1101): Illuminate\\Container\\Container->resolveClass(Object(ReflectionParameter))
#11 /var/www/html/vendor/laravel/framework/src/Illuminate/Container/Container.php(1052): Illuminate\\Container\\Container->resolveDependencies(Array)
#12 /var/www/html/vendor/laravel/framework/src/Illuminate/Container/Container.php(890): Illuminate\\Container\\Container->build('Illuminate\\\\Cook...')
#13 /var/www/html/vendor/laravel/framework/src/Illuminate/Foundation/Application.php(1077): Illuminate\\Container\\Container->resolve('Illuminate\\\\Cook...', Array, true)
#14 /var/www/html/vendor/laravel/framework/src/Illuminate/Container/Container.php(821): Illuminate\\Foundation\\Application->resolve('Illuminate\\\\Cook...', Array)
#15 /var/www/html/vendor/laravel/framework/src/Illuminate/Foundation/Application.php(1057): Illuminate\\Container\\Container->make('Illuminate\\\\Cook...', Array)
#16 /var/www/html/vendor/laravel/framework/src/Illuminate/Foundation/Http/Kernel.php(257): Illuminate\\Foundation\\Application->make('Illuminate\\\\Cook...')
#17 /var/www/html/vendor/laravel/framework/src/Illuminate/Foundation/Http/Kernel.php(215): Illuminate\\Foundation\\Http\\Kernel->terminateMiddleware(Object(Illuminate\\Http\\Request), Object(Illuminate\\Http\\Response))
#18 /var/www/html/vendor/laravel/framework/src/Illuminate/Foundation/Application.php(1221): Illuminate\\Foundation\\Http\\Kernel->terminate(Object(Illuminate\\Http\\Request), Object(Illuminate\\Http\\Response))
#19 /var/www/html/public/index.php(20): Illuminate\\Foundation\\Application->handleRequest(Object(Illuminate\\Http\\Request))
#20 {main}
"} 
[2025-05-10 00:32:44] production.ERROR: No application encryption key has been specified. {"exception":"[object] (Illuminate\\Encryption\\MissingAppKeyException(code: 0): No application encryption key has been specified. at /var/www/html/vendor/laravel/framework/src/Illuminate/Encryption/EncryptionServiceProvider.php:83)
[stacktrace]
#0 /var/www/html/vendor/laravel/framework/src/Illuminate/Support/helpers.php(399): Illuminate\\Encryption\\EncryptionServiceProvider->Illuminate\\Encryption\\{closure}(NULL)
#1 /var/www/html/vendor/laravel/framework/src/Illuminate/Encryption/EncryptionServiceProvider.php(81): tap(NULL, Object(Closure))
#2 /var/www/html/vendor/laravel/framework/src/Illuminate/Encryption/EncryptionServiceProvider.php(64): Illuminate\\Encryption\\EncryptionServiceProvider->key(Array)
#3 /var/www/html/vendor/laravel/framework/src/Illuminate/Encryption/EncryptionServiceProvider.php(32): Illuminate\\Encryption\\EncryptionServiceProvider->parseKey(Array)
#4 /var/www/html/vendor/laravel/framework/src/Illuminate/Container/Container.php(1010): Illuminate\\Encryption\\EncryptionServiceProvider->Illuminate\\Encryption\\{closure}(Object(Illuminate\\Foundation\\Application), Array)
#5 /var/www/html/vendor/laravel/framework/src/Illuminate/Container/Container.php(890): Illuminate\\Container\\Container->build(Object(Closure))
#6 /var/www/html/vendor/laravel/framework/src/Illuminate/Foundation/Application.php(1077): Illuminate\\Container\\Container->resolve('encrypter', Array, true)
#7 /var/www/html/vendor/laravel/framework/src/Illuminate/Container/Container.php(821): Illuminate\\Foundation\\Application->resolve('encrypter', Array)
#8 /var/www/html/vendor/laravel/framework/src/Illuminate/Foundation/Application.php(1057): Illuminate\\Container\\Container->make('encrypter', Array)
#9 /var/www/html/vendor/laravel/framework/src/Illuminate/Container/Container.php(1202): Illuminate\\Foundation\\Application->make('encrypter')
#10 /var/www/html/vendor/laravel/framework/src/Illuminate/Container/Container.php(1101): Illuminate\\Container\\Container->resolveClass(Object(ReflectionParameter))
#11 /var/www/html/vendor/laravel/framework/src/Illuminate/Container/Container.php(1052): Illuminate\\Container\\Container->resolveDependencies(Array)
#12 /var/www/html/vendor/laravel/framework/src/Illuminate/Container/Container.php(890): Illuminate\\Container\\Container->build('Illuminate\\\\Cook...')
#13 /var/www/html/vendor/laravel/framework/src/Illuminate/Foundation/Application.php(1077): Illuminate\\Container\\Container->resolve('Illuminate\\\\Cook...', Array, true)
#14 /var/www/html/vendor/laravel/framework/src/Illuminate/Container/Container.php(821): Illuminate\\Foundation\\Application->resolve('Illuminate\\\\Cook...', Array)
#15 /var/www/html/vendor/laravel/framework/src/Illuminate/Foundation/Application.php(1057): Illuminate\\Container\\Container->make('Illuminate\\\\Cook...', Array)
#16 /var/www/html/vendor/laravel/framework/src/Illuminate/Pipeline/Pipeline.php(197): Illuminate\\Foundation\\Application->make('Illuminate\\\\Cook...')
#17 /var/www/html/vendor/laravel/framework/src/Illuminate/Pipeline/Pipeline.php(126): Illuminate\\Pipeline\\Pipeline->Illuminate\\Pipeline\\{closure}(Object(Illuminate\\Http\\Request))
#18 /var/www/html/vendor/laravel/framework/src/Illuminate/Routing/Router.php(807): Illuminate\\Pipeline\\Pipeline->then(Object(Closure))
#19 /var/www/html/vendor/laravel/framework/src/Illuminate/Routing/Router.php(786): Illuminate\\Routing\\Router->runRouteWithinStack(Object(Illuminate\\Routing\\Route), Object(Illuminate\\Http\\Request))
#20 /var/www/html/vendor/laravel/framework/src/Illuminate/Routing/Router.php(750): Illuminate\\Routing\\Router->runRoute(Object(Illuminate\\Http\\Request), Object(Illuminate\\Routing\\Route))
#21 /var/www/html/vendor/laravel/framework/src/Illuminate/Routing/Router.php(739): Illuminate\\Routing\\Router->dispatchToRoute(Object(Illuminate\\Http\\Request))
#22 /var/www/html/vendor/laravel/framework/src/Illuminate/Foundation/Http/Kernel.php(200): Illuminate\\Routing\\Router->dispatch(Object(Illuminate\\Http\\Request))
#23 /var/www/html/vendor/laravel/framework/src/Illuminate/Pipeline/Pipeline.php(169): Illuminate\\Foundation\\Http\\Kernel->Illuminate\\Foundation\\Http\\{closure}(Object(Illuminate\\Http\\Request))
#24 /var/www/html/vendor/laravel/framework/src/Illuminate/Foundation/Http/Middleware/TransformsRequest.php(21): Illuminate\\Pipeline\\Pipeline->Illuminate\\Pipeline\\{closure}(Object(Illuminate\\Http\\Request))
#25 /var/www/html/vendor/laravel/framework/src/Illuminate/Foundation/Http/Middleware/ConvertEmptyStringsToNull.php(31): Illuminate\\Foundation\\Http\\Middleware\\TransformsRequest->handle(Object(Illuminate\\Http\\Request), Object(Closure))
#26 /var/www/html/vendor/laravel/framework/src/Illuminate/Pipeline/Pipeline.php(208): Illuminate\\Foundation\\Http\\Middleware\\ConvertEmptyStringsToNull->handle(Object(Illuminate\\Http\\Request), Object(Closure))
#27 /var/www/html/vendor/laravel/framework/src/Illuminate/Foundation/Http/Middleware/TransformsRequest.php(21): Illuminate\\Pipeline\\Pipeline->Illuminate\\Pipeline\\{closure}(Object(Illuminate\\Http\\Request))
#28 /var/www/html/vendor/laravel/framework/src/Illuminate/Foundation/Http/Middleware/TrimStrings.php(51): Illuminate\\Foundation\\Http\\Middleware\\TransformsRequest->handle(Object(Illuminate\\Http\\Request), Object(Closure))
#29 /var/www/html/vendor/laravel/framework/src/Illuminate/Pipeline/Pipeline.php(208): Illuminate\\Foundation\\Http\\Middleware\\TrimStrings->handle(Object(Illuminate\\Http\\Request), Object(Closure))
#30 /var/www/html/vendor/laravel/framework/src/Illuminate/Http/Middleware/ValidatePostSize.php(27): Illuminate\\Pipeline\\Pipeline->Illuminate\\Pipeline\\{closure}(Object(Illuminate\\Http\\Request))
#31 /var/www/html/vendor/laravel/framework/src/Illuminate/Pipeline/Pipeline.php(208): Illuminate\\Http\\Middleware\\ValidatePostSize->handle(Object(Illuminate\\Http\\Request), Object(Closure))
#32 /var/www/html/vendor/laravel/framework/src/Illuminate/Foundation/Http/Middleware/PreventRequestsDuringMaintenance.php(109): Illuminate\\Pipeline\\Pipeline->Illuminate\\Pipeline\\{closure}(Object(Illuminate\\Http\\Request))
#33 /var/www/html/vendor/laravel/framework/src/Illuminate/Pipeline/Pipeline.php(208): Illuminate\\Foundation\\Http\\Middleware\\PreventRequestsDuringMaintenance->handle(Object(Illuminate\\Http\\Request), Object(Closure))
#34 /var/www/html/vendor/laravel/framework/src/Illuminate/Http/Middleware/HandleCors.php(48): Illuminate\\Pipeline\\Pipeline->Illuminate\\Pipeline\\{closure}(Object(Illuminate\\Http\\Request))
#35 /var/www/html/vendor/laravel/framework/src/Illuminate/Pipeline/Pipeline.php(208): Illuminate\\Http\\Middleware\\HandleCors->handle(Object(Illuminate\\Http\\Request), Object(Closure))
#36 /var/www/html/vendor/laravel/framework/src/Illuminate/Http/Middleware/TrustProxies.php(58): Illuminate\\Pipeline\\Pipeline->Illuminate\\Pipeline\\{closure}(Object(Illuminate\\Http\\Request))
#37 /var/www/html/vendor/laravel/framework/src/Illuminate/Pipeline/Pipeline.php(208): Illuminate\\Http\\Middleware\\TrustProxies->handle(Object(Illuminate\\Http\\Request), Object(Closure))
#38 /var/www/html/vendor/laravel/framework/src/Illuminate/Foundation/Http/Middleware/InvokeDeferredCallbacks.php(22): Illuminate\\Pipeline\\Pipeline->Illuminate\\Pipeline\\{closure}(Object(Illuminate\\Http\\Request))
#39 /var/www/html/vendor/laravel/framework/src/Illuminate/Pipeline/Pipeline.php(208): Illuminate\\Foundation\\Http\\Middleware\\InvokeDeferredCallbacks->handle(Object(Illuminate\\Http\\Request), Object(Closure))
#40 /var/www/html/vendor/laravel/framework/src/Illuminate/Http/Middleware/ValidatePathEncoding.php(26): Illuminate\\Pipeline\\Pipeline->Illuminate\\Pipeline\\{closure}(Object(Illuminate\\Http\\Request))
#41 /var/www/html/vendor/laravel/framework/src/Illuminate/Pipeline/Pipeline.php(208): Illuminate\\Http\\Middleware\\ValidatePathEncoding->handle(Object(Illuminate\\Http\\Request), Object(Closure))
#42 /var/www/html/vendor/laravel/framework/src/Illuminate/Pipeline/Pipeline.php(126): Illuminate\\Pipeline\\Pipeline->Illuminate\\Pipeline\\{closure}(Object(Illuminate\\Http\\Request))
#43 /var/www/html/vendor/laravel/framework/src/Illuminate/Foundation/Http/Kernel.php(175): Illuminate\\Pipeline\\Pipeline->then(Object(Closure))
#44 /var/www/html/vendor/laravel/framework/src/Illuminate/Foundation/Http/Kernel.php(144): Illuminate\\Foundation\\Http\\Kernel->sendRequestThroughRouter(Object(Illuminate\\Http\\Request))
#45 /var/www/html/vendor/laravel/framework/src/Illuminate/Foundation/Application.php(1219): Illuminate\\Foundation\\Http\\Kernel->handle(Object(Illuminate\\Http\\Request))
#46 /var/www/html/public/index.php(20): Illuminate\\Foundation\\Application->handleRequest(Object(Illuminate\\Http\\Request))
#47 {main}
"} 
[2025-05-10 00:32:44] production.ERROR: No application encryption key has been specified. {"exception":"[object] (Illuminate\\Encryption\\MissingAppKeyException(code: 0): No application encryption key has been specified. at /var/www/html/vendor/laravel/framework/src/Illuminate/Encryption/EncryptionServiceProvider.php:83)
[stacktrace]
#0 /var/www/html/vendor/laravel/framework/src/Illuminate/Support/helpers.php(399): Illuminate\\Encryption\\EncryptionServiceProvider->Illuminate\\Encryption\\{closure}(NULL)
#1 /var/www/html/vendor/laravel/framework/src/Illuminate/Encryption/EncryptionServiceProvider.php(81): tap(NULL, Object(Closure))
#2 /var/www/html/vendor/laravel/framework/src/Illuminate/Encryption/EncryptionServiceProvider.php(64): Illuminate\\Encryption\\EncryptionServiceProvider->key(Array)
#3 /var/www/html/vendor/laravel/framework/src/Illuminate/Encryption/EncryptionServiceProvider.php(32): Illuminate\\Encryption\\EncryptionServiceProvider->parseKey(Array)
#4 /var/www/html/vendor/laravel/framework/src/Illuminate/Container/Container.php(1010): Illuminate\\Encryption\\EncryptionServiceProvider->Illuminate\\Encryption\\{closure}(Object(Illuminate\\Foundation\\Application), Array)
#5 /var/www/html/vendor/laravel/framework/src/Illuminate/Container/Container.php(890): Illuminate\\Container\\Container->build(Object(Closure))
#6 /var/www/html/vendor/laravel/framework/src/Illuminate/Foundation/Application.php(1077): Illuminate\\Container\\Container->resolve('encrypter', Array, true)
#7 /var/www/html/vendor/laravel/framework/src/Illuminate/Container/Container.php(821): Illuminate\\Foundation\\Application->resolve('encrypter', Array)
#8 /var/www/html/vendor/laravel/framework/src/Illuminate/Foundation/Application.php(1057): Illuminate\\Container\\Container->make('encrypter', Array)
#9 /var/www/html/vendor/laravel/framework/src/Illuminate/Container/Container.php(1202): Illuminate\\Foundation\\Application->make('encrypter')
#10 /var/www/html/vendor/laravel/framework/src/Illuminate/Container/Container.php(1101): Illuminate\\Container\\Container->resolveClass(Object(ReflectionParameter))
#11 /var/www/html/vendor/laravel/framework/src/Illuminate/Container/Container.php(1052): Illuminate\\Container\\Container->resolveDependencies(Array)
#12 /var/www/html/vendor/laravel/framework/src/Illuminate/Container/Container.php(890): Illuminate\\Container\\Container->build('Illuminate\\\\Cook...')
#13 /var/www/html/vendor/laravel/framework/src/Illuminate/Foundation/Application.php(1077): Illuminate\\Container\\Container->resolve('Illuminate\\\\Cook...', Array, true)
#14 /var/www/html/vendor/laravel/framework/src/Illuminate/Container/Container.php(821): Illuminate\\Foundation\\Application->resolve('Illuminate\\\\Cook...', Array)
#15 /var/www/html/vendor/laravel/framework/src/Illuminate/Foundation/Application.php(1057): Illuminate\\Container\\Container->make('Illuminate\\\\Cook...', Array)
#16 /var/www/html/vendor/laravel/framework/src/Illuminate/Foundation/Http/Kernel.php(257): Illuminate\\Foundation\\Application->make('Illuminate\\\\Cook...')
#17 /var/www/html/vendor/laravel/framework/src/Illuminate/Foundation/Http/Kernel.php(215): Illuminate\\Foundation\\Http\\Kernel->terminateMiddleware(Object(Illuminate\\Http\\Request), Object(Illuminate\\Http\\Response))
#18 /var/www/html/vendor/laravel/framework/src/Illuminate/Foundation/Application.php(1221): Illuminate\\Foundation\\Http\\Kernel->terminate(Object(Illuminate\\Http\\Request), Object(Illuminate\\Http\\Response))
#19 /var/www/html/public/index.php(20): Illuminate\\Foundation\\Application->handleRequest(Object(Illuminate\\Http\\Request))
#20 {main}
"} 
[2025-05-10 00:32:49] production.ERROR: No application encryption key has been specified. {"exception":"[object] (Illuminate\\Encryption\\MissingAppKeyException(code: 0): No application encryption key has been specified. at /var/www/html/vendor/laravel/framework/src/Illuminate/Encryption/EncryptionServiceProvider.php:83)
[stacktrace]
#0 /var/www/html/vendor/laravel/framework/src/Illuminate/Support/helpers.php(399): Illuminate\\Encryption\\EncryptionServiceProvider->Illuminate\\Encryption\\{closure}(NULL)
#1 /var/www/html/vendor/laravel/framework/src/Illuminate/Encryption/EncryptionServiceProvider.php(81): tap(NULL, Object(Closure))
#2 /var/www/html/vendor/laravel/framework/src/Illuminate/Encryption/EncryptionServiceProvider.php(64): Illuminate\\Encryption\\EncryptionServiceProvider->key(Array)
#3 /var/www/html/vendor/laravel/framework/src/Illuminate/Encryption/EncryptionServiceProvider.php(32): Illuminate\\Encryption\\EncryptionServiceProvider->parseKey(Array)
#4 /var/www/html/vendor/laravel/framework/src/Illuminate/Container/Container.php(1010): Illuminate\\Encryption\\EncryptionServiceProvider->Illuminate\\Encryption\\{closure}(Object(Illuminate\\Foundation\\Application), Array)
#5 /var/www/html/vendor/laravel/framework/src/Illuminate/Container/Container.php(890): Illuminate\\Container\\Container->build(Object(Closure))
#6 /var/www/html/vendor/laravel/framework/src/Illuminate/Foundation/Application.php(1077): Illuminate\\Container\\Container->resolve('encrypter', Array, true)
#7 /var/www/html/vendor/laravel/framework/src/Illuminate/Container/Container.php(821): Illuminate\\Foundation\\Application->resolve('encrypter', Array)
#8 /var/www/html/vendor/laravel/framework/src/Illuminate/Foundation/Application.php(1057): Illuminate\\Container\\Container->make('encrypter', Array)
#9 /var/www/html/vendor/laravel/framework/src/Illuminate/Container/Container.php(1202): Illuminate\\Foundation\\Application->make('encrypter')
#10 /var/www/html/vendor/laravel/framework/src/Illuminate/Container/Container.php(1101): Illuminate\\Container\\Container->resolveClass(Object(ReflectionParameter))
#11 /var/www/html/vendor/laravel/framework/src/Illuminate/Container/Container.php(1052): Illuminate\\Container\\Container->resolveDependencies(Array)
#12 /var/www/html/vendor/laravel/framework/src/Illuminate/Container/Container.php(890): Illuminate\\Container\\Container->build('Illuminate\\\\Cook...')
#13 /var/www/html/vendor/laravel/framework/src/Illuminate/Foundation/Application.php(1077): Illuminate\\Container\\Container->resolve('Illuminate\\\\Cook...', Array, true)
#14 /var/www/html/vendor/laravel/framework/src/Illuminate/Container/Container.php(821): Illuminate\\Foundation\\Application->resolve('Illuminate\\\\Cook...', Array)
#15 /var/www/html/vendor/laravel/framework/src/Illuminate/Foundation/Application.php(1057): Illuminate\\Container\\Container->make('Illuminate\\\\Cook...', Array)
#16 /var/www/html/vendor/laravel/framework/src/Illuminate/Pipeline/Pipeline.php(197): Illuminate\\Foundation\\Application->make('Illuminate\\\\Cook...')
#17 /var/www/html/vendor/laravel/framework/src/Illuminate/Pipeline/Pipeline.php(126): Illuminate\\Pipeline\\Pipeline->Illuminate\\Pipeline\\{closure}(Object(Illuminate\\Http\\Request))
#18 /var/www/html/vendor/laravel/framework/src/Illuminate/Routing/Router.php(807): Illuminate\\Pipeline\\Pipeline->then(Object(Closure))
#19 /var/www/html/vendor/laravel/framework/src/Illuminate/Routing/Router.php(786): Illuminate\\Routing\\Router->runRouteWithinStack(Object(Illuminate\\Routing\\Route), Object(Illuminate\\Http\\Request))
#20 /var/www/html/vendor/laravel/framework/src/Illuminate/Routing/Router.php(750): Illuminate\\Routing\\Router->runRoute(Object(Illuminate\\Http\\Request), Object(Illuminate\\Routing\\Route))
#21 /var/www/html/vendor/laravel/framework/src/Illuminate/Routing/Router.php(739): Illuminate\\Routing\\Router->dispatchToRoute(Object(Illuminate\\Http\\Request))
#22 /var/www/html/vendor/laravel/framework/src/Illuminate/Foundation/Http/Kernel.php(200): Illuminate\\Routing\\Router->dispatch(Object(Illuminate\\Http\\Request))
#23 /var/www/html/vendor/laravel/framework/src/Illuminate/Pipeline/Pipeline.php(169): Illuminate\\Foundation\\Http\\Kernel->Illuminate\\Foundation\\Http\\{closure}(Object(Illuminate\\Http\\Request))
#24 /var/www/html/vendor/laravel/framework/src/Illuminate/Foundation/Http/Middleware/TransformsRequest.php(21): Illuminate\\Pipeline\\Pipeline->Illuminate\\Pipeline\\{closure}(Object(Illuminate\\Http\\Request))
#25 /var/www/html/vendor/laravel/framework/src/Illuminate/Foundation/Http/Middleware/ConvertEmptyStringsToNull.php(31): Illuminate\\Foundation\\Http\\Middleware\\TransformsRequest->handle(Object(Illuminate\\Http\\Request), Object(Closure))
#26 /var/www/html/vendor/laravel/framework/src/Illuminate/Pipeline/Pipeline.php(208): Illuminate\\Foundation\\Http\\Middleware\\ConvertEmptyStringsToNull->handle(Object(Illuminate\\Http\\Request), Object(Closure))
#27 /var/www/html/vendor/laravel/framework/src/Illuminate/Foundation/Http/Middleware/TransformsRequest.php(21): Illuminate\\Pipeline\\Pipeline->Illuminate\\Pipeline\\{closure}(Object(Illuminate\\Http\\Request))
#28 /var/www/html/vendor/laravel/framework/src/Illuminate/Foundation/Http/Middleware/TrimStrings.php(51): Illuminate\\Foundation\\Http\\Middleware\\TransformsRequest->handle(Object(Illuminate\\Http\\Request), Object(Closure))
#29 /var/www/html/vendor/laravel/framework/src/Illuminate/Pipeline/Pipeline.php(208): Illuminate\\Foundation\\Http\\Middleware\\TrimStrings->handle(Object(Illuminate\\Http\\Request), Object(Closure))
#30 /var/www/html/vendor/laravel/framework/src/Illuminate/Http/Middleware/ValidatePostSize.php(27): Illuminate\\Pipeline\\Pipeline->Illuminate\\Pipeline\\{closure}(Object(Illuminate\\Http\\Request))
#31 /var/www/html/vendor/laravel/framework/src/Illuminate/Pipeline/Pipeline.php(208): Illuminate\\Http\\Middleware\\ValidatePostSize->handle(Object(Illuminate\\Http\\Request), Object(Closure))
#32 /var/www/html/vendor/laravel/framework/src/Illuminate/Foundation/Http/Middleware/PreventRequestsDuringMaintenance.php(109): Illuminate\\Pipeline\\Pipeline->Illuminate\\Pipeline\\{closure}(Object(Illuminate\\Http\\Request))
#33 /var/www/html/vendor/laravel/framework/src/Illuminate/Pipeline/Pipeline.php(208): Illuminate\\Foundation\\Http\\Middleware\\PreventRequestsDuringMaintenance->handle(Object(Illuminate\\Http\\Request), Object(Closure))
#34 /var/www/html/vendor/laravel/framework/src/Illuminate/Http/Middleware/HandleCors.php(48): Illuminate\\Pipeline\\Pipeline->Illuminate\\Pipeline\\{closure}(Object(Illuminate\\Http\\Request))
#35 /var/www/html/vendor/laravel/framework/src/Illuminate/Pipeline/Pipeline.php(208): Illuminate\\Http\\Middleware\\HandleCors->handle(Object(Illuminate\\Http\\Request), Object(Closure))
#36 /var/www/html/vendor/laravel/framework/src/Illuminate/Http/Middleware/TrustProxies.php(58): Illuminate\\Pipeline\\Pipeline->Illuminate\\Pipeline\\{closure}(Object(Illuminate\\Http\\Request))
#37 /var/www/html/vendor/laravel/framework/src/Illuminate/Pipeline/Pipeline.php(208): Illuminate\\Http\\Middleware\\TrustProxies->handle(Object(Illuminate\\Http\\Request), Object(Closure))
#38 /var/www/html/vendor/laravel/framework/src/Illuminate/Foundation/Http/Middleware/InvokeDeferredCallbacks.php(22): Illuminate\\Pipeline\\Pipeline->Illuminate\\Pipeline\\{closure}(Object(Illuminate\\Http\\Request))
#39 /var/www/html/vendor/laravel/framework/src/Illuminate/Pipeline/Pipeline.php(208): Illuminate\\Foundation\\Http\\Middleware\\InvokeDeferredCallbacks->handle(Object(Illuminate\\Http\\Request), Object(Closure))
#40 /var/www/html/vendor/laravel/framework/src/Illuminate/Http/Middleware/ValidatePathEncoding.php(26): Illuminate\\Pipeline\\Pipeline->Illuminate\\Pipeline\\{closure}(Object(Illuminate\\Http\\Request))
#41 /var/www/html/vendor/laravel/framework/src/Illuminate/Pipeline/Pipeline.php(208): Illuminate\\Http\\Middleware\\ValidatePathEncoding->handle(Object(Illuminate\\Http\\Request), Object(Closure))
#42 /var/www/html/vendor/laravel/framework/src/Illuminate/Pipeline/Pipeline.php(126): Illuminate\\Pipeline\\Pipeline->Illuminate\\Pipeline\\{closure}(Object(Illuminate\\Http\\Request))
#43 /var/www/html/vendor/laravel/framework/src/Illuminate/Foundation/Http/Kernel.php(175): Illuminate\\Pipeline\\Pipeline->then(Object(Closure))
#44 /var/www/html/vendor/laravel/framework/src/Illuminate/Foundation/Http/Kernel.php(144): Illuminate\\Foundation\\Http\\Kernel->sendRequestThroughRouter(Object(Illuminate\\Http\\Request))
#45 /var/www/html/vendor/laravel/framework/src/Illuminate/Foundation/Application.php(1219): Illuminate\\Foundation\\Http\\Kernel->handle(Object(Illuminate\\Http\\Request))
#46 /var/www/html/public/index.php(20): Illuminate\\Foundation\\Application->handleRequest(Object(Illuminate\\Http\\Request))
#47 {main}
"} 
[2025-05-10 00:32:49] production.ERROR: No application encryption key has been specified. {"exception":"[object] (Illuminate\\Encryption\\MissingAppKeyException(code: 0): No application encryption key has been specified. at /var/www/html/vendor/laravel/framework/src/Illuminate/Encryption/EncryptionServiceProvider.php:83)
[stacktrace]
#0 /var/www/html/vendor/laravel/framework/src/Illuminate/Support/helpers.php(399): Illuminate\\Encryption\\EncryptionServiceProvider->Illuminate\\Encryption\\{closure}(NULL)
#1 /var/www/html/vendor/laravel/framework/src/Illuminate/Encryption/EncryptionServiceProvider.php(81): tap(NULL, Object(Closure))
#2 /var/www/html/vendor/laravel/framework/src/Illuminate/Encryption/EncryptionServiceProvider.php(64): Illuminate\\Encryption\\EncryptionServiceProvider->key(Array)
#3 /var/www/html/vendor/laravel/framework/src/Illuminate/Encryption/EncryptionServiceProvider.php(32): Illuminate\\Encryption\\EncryptionServiceProvider->parseKey(Array)
#4 /var/www/html/vendor/laravel/framework/src/Illuminate/Container/Container.php(1010): Illuminate\\Encryption\\EncryptionServiceProvider->Illuminate\\Encryption\\{closure}(Object(Illuminate\\Foundation\\Application), Array)
#5 /var/www/html/vendor/laravel/framework/src/Illuminate/Container/Container.php(890): Illuminate\\Container\\Container->build(Object(Closure))
#6 /var/www/html/vendor/laravel/framework/src/Illuminate/Foundation/Application.php(1077): Illuminate\\Container\\Container->resolve('encrypter', Array, true)
#7 /var/www/html/vendor/laravel/framework/src/Illuminate/Container/Container.php(821): Illuminate\\Foundation\\Application->resolve('encrypter', Array)
#8 /var/www/html/vendor/laravel/framework/src/Illuminate/Foundation/Application.php(1057): Illuminate\\Container\\Container->make('encrypter', Array)
#9 /var/www/html/vendor/laravel/framework/src/Illuminate/Container/Container.php(1202): Illuminate\\Foundation\\Application->make('encrypter')
#10 /var/www/html/vendor/laravel/framework/src/Illuminate/Container/Container.php(1101): Illuminate\\Container\\Container->resolveClass(Object(ReflectionParameter))
#11 /var/www/html/vendor/laravel/framework/src/Illuminate/Container/Container.php(1052): Illuminate\\Container\\Container->resolveDependencies(Array)
#12 /var/www/html/vendor/laravel/framework/src/Illuminate/Container/Container.php(890): Illuminate\\Container\\Container->build('Illuminate\\\\Cook...')
#13 /var/www/html/vendor/laravel/framework/src/Illuminate/Foundation/Application.php(1077): Illuminate\\Container\\Container->resolve('Illuminate\\\\Cook...', Array, true)
#14 /var/www/html/vendor/laravel/framework/src/Illuminate/Container/Container.php(821): Illuminate\\Foundation\\Application->resolve('Illuminate\\\\Cook...', Array)
#15 /var/www/html/vendor/laravel/framework/src/Illuminate/Foundation/Application.php(1057): Illuminate\\Container\\Container->make('Illuminate\\\\Cook...', Array)
#16 /var/www/html/vendor/laravel/framework/src/Illuminate/Foundation/Http/Kernel.php(257): Illuminate\\Foundation\\Application->make('Illuminate\\\\Cook...')
#17 /var/www/html/vendor/laravel/framework/src/Illuminate/Foundation/Http/Kernel.php(215): Illuminate\\Foundation\\Http\\Kernel->terminateMiddleware(Object(Illuminate\\Http\\Request), Object(Illuminate\\Http\\Response))
#18 /var/www/html/vendor/laravel/framework/src/Illuminate/Foundation/Application.php(1221): Illuminate\\Foundation\\Http\\Kernel->terminate(Object(Illuminate\\Http\\Request), Object(Illuminate\\Http\\Response))
#19 /var/www/html/public/index.php(20): Illuminate\\Foundation\\Application->handleRequest(Object(Illuminate\\Http\\Request))
#20 {main}
"} 
[2025-05-10 00:34:19] production.ERROR: No application encryption key has been specified. {"exception":"[object] (Illuminate\\Encryption\\MissingAppKeyException(code: 0): No application encryption key has been specified. at /var/www/html/vendor/laravel/framework/src/Illuminate/Encryption/EncryptionServiceProvider.php:83)
[stacktrace]
#0 /var/www/html/vendor/laravel/framework/src/Illuminate/Support/helpers.php(399): Illuminate\\Encryption\\EncryptionServiceProvider->Illuminate\\Encryption\\{closure}(NULL)
#1 /var/www/html/vendor/laravel/framework/src/Illuminate/Encryption/EncryptionServiceProvider.php(81): tap(NULL, Object(Closure))
#2 /var/www/html/vendor/laravel/framework/src/Illuminate/Encryption/EncryptionServiceProvider.php(64): Illuminate\\Encryption\\EncryptionServiceProvider->key(Array)
#3 /var/www/html/vendor/laravel/framework/src/Illuminate/Encryption/EncryptionServiceProvider.php(32): Illuminate\\Encryption\\EncryptionServiceProvider->parseKey(Array)
#4 /var/www/html/vendor/laravel/framework/src/Illuminate/Container/Container.php(1010): Illuminate\\Encryption\\EncryptionServiceProvider->Illuminate\\Encryption\\{closure}(Object(Illuminate\\Foundation\\Application), Array)
#5 /var/www/html/vendor/laravel/framework/src/Illuminate/Container/Container.php(890): Illuminate\\Container\\Container->build(Object(Closure))
#6 /var/www/html/vendor/laravel/framework/src/Illuminate/Foundation/Application.php(1077): Illuminate\\Container\\Container->resolve('encrypter', Array, true)
#7 /var/www/html/vendor/laravel/framework/src/Illuminate/Container/Container.php(821): Illuminate\\Foundation\\Application->resolve('encrypter', Array)
#8 /var/www/html/vendor/laravel/framework/src/Illuminate/Foundation/Application.php(1057): Illuminate\\Container\\Container->make('encrypter', Array)
#9 /var/www/html/vendor/laravel/framework/src/Illuminate/Container/Container.php(1202): Illuminate\\Foundation\\Application->make('encrypter')
#10 /var/www/html/vendor/laravel/framework/src/Illuminate/Container/Container.php(1101): Illuminate\\Container\\Container->resolveClass(Object(ReflectionParameter))
#11 /var/www/html/vendor/laravel/framework/src/Illuminate/Container/Container.php(1052): Illuminate\\Container\\Container->resolveDependencies(Array)
#12 /var/www/html/vendor/laravel/framework/src/Illuminate/Container/Container.php(890): Illuminate\\Container\\Container->build('Illuminate\\\\Cook...')
#13 /var/www/html/vendor/laravel/framework/src/Illuminate/Foundation/Application.php(1077): Illuminate\\Container\\Container->resolve('Illuminate\\\\Cook...', Array, true)
#14 /var/www/html/vendor/laravel/framework/src/Illuminate/Container/Container.php(821): Illuminate\\Foundation\\Application->resolve('Illuminate\\\\Cook...', Array)
#15 /var/www/html/vendor/laravel/framework/src/Illuminate/Foundation/Application.php(1057): Illuminate\\Container\\Container->make('Illuminate\\\\Cook...', Array)
#16 /var/www/html/vendor/laravel/framework/src/Illuminate/Pipeline/Pipeline.php(197): Illuminate\\Foundation\\Application->make('Illuminate\\\\Cook...')
#17 /var/www/html/vendor/laravel/framework/src/Illuminate/Pipeline/Pipeline.php(126): Illuminate\\Pipeline\\Pipeline->Illuminate\\Pipeline\\{closure}(Object(Illuminate\\Http\\Request))
#18 /var/www/html/vendor/laravel/framework/src/Illuminate/Routing/Router.php(807): Illuminate\\Pipeline\\Pipeline->then(Object(Closure))
#19 /var/www/html/vendor/laravel/framework/src/Illuminate/Routing/Router.php(786): Illuminate\\Routing\\Router->runRouteWithinStack(Object(Illuminate\\Routing\\Route), Object(Illuminate\\Http\\Request))
#20 /var/www/html/vendor/laravel/framework/src/Illuminate/Routing/Router.php(750): Illuminate\\Routing\\Router->runRoute(Object(Illuminate\\Http\\Request), Object(Illuminate\\Routing\\Route))
#21 /var/www/html/vendor/laravel/framework/src/Illuminate/Routing/Router.php(739): Illuminate\\Routing\\Router->dispatchToRoute(Object(Illuminate\\Http\\Request))
#22 /var/www/html/vendor/laravel/framework/src/Illuminate/Foundation/Http/Kernel.php(200): Illuminate\\Routing\\Router->dispatch(Object(Illuminate\\Http\\Request))
#23 /var/www/html/vendor/laravel/framework/src/Illuminate/Pipeline/Pipeline.php(169): Illuminate\\Foundation\\Http\\Kernel->Illuminate\\Foundation\\Http\\{closure}(Object(Illuminate\\Http\\Request))
#24 /var/www/html/vendor/laravel/framework/src/Illuminate/Foundation/Http/Middleware/TransformsRequest.php(21): Illuminate\\Pipeline\\Pipeline->Illuminate\\Pipeline\\{closure}(Object(Illuminate\\Http\\Request))
#25 /var/www/html/vendor/laravel/framework/src/Illuminate/Foundation/Http/Middleware/ConvertEmptyStringsToNull.php(31): Illuminate\\Foundation\\Http\\Middleware\\TransformsRequest->handle(Object(Illuminate\\Http\\Request), Object(Closure))
#26 /var/www/html/vendor/laravel/framework/src/Illuminate/Pipeline/Pipeline.php(208): Illuminate\\Foundation\\Http\\Middleware\\ConvertEmptyStringsToNull->handle(Object(Illuminate\\Http\\Request), Object(Closure))
#27 /var/www/html/vendor/laravel/framework/src/Illuminate/Foundation/Http/Middleware/TransformsRequest.php(21): Illuminate\\Pipeline\\Pipeline->Illuminate\\Pipeline\\{closure}(Object(Illuminate\\Http\\Request))
#28 /var/www/html/vendor/laravel/framework/src/Illuminate/Foundation/Http/Middleware/TrimStrings.php(51): Illuminate\\Foundation\\Http\\Middleware\\TransformsRequest->handle(Object(Illuminate\\Http\\Request), Object(Closure))
#29 /var/www/html/vendor/laravel/framework/src/Illuminate/Pipeline/Pipeline.php(208): Illuminate\\Foundation\\Http\\Middleware\\TrimStrings->handle(Object(Illuminate\\Http\\Request), Object(Closure))
#30 /var/www/html/vendor/laravel/framework/src/Illuminate/Http/Middleware/ValidatePostSize.php(27): Illuminate\\Pipeline\\Pipeline->Illuminate\\Pipeline\\{closure}(Object(Illuminate\\Http\\Request))
#31 /var/www/html/vendor/laravel/framework/src/Illuminate/Pipeline/Pipeline.php(208): Illuminate\\Http\\Middleware\\ValidatePostSize->handle(Object(Illuminate\\Http\\Request), Object(Closure))
#32 /var/www/html/vendor/laravel/framework/src/Illuminate/Foundation/Http/Middleware/PreventRequestsDuringMaintenance.php(109): Illuminate\\Pipeline\\Pipeline->Illuminate\\Pipeline\\{closure}(Object(Illuminate\\Http\\Request))
#33 /var/www/html/vendor/laravel/framework/src/Illuminate/Pipeline/Pipeline.php(208): Illuminate\\Foundation\\Http\\Middleware\\PreventRequestsDuringMaintenance->handle(Object(Illuminate\\Http\\Request), Object(Closure))
#34 /var/www/html/vendor/laravel/framework/src/Illuminate/Http/Middleware/HandleCors.php(48): Illuminate\\Pipeline\\Pipeline->Illuminate\\Pipeline\\{closure}(Object(Illuminate\\Http\\Request))
#35 /var/www/html/vendor/laravel/framework/src/Illuminate/Pipeline/Pipeline.php(208): Illuminate\\Http\\Middleware\\HandleCors->handle(Object(Illuminate\\Http\\Request), Object(Closure))
#36 /var/www/html/vendor/laravel/framework/src/Illuminate/Http/Middleware/TrustProxies.php(58): Illuminate\\Pipeline\\Pipeline->Illuminate\\Pipeline\\{closure}(Object(Illuminate\\Http\\Request))
#37 /var/www/html/vendor/laravel/framework/src/Illuminate/Pipeline/Pipeline.php(208): Illuminate\\Http\\Middleware\\TrustProxies->handle(Object(Illuminate\\Http\\Request), Object(Closure))
#38 /var/www/html/vendor/laravel/framework/src/Illuminate/Foundation/Http/Middleware/InvokeDeferredCallbacks.php(22): Illuminate\\Pipeline\\Pipeline->Illuminate\\Pipeline\\{closure}(Object(Illuminate\\Http\\Request))
#39 /var/www/html/vendor/laravel/framework/src/Illuminate/Pipeline/Pipeline.php(208): Illuminate\\Foundation\\Http\\Middleware\\InvokeDeferredCallbacks->handle(Object(Illuminate\\Http\\Request), Object(Closure))
#40 /var/www/html/vendor/laravel/framework/src/Illuminate/Http/Middleware/ValidatePathEncoding.php(26): Illuminate\\Pipeline\\Pipeline->Illuminate\\Pipeline\\{closure}(Object(Illuminate\\Http\\Request))
#41 /var/www/html/vendor/laravel/framework/src/Illuminate/Pipeline/Pipeline.php(208): Illuminate\\Http\\Middleware\\ValidatePathEncoding->handle(Object(Illuminate\\Http\\Request), Object(Closure))
#42 /var/www/html/vendor/laravel/framework/src/Illuminate/Pipeline/Pipeline.php(126): Illuminate\\Pipeline\\Pipeline->Illuminate\\Pipeline\\{closure}(Object(Illuminate\\Http\\Request))
#43 /var/www/html/vendor/laravel/framework/src/Illuminate/Foundation/Http/Kernel.php(175): Illuminate\\Pipeline\\Pipeline->then(Object(Closure))
#44 /var/www/html/vendor/laravel/framework/src/Illuminate/Foundation/Http/Kernel.php(144): Illuminate\\Foundation\\Http\\Kernel->sendRequestThroughRouter(Object(Illuminate\\Http\\Request))
#45 /var/www/html/vendor/laravel/framework/src/Illuminate/Foundation/Application.php(1219): Illuminate\\Foundation\\Http\\Kernel->handle(Object(Illuminate\\Http\\Request))
#46 /var/www/html/public/index.php(20): Illuminate\\Foundation\\Application->handleRequest(Object(Illuminate\\Http\\Request))
#47 {main}
"} 
[2025-05-10 00:34:19] production.ERROR: No application encryption key has been specified. {"exception":"[object] (Illuminate\\Encryption\\MissingAppKeyException(code: 0): No application encryption key has been specified. at /var/www/html/vendor/laravel/framework/src/Illuminate/Encryption/EncryptionServiceProvider.php:83)
[stacktrace]
#0 /var/www/html/vendor/laravel/framework/src/Illuminate/Support/helpers.php(399): Illuminate\\Encryption\\EncryptionServiceProvider->Illuminate\\Encryption\\{closure}(NULL)
#1 /var/www/html/vendor/laravel/framework/src/Illuminate/Encryption/EncryptionServiceProvider.php(81): tap(NULL, Object(Closure))
#2 /var/www/html/vendor/laravel/framework/src/Illuminate/Encryption/EncryptionServiceProvider.php(64): Illuminate\\Encryption\\EncryptionServiceProvider->key(Array)
#3 /var/www/html/vendor/laravel/framework/src/Illuminate/Encryption/EncryptionServiceProvider.php(32): Illuminate\\Encryption\\EncryptionServiceProvider->parseKey(Array)
#4 /var/www/html/vendor/laravel/framework/src/Illuminate/Container/Container.php(1010): Illuminate\\Encryption\\EncryptionServiceProvider->Illuminate\\Encryption\\{closure}(Object(Illuminate\\Foundation\\Application), Array)
#5 /var/www/html/vendor/laravel/framework/src/Illuminate/Container/Container.php(890): Illuminate\\Container\\Container->build(Object(Closure))
#6 /var/www/html/vendor/laravel/framework/src/Illuminate/Foundation/Application.php(1077): Illuminate\\Container\\Container->resolve('encrypter', Array, true)
#7 /var/www/html/vendor/laravel/framework/src/Illuminate/Container/Container.php(821): Illuminate\\Foundation\\Application->resolve('encrypter', Array)
#8 /var/www/html/vendor/laravel/framework/src/Illuminate/Foundation/Application.php(1057): Illuminate\\Container\\Container->make('encrypter', Array)
#9 /var/www/html/vendor/laravel/framework/src/Illuminate/Container/Container.php(1202): Illuminate\\Foundation\\Application->make('encrypter')
#10 /var/www/html/vendor/laravel/framework/src/Illuminate/Container/Container.php(1101): Illuminate\\Container\\Container->resolveClass(Object(ReflectionParameter))
#11 /var/www/html/vendor/laravel/framework/src/Illuminate/Container/Container.php(1052): Illuminate\\Container\\Container->resolveDependencies(Array)
#12 /var/www/html/vendor/laravel/framework/src/Illuminate/Container/Container.php(890): Illuminate\\Container\\Container->build('Illuminate\\\\Cook...')
#13 /var/www/html/vendor/laravel/framework/src/Illuminate/Foundation/Application.php(1077): Illuminate\\Container\\Container->resolve('Illuminate\\\\Cook...', Array, true)
#14 /var/www/html/vendor/laravel/framework/src/Illuminate/Container/Container.php(821): Illuminate\\Foundation\\Application->resolve('Illuminate\\\\Cook...', Array)
#15 /var/www/html/vendor/laravel/framework/src/Illuminate/Foundation/Application.php(1057): Illuminate\\Container\\Container->make('Illuminate\\\\Cook...', Array)
#16 /var/www/html/vendor/laravel/framework/src/Illuminate/Foundation/Http/Kernel.php(257): Illuminate\\Foundation\\Application->make('Illuminate\\\\Cook...')
#17 /var/www/html/vendor/laravel/framework/src/Illuminate/Foundation/Http/Kernel.php(215): Illuminate\\Foundation\\Http\\Kernel->terminateMiddleware(Object(Illuminate\\Http\\Request), Object(Illuminate\\Http\\Response))
#18 /var/www/html/vendor/laravel/framework/src/Illuminate/Foundation/Application.php(1221): Illuminate\\Foundation\\Http\\Kernel->terminate(Object(Illuminate\\Http\\Request), Object(Illuminate\\Http\\Response))
#19 /var/www/html/public/index.php(20): Illuminate\\Foundation\\Application->handleRequest(Object(Illuminate\\Http\\Request))
#20 {main}
"} 
[2025-05-10 00:34:22] production.ERROR: No application encryption key has been specified. {"exception":"[object] (Illuminate\\Encryption\\MissingAppKeyException(code: 0): No application encryption key has been specified. at /var/www/html/vendor/laravel/framework/src/Illuminate/Encryption/EncryptionServiceProvider.php:83)
[stacktrace]
#0 /var/www/html/vendor/laravel/framework/src/Illuminate/Support/helpers.php(399): Illuminate\\Encryption\\EncryptionServiceProvider->Illuminate\\Encryption\\{closure}(NULL)
#1 /var/www/html/vendor/laravel/framework/src/Illuminate/Encryption/EncryptionServiceProvider.php(81): tap(NULL, Object(Closure))
#2 /var/www/html/vendor/laravel/framework/src/Illuminate/Encryption/EncryptionServiceProvider.php(64): Illuminate\\Encryption\\EncryptionServiceProvider->key(Array)
#3 /var/www/html/vendor/laravel/framework/src/Illuminate/Encryption/EncryptionServiceProvider.php(32): Illuminate\\Encryption\\EncryptionServiceProvider->parseKey(Array)
#4 /var/www/html/vendor/laravel/framework/src/Illuminate/Container/Container.php(1010): Illuminate\\Encryption\\EncryptionServiceProvider->Illuminate\\Encryption\\{closure}(Object(Illuminate\\Foundation\\Application), Array)
#5 /var/www/html/vendor/laravel/framework/src/Illuminate/Container/Container.php(890): Illuminate\\Container\\Container->build(Object(Closure))
#6 /var/www/html/vendor/laravel/framework/src/Illuminate/Foundation/Application.php(1077): Illuminate\\Container\\Container->resolve('encrypter', Array, true)
#7 /var/www/html/vendor/laravel/framework/src/Illuminate/Container/Container.php(821): Illuminate\\Foundation\\Application->resolve('encrypter', Array)
#8 /var/www/html/vendor/laravel/framework/src/Illuminate/Foundation/Application.php(1057): Illuminate\\Container\\Container->make('encrypter', Array)
#9 /var/www/html/vendor/laravel/framework/src/Illuminate/Container/Container.php(1202): Illuminate\\Foundation\\Application->make('encrypter')
#10 /var/www/html/vendor/laravel/framework/src/Illuminate/Container/Container.php(1101): Illuminate\\Container\\Container->resolveClass(Object(ReflectionParameter))
#11 /var/www/html/vendor/laravel/framework/src/Illuminate/Container/Container.php(1052): Illuminate\\Container\\Container->resolveDependencies(Array)
#12 /var/www/html/vendor/laravel/framework/src/Illuminate/Container/Container.php(890): Illuminate\\Container\\Container->build('Illuminate\\\\Cook...')
#13 /var/www/html/vendor/laravel/framework/src/Illuminate/Foundation/Application.php(1077): Illuminate\\Container\\Container->resolve('Illuminate\\\\Cook...', Array, true)
#14 /var/www/html/vendor/laravel/framework/src/Illuminate/Container/Container.php(821): Illuminate\\Foundation\\Application->resolve('Illuminate\\\\Cook...', Array)
#15 /var/www/html/vendor/laravel/framework/src/Illuminate/Foundation/Application.php(1057): Illuminate\\Container\\Container->make('Illuminate\\\\Cook...', Array)
#16 /var/www/html/vendor/laravel/framework/src/Illuminate/Pipeline/Pipeline.php(197): Illuminate\\Foundation\\Application->make('Illuminate\\\\Cook...')
#17 /var/www/html/vendor/laravel/framework/src/Illuminate/Pipeline/Pipeline.php(126): Illuminate\\Pipeline\\Pipeline->Illuminate\\Pipeline\\{closure}(Object(Illuminate\\Http\\Request))
#18 /var/www/html/vendor/laravel/framework/src/Illuminate/Routing/Router.php(807): Illuminate\\Pipeline\\Pipeline->then(Object(Closure))
#19 /var/www/html/vendor/laravel/framework/src/Illuminate/Routing/Router.php(786): Illuminate\\Routing\\Router->runRouteWithinStack(Object(Illuminate\\Routing\\Route), Object(Illuminate\\Http\\Request))
#20 /var/www/html/vendor/laravel/framework/src/Illuminate/Routing/Router.php(750): Illuminate\\Routing\\Router->runRoute(Object(Illuminate\\Http\\Request), Object(Illuminate\\Routing\\Route))
#21 /var/www/html/vendor/laravel/framework/src/Illuminate/Routing/Router.php(739): Illuminate\\Routing\\Router->dispatchToRoute(Object(Illuminate\\Http\\Request))
#22 /var/www/html/vendor/laravel/framework/src/Illuminate/Foundation/Http/Kernel.php(200): Illuminate\\Routing\\Router->dispatch(Object(Illuminate\\Http\\Request))
#23 /var/www/html/vendor/laravel/framework/src/Illuminate/Pipeline/Pipeline.php(169): Illuminate\\Foundation\\Http\\Kernel->Illuminate\\Foundation\\Http\\{closure}(Object(Illuminate\\Http\\Request))
#24 /var/www/html/vendor/laravel/framework/src/Illuminate/Foundation/Http/Middleware/TransformsRequest.php(21): Illuminate\\Pipeline\\Pipeline->Illuminate\\Pipeline\\{closure}(Object(Illuminate\\Http\\Request))
#25 /var/www/html/vendor/laravel/framework/src/Illuminate/Foundation/Http/Middleware/ConvertEmptyStringsToNull.php(31): Illuminate\\Foundation\\Http\\Middleware\\TransformsRequest->handle(Object(Illuminate\\Http\\Request), Object(Closure))
#26 /var/www/html/vendor/laravel/framework/src/Illuminate/Pipeline/Pipeline.php(208): Illuminate\\Foundation\\Http\\Middleware\\ConvertEmptyStringsToNull->handle(Object(Illuminate\\Http\\Request), Object(Closure))
#27 /var/www/html/vendor/laravel/framework/src/Illuminate/Foundation/Http/Middleware/TransformsRequest.php(21): Illuminate\\Pipeline\\Pipeline->Illuminate\\Pipeline\\{closure}(Object(Illuminate\\Http\\Request))
#28 /var/www/html/vendor/laravel/framework/src/Illuminate/Foundation/Http/Middleware/TrimStrings.php(51): Illuminate\\Foundation\\Http\\Middleware\\TransformsRequest->handle(Object(Illuminate\\Http\\Request), Object(Closure))
#29 /var/www/html/vendor/laravel/framework/src/Illuminate/Pipeline/Pipeline.php(208): Illuminate\\Foundation\\Http\\Middleware\\TrimStrings->handle(Object(Illuminate\\Http\\Request), Object(Closure))
#30 /var/www/html/vendor/laravel/framework/src/Illuminate/Http/Middleware/ValidatePostSize.php(27): Illuminate\\Pipeline\\Pipeline->Illuminate\\Pipeline\\{closure}(Object(Illuminate\\Http\\Request))
#31 /var/www/html/vendor/laravel/framework/src/Illuminate/Pipeline/Pipeline.php(208): Illuminate\\Http\\Middleware\\ValidatePostSize->handle(Object(Illuminate\\Http\\Request), Object(Closure))
#32 /var/www/html/vendor/laravel/framework/src/Illuminate/Foundation/Http/Middleware/PreventRequestsDuringMaintenance.php(109): Illuminate\\Pipeline\\Pipeline->Illuminate\\Pipeline\\{closure}(Object(Illuminate\\Http\\Request))
#33 /var/www/html/vendor/laravel/framework/src/Illuminate/Pipeline/Pipeline.php(208): Illuminate\\Foundation\\Http\\Middleware\\PreventRequestsDuringMaintenance->handle(Object(Illuminate\\Http\\Request), Object(Closure))
#34 /var/www/html/vendor/laravel/framework/src/Illuminate/Http/Middleware/HandleCors.php(48): Illuminate\\Pipeline\\Pipeline->Illuminate\\Pipeline\\{closure}(Object(Illuminate\\Http\\Request))
#35 /var/www/html/vendor/laravel/framework/src/Illuminate/Pipeline/Pipeline.php(208): Illuminate\\Http\\Middleware\\HandleCors->handle(Object(Illuminate\\Http\\Request), Object(Closure))
#36 /var/www/html/vendor/laravel/framework/src/Illuminate/Http/Middleware/TrustProxies.php(58): Illuminate\\Pipeline\\Pipeline->Illuminate\\Pipeline\\{closure}(Object(Illuminate\\Http\\Request))
#37 /var/www/html/vendor/laravel/framework/src/Illuminate/Pipeline/Pipeline.php(208): Illuminate\\Http\\Middleware\\TrustProxies->handle(Object(Illuminate\\Http\\Request), Object(Closure))
#38 /var/www/html/vendor/laravel/framework/src/Illuminate/Foundation/Http/Middleware/InvokeDeferredCallbacks.php(22): Illuminate\\Pipeline\\Pipeline->Illuminate\\Pipeline\\{closure}(Object(Illuminate\\Http\\Request))
#39 /var/www/html/vendor/laravel/framework/src/Illuminate/Pipeline/Pipeline.php(208): Illuminate\\Foundation\\Http\\Middleware\\InvokeDeferredCallbacks->handle(Object(Illuminate\\Http\\Request), Object(Closure))
#40 /var/www/html/vendor/laravel/framework/src/Illuminate/Http/Middleware/ValidatePathEncoding.php(26): Illuminate\\Pipeline\\Pipeline->Illuminate\\Pipeline\\{closure}(Object(Illuminate\\Http\\Request))
#41 /var/www/html/vendor/laravel/framework/src/Illuminate/Pipeline/Pipeline.php(208): Illuminate\\Http\\Middleware\\ValidatePathEncoding->handle(Object(Illuminate\\Http\\Request), Object(Closure))
#42 /var/www/html/vendor/laravel/framework/src/Illuminate/Pipeline/Pipeline.php(126): Illuminate\\Pipeline\\Pipeline->Illuminate\\Pipeline\\{closure}(Object(Illuminate\\Http\\Request))
#43 /var/www/html/vendor/laravel/framework/src/Illuminate/Foundation/Http/Kernel.php(175): Illuminate\\Pipeline\\Pipeline->then(Object(Closure))
#44 /var/www/html/vendor/laravel/framework/src/Illuminate/Foundation/Http/Kernel.php(144): Illuminate\\Foundation\\Http\\Kernel->sendRequestThroughRouter(Object(Illuminate\\Http\\Request))
#45 /var/www/html/vendor/laravel/framework/src/Illuminate/Foundation/Application.php(1219): Illuminate\\Foundation\\Http\\Kernel->handle(Object(Illuminate\\Http\\Request))
#46 /var/www/html/public/index.php(20): Illuminate\\Foundation\\Application->handleRequest(Object(Illuminate\\Http\\Request))
#47 {main}
"} 
[2025-05-10 00:34:22] production.ERROR: No application encryption key has been specified. {"exception":"[object] (Illuminate\\Encryption\\MissingAppKeyException(code: 0): No application encryption key has been specified. at /var/www/html/vendor/laravel/framework/src/Illuminate/Encryption/EncryptionServiceProvider.php:83)
[stacktrace]
#0 /var/www/html/vendor/laravel/framework/src/Illuminate/Support/helpers.php(399): Illuminate\\Encryption\\EncryptionServiceProvider->Illuminate\\Encryption\\{closure}(NULL)
#1 /var/www/html/vendor/laravel/framework/src/Illuminate/Encryption/EncryptionServiceProvider.php(81): tap(NULL, Object(Closure))
#2 /var/www/html/vendor/laravel/framework/src/Illuminate/Encryption/EncryptionServiceProvider.php(64): Illuminate\\Encryption\\EncryptionServiceProvider->key(Array)
#3 /var/www/html/vendor/laravel/framework/src/Illuminate/Encryption/EncryptionServiceProvider.php(32): Illuminate\\Encryption\\EncryptionServiceProvider->parseKey(Array)
#4 /var/www/html/vendor/laravel/framework/src/Illuminate/Container/Container.php(1010): Illuminate\\Encryption\\EncryptionServiceProvider->Illuminate\\Encryption\\{closure}(Object(Illuminate\\Foundation\\Application), Array)
#5 /var/www/html/vendor/laravel/framework/src/Illuminate/Container/Container.php(890): Illuminate\\Container\\Container->build(Object(Closure))
#6 /var/www/html/vendor/laravel/framework/src/Illuminate/Foundation/Application.php(1077): Illuminate\\Container\\Container->resolve('encrypter', Array, true)
#7 /var/www/html/vendor/laravel/framework/src/Illuminate/Container/Container.php(821): Illuminate\\Foundation\\Application->resolve('encrypter', Array)
#8 /var/www/html/vendor/laravel/framework/src/Illuminate/Foundation/Application.php(1057): Illuminate\\Container\\Container->make('encrypter', Array)
#9 /var/www/html/vendor/laravel/framework/src/Illuminate/Container/Container.php(1202): Illuminate\\Foundation\\Application->make('encrypter')
#10 /var/www/html/vendor/laravel/framework/src/Illuminate/Container/Container.php(1101): Illuminate\\Container\\Container->resolveClass(Object(ReflectionParameter))
#11 /var/www/html/vendor/laravel/framework/src/Illuminate/Container/Container.php(1052): Illuminate\\Container\\Container->resolveDependencies(Array)
#12 /var/www/html/vendor/laravel/framework/src/Illuminate/Container/Container.php(890): Illuminate\\Container\\Container->build('Illuminate\\\\Cook...')
#13 /var/www/html/vendor/laravel/framework/src/Illuminate/Foundation/Application.php(1077): Illuminate\\Container\\Container->resolve('Illuminate\\\\Cook...', Array, true)
#14 /var/www/html/vendor/laravel/framework/src/Illuminate/Container/Container.php(821): Illuminate\\Foundation\\Application->resolve('Illuminate\\\\Cook...', Array)
#15 /var/www/html/vendor/laravel/framework/src/Illuminate/Foundation/Application.php(1057): Illuminate\\Container\\Container->make('Illuminate\\\\Cook...', Array)
#16 /var/www/html/vendor/laravel/framework/src/Illuminate/Foundation/Http/Kernel.php(257): Illuminate\\Foundation\\Application->make('Illuminate\\\\Cook...')
#17 /var/www/html/vendor/laravel/framework/src/Illuminate/Foundation/Http/Kernel.php(215): Illuminate\\Foundation\\Http\\Kernel->terminateMiddleware(Object(Illuminate\\Http\\Request), Object(Illuminate\\Http\\Response))
#18 /var/www/html/vendor/laravel/framework/src/Illuminate/Foundation/Application.php(1221): Illuminate\\Foundation\\Http\\Kernel->terminate(Object(Illuminate\\Http\\Request), Object(Illuminate\\Http\\Response))
#19 /var/www/html/public/index.php(20): Illuminate\\Foundation\\Application->handleRequest(Object(Illuminate\\Http\\Request))
#20 {main}
"} 
[2025-05-10 00:35:13] production.ERROR: SQLSTATE[23000]: Integrity constraint violation: 19 UNIQUE constraint failed: users.email (Connection: sqlite, SQL: insert into "users" ("name", "email", "email_verified_at", "password", "remember_token", "is_admin", "updated_at", "created_at") values (Admin User, admin@share.co.nz, 2025-05-10 00:35:13, $2y$12$0iZ1MyfowbqsvjQw67DInej4C.X8M6vZ6bvkyvrzRXWebAdh0HVqe, 4UlYJk4E07, 1, 2025-05-10 00:35:13, 2025-05-10 00:35:13)) {"exception":"[object] (Illuminate\\Database\\UniqueConstraintViolationException(code: 23000): SQLSTATE[23000]: Integrity constraint violation: 19 UNIQUE constraint failed: users.email (Connection: sqlite, SQL: insert into \"users\" (\"name\", \"email\", \"email_verified_at\", \"password\", \"remember_token\", \"is_admin\", \"updated_at\", \"created_at\") values (Admin User, admin@share.co.nz, 2025-05-10 00:35:13, $2y$12$0iZ1MyfowbqsvjQw67DInej4C.X8M6vZ6bvkyvrzRXWebAdh0HVqe, 4UlYJk4E07, 1, 2025-05-10 00:35:13, 2025-05-10 00:35:13)) at /var/www/html/vendor/laravel/framework/src/Illuminate/Database/Connection.php:817)
[stacktrace]
#0 /var/www/html/vendor/laravel/framework/src/Illuminate/Database/Connection.php(776): Illuminate\\Database\\Connection->runQueryCallback('insert into \"us...', Array, Object(Closure))
#1 /var/www/html/vendor/laravel/framework/src/Illuminate/Database/Connection.php(557): Illuminate\\Database\\Connection->run('insert into \"us...', Array, Object(Closure))
#2 /var/www/html/vendor/laravel/framework/src/Illuminate/Database/Connection.php(521): Illuminate\\Database\\Connection->statement('insert into \"us...', Array)
#3 /var/www/html/vendor/laravel/framework/src/Illuminate/Database/Query/Processors/Processor.php(32): Illuminate\\Database\\Connection->insert('insert into \"us...', Array)
#4 /var/www/html/vendor/laravel/framework/src/Illuminate/Database/Query/Builder.php(3779): Illuminate\\Database\\Query\\Processors\\Processor->processInsertGetId(Object(Illuminate\\Database\\Query\\Builder), 'insert into \"us...', Array, 'id')
#5 /var/www/html/vendor/laravel/framework/src/Illuminate/Database/Eloquent/Builder.php(2204): Illuminate\\Database\\Query\\Builder->insertGetId(Array, 'id')
#6 /var/www/html/vendor/laravel/framework/src/Illuminate/Database/Eloquent/Model.php(1408): Illuminate\\Database\\Eloquent\\Builder->__call('insertGetId', Array)
#7 /var/www/html/vendor/laravel/framework/src/Illuminate/Database/Eloquent/Model.php(1373): Illuminate\\Database\\Eloquent\\Model->insertAndSetId(Object(Illuminate\\Database\\Eloquent\\Builder), Array)
#8 /var/www/html/vendor/laravel/framework/src/Illuminate/Database/Eloquent/Model.php(1212): Illuminate\\Database\\Eloquent\\Model->performInsert(Object(Illuminate\\Database\\Eloquent\\Builder))
#9 /var/www/html/vendor/laravel/framework/src/Illuminate/Database/Eloquent/Factories/Factory.php(351): Illuminate\\Database\\Eloquent\\Model->save()
#10 /var/www/html/vendor/laravel/framework/src/Illuminate/Collections/Traits/EnumeratesValues.php(274): Illuminate\\Database\\Eloquent\\Factories\\Factory->Illuminate\\Database\\Eloquent\\Factories\\{closure}(Object(App\\Models\\User), 0)
#11 /var/www/html/vendor/laravel/framework/src/Illuminate/Database/Eloquent/Factories/Factory.php(346): Illuminate\\Support\\Collection->each(Object(Closure))
#12 /var/www/html/vendor/laravel/framework/src/Illuminate/Database/Eloquent/Factories/Factory.php(302): Illuminate\\Database\\Eloquent\\Factories\\Factory->store(Object(Illuminate\\Support\\Collection))
#13 /var/www/html/vendor/laravel/framework/src/Illuminate/Database/Eloquent/Factories/Factory.php(296): Illuminate\\Database\\Eloquent\\Factories\\Factory->create(Array, NULL)
#14 /var/www/html/database/seeders/UsersSeeder.php(16): Illuminate\\Database\\Eloquent\\Factories\\Factory->create(Array)
#15 /var/www/html/vendor/laravel/framework/src/Illuminate/Container/BoundMethod.php(36): Database\\Seeders\\UsersSeeder->run()
#16 /var/www/html/vendor/laravel/framework/src/Illuminate/Container/Util.php(43): Illuminate\\Container\\BoundMethod::Illuminate\\Container\\{closure}()
#17 /var/www/html/vendor/laravel/framework/src/Illuminate/Container/BoundMethod.php(96): Illuminate\\Container\\Util::unwrapIfClosure(Object(Closure))
#18 /var/www/html/vendor/laravel/framework/src/Illuminate/Container/BoundMethod.php(35): Illuminate\\Container\\BoundMethod::callBoundMethod(Object(Illuminate\\Foundation\\Application), Array, Object(Closure))
#19 /var/www/html/vendor/laravel/framework/src/Illuminate/Container/Container.php(754): Illuminate\\Container\\BoundMethod::call(Object(Illuminate\\Foundation\\Application), Array, Array, NULL)
#20 /var/www/html/vendor/laravel/framework/src/Illuminate/Database/Seeder.php(188): Illuminate\\Container\\Container->call(Array, Array)
#21 /var/www/html/vendor/laravel/framework/src/Illuminate/Database/Seeder.php(197): Illuminate\\Database\\Seeder->Illuminate\\Database\\{closure}()
#22 /var/www/html/vendor/laravel/framework/src/Illuminate/Database/Seeder.php(61): Illuminate\\Database\\Seeder->__invoke(Array)
#23 /var/www/html/database/seeders/DatabaseSeeder.php(24): Illuminate\\Database\\Seeder->call('Database\\\\Seeder...')
#24 /var/www/html/vendor/laravel/framework/src/Illuminate/Container/BoundMethod.php(36): Database\\Seeders\\DatabaseSeeder->run()
#25 /var/www/html/vendor/laravel/framework/src/Illuminate/Container/Util.php(43): Illuminate\\Container\\BoundMethod::Illuminate\\Container\\{closure}()
#26 /var/www/html/vendor/laravel/framework/src/Illuminate/Container/BoundMethod.php(96): Illuminate\\Container\\Util::unwrapIfClosure(Object(Closure))
#27 /var/www/html/vendor/laravel/framework/src/Illuminate/Container/BoundMethod.php(35): Illuminate\\Container\\BoundMethod::callBoundMethod(Object(Illuminate\\Foundation\\Application), Array, Object(Closure))
#28 /var/www/html/vendor/laravel/framework/src/Illuminate/Container/Container.php(754): Illuminate\\Container\\BoundMethod::call(Object(Illuminate\\Foundation\\Application), Array, Array, NULL)
#29 /var/www/html/vendor/laravel/framework/src/Illuminate/Database/Seeder.php(188): Illuminate\\Container\\Container->call(Array, Array)
#30 /var/www/html/vendor/laravel/framework/src/Illuminate/Database/Seeder.php(197): Illuminate\\Database\\Seeder->Illuminate\\Database\\{closure}()
#31 /var/www/html/vendor/laravel/framework/src/Illuminate/Database/Console/Seeds/SeedCommand.php(71): Illuminate\\Database\\Seeder->__invoke()
#32 /var/www/html/vendor/laravel/framework/src/Illuminate/Database/Eloquent/Concerns/GuardsAttributes.php(155): Illuminate\\Database\\Console\\Seeds\\SeedCommand->Illuminate\\Database\\Console\\Seeds\\{closure}()
#33 /var/www/html/vendor/laravel/framework/src/Illuminate/Database/Console/Seeds/SeedCommand.php(70): Illuminate\\Database\\Eloquent\\Model::unguarded(Object(Closure))
#34 /var/www/html/vendor/laravel/framework/src/Illuminate/Container/BoundMethod.php(36): Illuminate\\Database\\Console\\Seeds\\SeedCommand->handle()
#35 /var/www/html/vendor/laravel/framework/src/Illuminate/Container/Util.php(43): Illuminate\\Container\\BoundMethod::Illuminate\\Container\\{closure}()
#36 /var/www/html/vendor/laravel/framework/src/Illuminate/Container/BoundMethod.php(96): Illuminate\\Container\\Util::unwrapIfClosure(Object(Closure))
#37 /var/www/html/vendor/laravel/framework/src/Illuminate/Container/BoundMethod.php(35): Illuminate\\Container\\BoundMethod::callBoundMethod(Object(Illuminate\\Foundation\\Application), Array, Object(Closure))
#38 /var/www/html/vendor/laravel/framework/src/Illuminate/Container/Container.php(754): Illuminate\\Container\\BoundMethod::call(Object(Illuminate\\Foundation\\Application), Array, Array, NULL)
#39 /var/www/html/vendor/laravel/framework/src/Illuminate/Console/Command.php(211): Illuminate\\Container\\Container->call(Array)
#40 /var/www/html/vendor/symfony/console/Command/Command.php(279): Illuminate\\Console\\Command->execute(Object(Symfony\\Component\\Console\\Input\\ArgvInput), Object(Illuminate\\Console\\OutputStyle))
#41 /var/www/html/vendor/laravel/framework/src/Illuminate/Console/Command.php(180): Symfony\\Component\\Console\\Command\\Command->run(Object(Symfony\\Component\\Console\\Input\\ArgvInput), Object(Illuminate\\Console\\OutputStyle))
#42 /var/www/html/vendor/symfony/console/Application.php(1094): Illuminate\\Console\\Command->run(Object(Symfony\\Component\\Console\\Input\\ArgvInput), Object(Symfony\\Component\\Console\\Output\\ConsoleOutput))
#43 /var/www/html/vendor/symfony/console/Application.php(342): Symfony\\Component\\Console\\Application->doRunCommand(Object(Illuminate\\Database\\Console\\Seeds\\SeedCommand), Object(Symfony\\Component\\Console\\Input\\ArgvInput), Object(Symfony\\Component\\Console\\Output\\ConsoleOutput))
#44 /var/www/html/vendor/symfony/console/Application.php(193): Symfony\\Component\\Console\\Application->doRun(Object(Symfony\\Component\\Console\\Input\\ArgvInput), Object(Symfony\\Component\\Console\\Output\\ConsoleOutput))
#45 /var/www/html/vendor/laravel/framework/src/Illuminate/Foundation/Console/Kernel.php(197): Symfony\\Component\\Console\\Application->run(Object(Symfony\\Component\\Console\\Input\\ArgvInput), Object(Symfony\\Component\\Console\\Output\\ConsoleOutput))
#46 /var/www/html/vendor/laravel/framework/src/Illuminate/Foundation/Application.php(1234): Illuminate\\Foundation\\Console\\Kernel->handle(Object(Symfony\\Component\\Console\\Input\\ArgvInput), Object(Symfony\\Component\\Console\\Output\\ConsoleOutput))
#47 /var/www/html/artisan(16): Illuminate\\Foundation\\Application->handleCommand(Object(Symfony\\Component\\Console\\Input\\ArgvInput))
#48 {main}

[previous exception] [object] (PDOException(code: 23000): SQLSTATE[23000]: Integrity constraint violation: 19 UNIQUE constraint failed: users.email at /var/www/html/vendor/laravel/framework/src/Illuminate/Database/Connection.php:568)
[stacktrace]
#0 /var/www/html/vendor/laravel/framework/src/Illuminate/Database/Connection.php(568): PDOStatement->execute()
#1 /var/www/html/vendor/laravel/framework/src/Illuminate/Database/Connection.php(809): Illuminate\\Database\\Connection->Illuminate\\Database\\{closure}('insert into \"us...', Array)
#2 /var/www/html/vendor/laravel/framework/src/Illuminate/Database/Connection.php(776): Illuminate\\Database\\Connection->runQueryCallback('insert into \"us...', Array, Object(Closure))
#3 /var/www/html/vendor/laravel/framework/src/Illuminate/Database/Connection.php(557): Illuminate\\Database\\Connection->run('insert into \"us...', Array, Object(Closure))
#4 /var/www/html/vendor/laravel/framework/src/Illuminate/Database/Connection.php(521): Illuminate\\Database\\Connection->statement('insert into \"us...', Array)
#5 /var/www/html/vendor/laravel/framework/src/Illuminate/Database/Query/Processors/Processor.php(32): Illuminate\\Database\\Connection->insert('insert into \"us...', Array)
#6 /var/www/html/vendor/laravel/framework/src/Illuminate/Database/Query/Builder.php(3779): Illuminate\\Database\\Query\\Processors\\Processor->processInsertGetId(Object(Illuminate\\Database\\Query\\Builder), 'insert into \"us...', Array, 'id')
#7 /var/www/html/vendor/laravel/framework/src/Illuminate/Database/Eloquent/Builder.php(2204): Illuminate\\Database\\Query\\Builder->insertGetId(Array, 'id')
#8 /var/www/html/vendor/laravel/framework/src/Illuminate/Database/Eloquent/Model.php(1408): Illuminate\\Database\\Eloquent\\Builder->__call('insertGetId', Array)
#9 /var/www/html/vendor/laravel/framework/src/Illuminate/Database/Eloquent/Model.php(1373): Illuminate\\Database\\Eloquent\\Model->insertAndSetId(Object(Illuminate\\Database\\Eloquent\\Builder), Array)
#10 /var/www/html/vendor/laravel/framework/src/Illuminate/Database/Eloquent/Model.php(1212): Illuminate\\Database\\Eloquent\\Model->performInsert(Object(Illuminate\\Database\\Eloquent\\Builder))
#11 /var/www/html/vendor/laravel/framework/src/Illuminate/Database/Eloquent/Factories/Factory.php(351): Illuminate\\Database\\Eloquent\\Model->save()
#12 /var/www/html/vendor/laravel/framework/src/Illuminate/Collections/Traits/EnumeratesValues.php(274): Illuminate\\Database\\Eloquent\\Factories\\Factory->Illuminate\\Database\\Eloquent\\Factories\\{closure}(Object(App\\Models\\User), 0)
#13 /var/www/html/vendor/laravel/framework/src/Illuminate/Database/Eloquent/Factories/Factory.php(346): Illuminate\\Support\\Collection->each(Object(Closure))
#14 /var/www/html/vendor/laravel/framework/src/Illuminate/Database/Eloquent/Factories/Factory.php(302): Illuminate\\Database\\Eloquent\\Factories\\Factory->store(Object(Illuminate\\Support\\Collection))
#15 /var/www/html/vendor/laravel/framework/src/Illuminate/Database/Eloquent/Factories/Factory.php(296): Illuminate\\Database\\Eloquent\\Factories\\Factory->create(Array, NULL)
#16 /var/www/html/database/seeders/UsersSeeder.php(16): Illuminate\\Database\\Eloquent\\Factories\\Factory->create(Array)
#17 /var/www/html/vendor/laravel/framework/src/Illuminate/Container/BoundMethod.php(36): Database\\Seeders\\UsersSeeder->run()
#18 /var/www/html/vendor/laravel/framework/src/Illuminate/Container/Util.php(43): Illuminate\\Container\\BoundMethod::Illuminate\\Container\\{closure}()
#19 /var/www/html/vendor/laravel/framework/src/Illuminate/Container/BoundMethod.php(96): Illuminate\\Container\\Util::unwrapIfClosure(Object(Closure))
#20 /var/www/html/vendor/laravel/framework/src/Illuminate/Container/BoundMethod.php(35): Illuminate\\Container\\BoundMethod::callBoundMethod(Object(Illuminate\\Foundation\\Application), Array, Object(Closure))
#21 /var/www/html/vendor/laravel/framework/src/Illuminate/Container/Container.php(754): Illuminate\\Container\\BoundMethod::call(Object(Illuminate\\Foundation\\Application), Array, Array, NULL)
#22 /var/www/html/vendor/laravel/framework/src/Illuminate/Database/Seeder.php(188): Illuminate\\Container\\Container->call(Array, Array)
#23 /var/www/html/vendor/laravel/framework/src/Illuminate/Database/Seeder.php(197): Illuminate\\Database\\Seeder->Illuminate\\Database\\{closure}()
#24 /var/www/html/vendor/laravel/framework/src/Illuminate/Database/Seeder.php(61): Illuminate\\Database\\Seeder->__invoke(Array)
#25 /var/www/html/database/seeders/DatabaseSeeder.php(24): Illuminate\\Database\\Seeder->call('Database\\\\Seeder...')
#26 /var/www/html/vendor/laravel/framework/src/Illuminate/Container/BoundMethod.php(36): Database\\Seeders\\DatabaseSeeder->run()
#27 /var/www/html/vendor/laravel/framework/src/Illuminate/Container/Util.php(43): Illuminate\\Container\\BoundMethod::Illuminate\\Container\\{closure}()
#28 /var/www/html/vendor/laravel/framework/src/Illuminate/Container/BoundMethod.php(96): Illuminate\\Container\\Util::unwrapIfClosure(Object(Closure))
#29 /var/www/html/vendor/laravel/framework/src/Illuminate/Container/BoundMethod.php(35): Illuminate\\Container\\BoundMethod::callBoundMethod(Object(Illuminate\\Foundation\\Application), Array, Object(Closure))
#30 /var/www/html/vendor/laravel/framework/src/Illuminate/Container/Container.php(754): Illuminate\\Container\\BoundMethod::call(Object(Illuminate\\Foundation\\Application), Array, Array, NULL)
#31 /var/www/html/vendor/laravel/framework/src/Illuminate/Database/Seeder.php(188): Illuminate\\Container\\Container->call(Array, Array)
#32 /var/www/html/vendor/laravel/framework/src/Illuminate/Database/Seeder.php(197): Illuminate\\Database\\Seeder->Illuminate\\Database\\{closure}()
#33 /var/www/html/vendor/laravel/framework/src/Illuminate/Database/Console/Seeds/SeedCommand.php(71): Illuminate\\Database\\Seeder->__invoke()
#34 /var/www/html/vendor/laravel/framework/src/Illuminate/Database/Eloquent/Concerns/GuardsAttributes.php(155): Illuminate\\Database\\Console\\Seeds\\SeedCommand->Illuminate\\Database\\Console\\Seeds\\{closure}()
#35 /var/www/html/vendor/laravel/framework/src/Illuminate/Database/Console/Seeds/SeedCommand.php(70): Illuminate\\Database\\Eloquent\\Model::unguarded(Object(Closure))
#36 /var/www/html/vendor/laravel/framework/src/Illuminate/Container/BoundMethod.php(36): Illuminate\\Database\\Console\\Seeds\\SeedCommand->handle()
#37 /var/www/html/vendor/laravel/framework/src/Illuminate/Container/Util.php(43): Illuminate\\Container\\BoundMethod::Illuminate\\Container\\{closure}()
#38 /var/www/html/vendor/laravel/framework/src/Illuminate/Container/BoundMethod.php(96): Illuminate\\Container\\Util::unwrapIfClosure(Object(Closure))
#39 /var/www/html/vendor/laravel/framework/src/Illuminate/Container/BoundMethod.php(35): Illuminate\\Container\\BoundMethod::callBoundMethod(Object(Illuminate\\Foundation\\Application), Array, Object(Closure))
#40 /var/www/html/vendor/laravel/framework/src/Illuminate/Container/Container.php(754): Illuminate\\Container\\BoundMethod::call(Object(Illuminate\\Foundation\\Application), Array, Array, NULL)
#41 /var/www/html/vendor/laravel/framework/src/Illuminate/Console/Command.php(211): Illuminate\\Container\\Container->call(Array)
#42 /var/www/html/vendor/symfony/console/Command/Command.php(279): Illuminate\\Console\\Command->execute(Object(Symfony\\Component\\Console\\Input\\ArgvInput), Object(Illuminate\\Console\\OutputStyle))
#43 /var/www/html/vendor/laravel/framework/src/Illuminate/Console/Command.php(180): Symfony\\Component\\Console\\Command\\Command->run(Object(Symfony\\Component\\Console\\Input\\ArgvInput), Object(Illuminate\\Console\\OutputStyle))
#44 /var/www/html/vendor/symfony/console/Application.php(1094): Illuminate\\Console\\Command->run(Object(Symfony\\Component\\Console\\Input\\ArgvInput), Object(Symfony\\Component\\Console\\Output\\ConsoleOutput))
#45 /var/www/html/vendor/symfony/console/Application.php(342): Symfony\\Component\\Console\\Application->doRunCommand(Object(Illuminate\\Database\\Console\\Seeds\\SeedCommand), Object(Symfony\\Component\\Console\\Input\\ArgvInput), Object(Symfony\\Component\\Console\\Output\\ConsoleOutput))
#46 /var/www/html/vendor/symfony/console/Application.php(193): Symfony\\Component\\Console\\Application->doRun(Object(Symfony\\Component\\Console\\Input\\ArgvInput), Object(Symfony\\Component\\Console\\Output\\ConsoleOutput))
#47 /var/www/html/vendor/laravel/framework/src/Illuminate/Foundation/Console/Kernel.php(197): Symfony\\Component\\Console\\Application->run(Object(Symfony\\Component\\Console\\Input\\ArgvInput), Object(Symfony\\Component\\Console\\Output\\ConsoleOutput))
#48 /var/www/html/vendor/laravel/framework/src/Illuminate/Foundation/Application.php(1234): Illuminate\\Foundation\\Console\\Kernel->handle(Object(Symfony\\Component\\Console\\Input\\ArgvInput), Object(Symfony\\Component\\Console\\Output\\ConsoleOutput))
#49 /var/www/html/artisan(16): Illuminate\\Foundation\\Application->handleCommand(Object(Symfony\\Component\\Console\\Input\\ArgvInput))
#50 {main}
"} 
[2025-05-10 00:36:42] production.ERROR: No application encryption key has been specified. {"exception":"[object] (Illuminate\\Encryption\\MissingAppKeyException(code: 0): No application encryption key has been specified. at /var/www/html/vendor/laravel/framework/src/Illuminate/Encryption/EncryptionServiceProvider.php:83)
[stacktrace]
#0 /var/www/html/vendor/laravel/framework/src/Illuminate/Support/helpers.php(399): Illuminate\\Encryption\\EncryptionServiceProvider->Illuminate\\Encryption\\{closure}(NULL)
#1 /var/www/html/vendor/laravel/framework/src/Illuminate/Encryption/EncryptionServiceProvider.php(81): tap(NULL, Object(Closure))
#2 /var/www/html/vendor/laravel/framework/src/Illuminate/Encryption/EncryptionServiceProvider.php(64): Illuminate\\Encryption\\EncryptionServiceProvider->key(Array)
#3 /var/www/html/vendor/laravel/framework/src/Illuminate/Encryption/EncryptionServiceProvider.php(32): Illuminate\\Encryption\\EncryptionServiceProvider->parseKey(Array)
#4 /var/www/html/vendor/laravel/framework/src/Illuminate/Container/Container.php(1010): Illuminate\\Encryption\\EncryptionServiceProvider->Illuminate\\Encryption\\{closure}(Object(Illuminate\\Foundation\\Application), Array)
#5 /var/www/html/vendor/laravel/framework/src/Illuminate/Container/Container.php(890): Illuminate\\Container\\Container->build(Object(Closure))
#6 /var/www/html/vendor/laravel/framework/src/Illuminate/Foundation/Application.php(1077): Illuminate\\Container\\Container->resolve('encrypter', Array, true)
#7 /var/www/html/vendor/laravel/framework/src/Illuminate/Container/Container.php(821): Illuminate\\Foundation\\Application->resolve('encrypter', Array)
#8 /var/www/html/vendor/laravel/framework/src/Illuminate/Foundation/Application.php(1057): Illuminate\\Container\\Container->make('encrypter', Array)
#9 /var/www/html/vendor/laravel/framework/src/Illuminate/Container/Container.php(1202): Illuminate\\Foundation\\Application->make('encrypter')
#10 /var/www/html/vendor/laravel/framework/src/Illuminate/Container/Container.php(1101): Illuminate\\Container\\Container->resolveClass(Object(ReflectionParameter))
#11 /var/www/html/vendor/laravel/framework/src/Illuminate/Container/Container.php(1052): Illuminate\\Container\\Container->resolveDependencies(Array)
#12 /var/www/html/vendor/laravel/framework/src/Illuminate/Container/Container.php(890): Illuminate\\Container\\Container->build('Illuminate\\\\Cook...')
#13 /var/www/html/vendor/laravel/framework/src/Illuminate/Foundation/Application.php(1077): Illuminate\\Container\\Container->resolve('Illuminate\\\\Cook...', Array, true)
#14 /var/www/html/vendor/laravel/framework/src/Illuminate/Container/Container.php(821): Illuminate\\Foundation\\Application->resolve('Illuminate\\\\Cook...', Array)
#15 /var/www/html/vendor/laravel/framework/src/Illuminate/Foundation/Application.php(1057): Illuminate\\Container\\Container->make('Illuminate\\\\Cook...', Array)
#16 /var/www/html/vendor/laravel/framework/src/Illuminate/Pipeline/Pipeline.php(197): Illuminate\\Foundation\\Application->make('Illuminate\\\\Cook...')
#17 /var/www/html/vendor/laravel/framework/src/Illuminate/Pipeline/Pipeline.php(126): Illuminate\\Pipeline\\Pipeline->Illuminate\\Pipeline\\{closure}(Object(Illuminate\\Http\\Request))
#18 /var/www/html/vendor/laravel/framework/src/Illuminate/Routing/Router.php(807): Illuminate\\Pipeline\\Pipeline->then(Object(Closure))
#19 /var/www/html/vendor/laravel/framework/src/Illuminate/Routing/Router.php(786): Illuminate\\Routing\\Router->runRouteWithinStack(Object(Illuminate\\Routing\\Route), Object(Illuminate\\Http\\Request))
#20 /var/www/html/vendor/laravel/framework/src/Illuminate/Routing/Router.php(750): Illuminate\\Routing\\Router->runRoute(Object(Illuminate\\Http\\Request), Object(Illuminate\\Routing\\Route))
#21 /var/www/html/vendor/laravel/framework/src/Illuminate/Routing/Router.php(739): Illuminate\\Routing\\Router->dispatchToRoute(Object(Illuminate\\Http\\Request))
#22 /var/www/html/vendor/laravel/framework/src/Illuminate/Foundation/Http/Kernel.php(200): Illuminate\\Routing\\Router->dispatch(Object(Illuminate\\Http\\Request))
#23 /var/www/html/vendor/laravel/framework/src/Illuminate/Pipeline/Pipeline.php(169): Illuminate\\Foundation\\Http\\Kernel->Illuminate\\Foundation\\Http\\{closure}(Object(Illuminate\\Http\\Request))
#24 /var/www/html/vendor/laravel/framework/src/Illuminate/Foundation/Http/Middleware/TransformsRequest.php(21): Illuminate\\Pipeline\\Pipeline->Illuminate\\Pipeline\\{closure}(Object(Illuminate\\Http\\Request))
#25 /var/www/html/vendor/laravel/framework/src/Illuminate/Foundation/Http/Middleware/ConvertEmptyStringsToNull.php(31): Illuminate\\Foundation\\Http\\Middleware\\TransformsRequest->handle(Object(Illuminate\\Http\\Request), Object(Closure))
#26 /var/www/html/vendor/laravel/framework/src/Illuminate/Pipeline/Pipeline.php(208): Illuminate\\Foundation\\Http\\Middleware\\ConvertEmptyStringsToNull->handle(Object(Illuminate\\Http\\Request), Object(Closure))
#27 /var/www/html/vendor/laravel/framework/src/Illuminate/Foundation/Http/Middleware/TransformsRequest.php(21): Illuminate\\Pipeline\\Pipeline->Illuminate\\Pipeline\\{closure}(Object(Illuminate\\Http\\Request))
#28 /var/www/html/vendor/laravel/framework/src/Illuminate/Foundation/Http/Middleware/TrimStrings.php(51): Illuminate\\Foundation\\Http\\Middleware\\TransformsRequest->handle(Object(Illuminate\\Http\\Request), Object(Closure))
#29 /var/www/html/vendor/laravel/framework/src/Illuminate/Pipeline/Pipeline.php(208): Illuminate\\Foundation\\Http\\Middleware\\TrimStrings->handle(Object(Illuminate\\Http\\Request), Object(Closure))
#30 /var/www/html/vendor/laravel/framework/src/Illuminate/Http/Middleware/ValidatePostSize.php(27): Illuminate\\Pipeline\\Pipeline->Illuminate\\Pipeline\\{closure}(Object(Illuminate\\Http\\Request))
#31 /var/www/html/vendor/laravel/framework/src/Illuminate/Pipeline/Pipeline.php(208): Illuminate\\Http\\Middleware\\ValidatePostSize->handle(Object(Illuminate\\Http\\Request), Object(Closure))
#32 /var/www/html/vendor/laravel/framework/src/Illuminate/Foundation/Http/Middleware/PreventRequestsDuringMaintenance.php(109): Illuminate\\Pipeline\\Pipeline->Illuminate\\Pipeline\\{closure}(Object(Illuminate\\Http\\Request))
#33 /var/www/html/vendor/laravel/framework/src/Illuminate/Pipeline/Pipeline.php(208): Illuminate\\Foundation\\Http\\Middleware\\PreventRequestsDuringMaintenance->handle(Object(Illuminate\\Http\\Request), Object(Closure))
#34 /var/www/html/vendor/laravel/framework/src/Illuminate/Http/Middleware/HandleCors.php(48): Illuminate\\Pipeline\\Pipeline->Illuminate\\Pipeline\\{closure}(Object(Illuminate\\Http\\Request))
#35 /var/www/html/vendor/laravel/framework/src/Illuminate/Pipeline/Pipeline.php(208): Illuminate\\Http\\Middleware\\HandleCors->handle(Object(Illuminate\\Http\\Request), Object(Closure))
#36 /var/www/html/vendor/laravel/framework/src/Illuminate/Http/Middleware/TrustProxies.php(58): Illuminate\\Pipeline\\Pipeline->Illuminate\\Pipeline\\{closure}(Object(Illuminate\\Http\\Request))
#37 /var/www/html/vendor/laravel/framework/src/Illuminate/Pipeline/Pipeline.php(208): Illuminate\\Http\\Middleware\\TrustProxies->handle(Object(Illuminate\\Http\\Request), Object(Closure))
#38 /var/www/html/vendor/laravel/framework/src/Illuminate/Foundation/Http/Middleware/InvokeDeferredCallbacks.php(22): Illuminate\\Pipeline\\Pipeline->Illuminate\\Pipeline\\{closure}(Object(Illuminate\\Http\\Request))
#39 /var/www/html/vendor/laravel/framework/src/Illuminate/Pipeline/Pipeline.php(208): Illuminate\\Foundation\\Http\\Middleware\\InvokeDeferredCallbacks->handle(Object(Illuminate\\Http\\Request), Object(Closure))
#40 /var/www/html/vendor/laravel/framework/src/Illuminate/Http/Middleware/ValidatePathEncoding.php(26): Illuminate\\Pipeline\\Pipeline->Illuminate\\Pipeline\\{closure}(Object(Illuminate\\Http\\Request))
#41 /var/www/html/vendor/laravel/framework/src/Illuminate/Pipeline/Pipeline.php(208): Illuminate\\Http\\Middleware\\ValidatePathEncoding->handle(Object(Illuminate\\Http\\Request), Object(Closure))
#42 /var/www/html/vendor/laravel/framework/src/Illuminate/Pipeline/Pipeline.php(126): Illuminate\\Pipeline\\Pipeline->Illuminate\\Pipeline\\{closure}(Object(Illuminate\\Http\\Request))
#43 /var/www/html/vendor/laravel/framework/src/Illuminate/Foundation/Http/Kernel.php(175): Illuminate\\Pipeline\\Pipeline->then(Object(Closure))
#44 /var/www/html/vendor/laravel/framework/src/Illuminate/Foundation/Http/Kernel.php(144): Illuminate\\Foundation\\Http\\Kernel->sendRequestThroughRouter(Object(Illuminate\\Http\\Request))
#45 /var/www/html/vendor/laravel/framework/src/Illuminate/Foundation/Application.php(1219): Illuminate\\Foundation\\Http\\Kernel->handle(Object(Illuminate\\Http\\Request))
#46 /var/www/html/public/index.php(20): Illuminate\\Foundation\\Application->handleRequest(Object(Illuminate\\Http\\Request))
#47 {main}
"} 
[2025-05-10 00:36:42] production.ERROR: No application encryption key has been specified. {"exception":"[object] (Illuminate\\Encryption\\MissingAppKeyException(code: 0): No application encryption key has been specified. at /var/www/html/vendor/laravel/framework/src/Illuminate/Encryption/EncryptionServiceProvider.php:83)
[stacktrace]
#0 /var/www/html/vendor/laravel/framework/src/Illuminate/Support/helpers.php(399): Illuminate\\Encryption\\EncryptionServiceProvider->Illuminate\\Encryption\\{closure}(NULL)
#1 /var/www/html/vendor/laravel/framework/src/Illuminate/Encryption/EncryptionServiceProvider.php(81): tap(NULL, Object(Closure))
#2 /var/www/html/vendor/laravel/framework/src/Illuminate/Encryption/EncryptionServiceProvider.php(64): Illuminate\\Encryption\\EncryptionServiceProvider->key(Array)
#3 /var/www/html/vendor/laravel/framework/src/Illuminate/Encryption/EncryptionServiceProvider.php(32): Illuminate\\Encryption\\EncryptionServiceProvider->parseKey(Array)
#4 /var/www/html/vendor/laravel/framework/src/Illuminate/Container/Container.php(1010): Illuminate\\Encryption\\EncryptionServiceProvider->Illuminate\\Encryption\\{closure}(Object(Illuminate\\Foundation\\Application), Array)
#5 /var/www/html/vendor/laravel/framework/src/Illuminate/Container/Container.php(890): Illuminate\\Container\\Container->build(Object(Closure))
#6 /var/www/html/vendor/laravel/framework/src/Illuminate/Foundation/Application.php(1077): Illuminate\\Container\\Container->resolve('encrypter', Array, true)
#7 /var/www/html/vendor/laravel/framework/src/Illuminate/Container/Container.php(821): Illuminate\\Foundation\\Application->resolve('encrypter', Array)
#8 /var/www/html/vendor/laravel/framework/src/Illuminate/Foundation/Application.php(1057): Illuminate\\Container\\Container->make('encrypter', Array)
#9 /var/www/html/vendor/laravel/framework/src/Illuminate/Container/Container.php(1202): Illuminate\\Foundation\\Application->make('encrypter')
#10 /var/www/html/vendor/laravel/framework/src/Illuminate/Container/Container.php(1101): Illuminate\\Container\\Container->resolveClass(Object(ReflectionParameter))
#11 /var/www/html/vendor/laravel/framework/src/Illuminate/Container/Container.php(1052): Illuminate\\Container\\Container->resolveDependencies(Array)
#12 /var/www/html/vendor/laravel/framework/src/Illuminate/Container/Container.php(890): Illuminate\\Container\\Container->build('Illuminate\\\\Cook...')
#13 /var/www/html/vendor/laravel/framework/src/Illuminate/Foundation/Application.php(1077): Illuminate\\Container\\Container->resolve('Illuminate\\\\Cook...', Array, true)
#14 /var/www/html/vendor/laravel/framework/src/Illuminate/Container/Container.php(821): Illuminate\\Foundation\\Application->resolve('Illuminate\\\\Cook...', Array)
#15 /var/www/html/vendor/laravel/framework/src/Illuminate/Foundation/Application.php(1057): Illuminate\\Container\\Container->make('Illuminate\\\\Cook...', Array)
#16 /var/www/html/vendor/laravel/framework/src/Illuminate/Foundation/Http/Kernel.php(257): Illuminate\\Foundation\\Application->make('Illuminate\\\\Cook...')
#17 /var/www/html/vendor/laravel/framework/src/Illuminate/Foundation/Http/Kernel.php(215): Illuminate\\Foundation\\Http\\Kernel->terminateMiddleware(Object(Illuminate\\Http\\Request), Object(Illuminate\\Http\\Response))
#18 /var/www/html/vendor/laravel/framework/src/Illuminate/Foundation/Application.php(1221): Illuminate\\Foundation\\Http\\Kernel->terminate(Object(Illuminate\\Http\\Request), Object(Illuminate\\Http\\Response))
#19 /var/www/html/public/index.php(20): Illuminate\\Foundation\\Application->handleRequest(Object(Illuminate\\Http\\Request))
#20 {main}
"} 
[2025-05-10 01:48:40] production.ERROR: No application encryption key has been specified. {"exception":"[object] (Illuminate\\Encryption\\MissingAppKeyException(code: 0): No application encryption key has been specified. at /var/www/html/vendor/laravel/framework/src/Illuminate/Encryption/EncryptionServiceProvider.php:83)
[stacktrace]
#0 /var/www/html/vendor/laravel/framework/src/Illuminate/Support/helpers.php(399): Illuminate\\Encryption\\EncryptionServiceProvider->Illuminate\\Encryption\\{closure}(NULL)
#1 /var/www/html/vendor/laravel/framework/src/Illuminate/Encryption/EncryptionServiceProvider.php(81): tap(NULL, Object(Closure))
#2 /var/www/html/vendor/laravel/framework/src/Illuminate/Encryption/EncryptionServiceProvider.php(64): Illuminate\\Encryption\\EncryptionServiceProvider->key(Array)
#3 /var/www/html/vendor/laravel/framework/src/Illuminate/Encryption/EncryptionServiceProvider.php(32): Illuminate\\Encryption\\EncryptionServiceProvider->parseKey(Array)
#4 /var/www/html/vendor/laravel/framework/src/Illuminate/Container/Container.php(1010): Illuminate\\Encryption\\EncryptionServiceProvider->Illuminate\\Encryption\\{closure}(Object(Illuminate\\Foundation\\Application), Array)
#5 /var/www/html/vendor/laravel/framework/src/Illuminate/Container/Container.php(890): Illuminate\\Container\\Container->build(Object(Closure))
#6 /var/www/html/vendor/laravel/framework/src/Illuminate/Foundation/Application.php(1077): Illuminate\\Container\\Container->resolve('encrypter', Array, true)
#7 /var/www/html/vendor/laravel/framework/src/Illuminate/Container/Container.php(821): Illuminate\\Foundation\\Application->resolve('encrypter', Array)
#8 /var/www/html/vendor/laravel/framework/src/Illuminate/Foundation/Application.php(1057): Illuminate\\Container\\Container->make('encrypter', Array)
#9 /var/www/html/vendor/laravel/framework/src/Illuminate/Container/Container.php(1202): Illuminate\\Foundation\\Application->make('encrypter')
#10 /var/www/html/vendor/laravel/framework/src/Illuminate/Container/Container.php(1101): Illuminate\\Container\\Container->resolveClass(Object(ReflectionParameter))
#11 /var/www/html/vendor/laravel/framework/src/Illuminate/Container/Container.php(1052): Illuminate\\Container\\Container->resolveDependencies(Array)
#12 /var/www/html/vendor/laravel/framework/src/Illuminate/Container/Container.php(890): Illuminate\\Container\\Container->build('Illuminate\\\\Cook...')
#13 /var/www/html/vendor/laravel/framework/src/Illuminate/Foundation/Application.php(1077): Illuminate\\Container\\Container->resolve('Illuminate\\\\Cook...', Array, true)
#14 /var/www/html/vendor/laravel/framework/src/Illuminate/Container/Container.php(821): Illuminate\\Foundation\\Application->resolve('Illuminate\\\\Cook...', Array)
#15 /var/www/html/vendor/laravel/framework/src/Illuminate/Foundation/Application.php(1057): Illuminate\\Container\\Container->make('Illuminate\\\\Cook...', Array)
#16 /var/www/html/vendor/laravel/framework/src/Illuminate/Pipeline/Pipeline.php(197): Illuminate\\Foundation\\Application->make('Illuminate\\\\Cook...')
#17 /var/www/html/vendor/laravel/framework/src/Illuminate/Pipeline/Pipeline.php(126): Illuminate\\Pipeline\\Pipeline->Illuminate\\Pipeline\\{closure}(Object(Illuminate\\Http\\Request))
#18 /var/www/html/vendor/laravel/framework/src/Illuminate/Routing/Router.php(807): Illuminate\\Pipeline\\Pipeline->then(Object(Closure))
#19 /var/www/html/vendor/laravel/framework/src/Illuminate/Routing/Router.php(786): Illuminate\\Routing\\Router->runRouteWithinStack(Object(Illuminate\\Routing\\Route), Object(Illuminate\\Http\\Request))
#20 /var/www/html/vendor/laravel/framework/src/Illuminate/Routing/Router.php(750): Illuminate\\Routing\\Router->runRoute(Object(Illuminate\\Http\\Request), Object(Illuminate\\Routing\\Route))
#21 /var/www/html/vendor/laravel/framework/src/Illuminate/Routing/Router.php(739): Illuminate\\Routing\\Router->dispatchToRoute(Object(Illuminate\\Http\\Request))
#22 /var/www/html/vendor/laravel/framework/src/Illuminate/Foundation/Http/Kernel.php(200): Illuminate\\Routing\\Router->dispatch(Object(Illuminate\\Http\\Request))
#23 /var/www/html/vendor/laravel/framework/src/Illuminate/Pipeline/Pipeline.php(169): Illuminate\\Foundation\\Http\\Kernel->Illuminate\\Foundation\\Http\\{closure}(Object(Illuminate\\Http\\Request))
#24 /var/www/html/vendor/laravel/framework/src/Illuminate/Foundation/Http/Middleware/TransformsRequest.php(21): Illuminate\\Pipeline\\Pipeline->Illuminate\\Pipeline\\{closure}(Object(Illuminate\\Http\\Request))
#25 /var/www/html/vendor/laravel/framework/src/Illuminate/Foundation/Http/Middleware/ConvertEmptyStringsToNull.php(31): Illuminate\\Foundation\\Http\\Middleware\\TransformsRequest->handle(Object(Illuminate\\Http\\Request), Object(Closure))
#26 /var/www/html/vendor/laravel/framework/src/Illuminate/Pipeline/Pipeline.php(208): Illuminate\\Foundation\\Http\\Middleware\\ConvertEmptyStringsToNull->handle(Object(Illuminate\\Http\\Request), Object(Closure))
#27 /var/www/html/vendor/laravel/framework/src/Illuminate/Foundation/Http/Middleware/TransformsRequest.php(21): Illuminate\\Pipeline\\Pipeline->Illuminate\\Pipeline\\{closure}(Object(Illuminate\\Http\\Request))
#28 /var/www/html/vendor/laravel/framework/src/Illuminate/Foundation/Http/Middleware/TrimStrings.php(51): Illuminate\\Foundation\\Http\\Middleware\\TransformsRequest->handle(Object(Illuminate\\Http\\Request), Object(Closure))
#29 /var/www/html/vendor/laravel/framework/src/Illuminate/Pipeline/Pipeline.php(208): Illuminate\\Foundation\\Http\\Middleware\\TrimStrings->handle(Object(Illuminate\\Http\\Request), Object(Closure))
#30 /var/www/html/vendor/laravel/framework/src/Illuminate/Http/Middleware/ValidatePostSize.php(27): Illuminate\\Pipeline\\Pipeline->Illuminate\\Pipeline\\{closure}(Object(Illuminate\\Http\\Request))
#31 /var/www/html/vendor/laravel/framework/src/Illuminate/Pipeline/Pipeline.php(208): Illuminate\\Http\\Middleware\\ValidatePostSize->handle(Object(Illuminate\\Http\\Request), Object(Closure))
#32 /var/www/html/vendor/laravel/framework/src/Illuminate/Foundation/Http/Middleware/PreventRequestsDuringMaintenance.php(109): Illuminate\\Pipeline\\Pipeline->Illuminate\\Pipeline\\{closure}(Object(Illuminate\\Http\\Request))
#33 /var/www/html/vendor/laravel/framework/src/Illuminate/Pipeline/Pipeline.php(208): Illuminate\\Foundation\\Http\\Middleware\\PreventRequestsDuringMaintenance->handle(Object(Illuminate\\Http\\Request), Object(Closure))
#34 /var/www/html/vendor/laravel/framework/src/Illuminate/Http/Middleware/HandleCors.php(48): Illuminate\\Pipeline\\Pipeline->Illuminate\\Pipeline\\{closure}(Object(Illuminate\\Http\\Request))
#35 /var/www/html/vendor/laravel/framework/src/Illuminate/Pipeline/Pipeline.php(208): Illuminate\\Http\\Middleware\\HandleCors->handle(Object(Illuminate\\Http\\Request), Object(Closure))
#36 /var/www/html/vendor/laravel/framework/src/Illuminate/Http/Middleware/TrustProxies.php(58): Illuminate\\Pipeline\\Pipeline->Illuminate\\Pipeline\\{closure}(Object(Illuminate\\Http\\Request))
#37 /var/www/html/vendor/laravel/framework/src/Illuminate/Pipeline/Pipeline.php(208): Illuminate\\Http\\Middleware\\TrustProxies->handle(Object(Illuminate\\Http\\Request), Object(Closure))
#38 /var/www/html/vendor/laravel/framework/src/Illuminate/Foundation/Http/Middleware/InvokeDeferredCallbacks.php(22): Illuminate\\Pipeline\\Pipeline->Illuminate\\Pipeline\\{closure}(Object(Illuminate\\Http\\Request))
#39 /var/www/html/vendor/laravel/framework/src/Illuminate/Pipeline/Pipeline.php(208): Illuminate\\Foundation\\Http\\Middleware\\InvokeDeferredCallbacks->handle(Object(Illuminate\\Http\\Request), Object(Closure))
#40 /var/www/html/vendor/laravel/framework/src/Illuminate/Http/Middleware/ValidatePathEncoding.php(26): Illuminate\\Pipeline\\Pipeline->Illuminate\\Pipeline\\{closure}(Object(Illuminate\\Http\\Request))
#41 /var/www/html/vendor/laravel/framework/src/Illuminate/Pipeline/Pipeline.php(208): Illuminate\\Http\\Middleware\\ValidatePathEncoding->handle(Object(Illuminate\\Http\\Request), Object(Closure))
#42 /var/www/html/vendor/laravel/framework/src/Illuminate/Pipeline/Pipeline.php(126): Illuminate\\Pipeline\\Pipeline->Illuminate\\Pipeline\\{closure}(Object(Illuminate\\Http\\Request))
#43 /var/www/html/vendor/laravel/framework/src/Illuminate/Foundation/Http/Kernel.php(175): Illuminate\\Pipeline\\Pipeline->then(Object(Closure))
#44 /var/www/html/vendor/laravel/framework/src/Illuminate/Foundation/Http/Kernel.php(144): Illuminate\\Foundation\\Http\\Kernel->sendRequestThroughRouter(Object(Illuminate\\Http\\Request))
#45 /var/www/html/vendor/laravel/framework/src/Illuminate/Foundation/Application.php(1219): Illuminate\\Foundation\\Http\\Kernel->handle(Object(Illuminate\\Http\\Request))
#46 /var/www/html/public/index.php(20): Illuminate\\Foundation\\Application->handleRequest(Object(Illuminate\\Http\\Request))
#47 {main}
"} 
[2025-05-10 01:48:40] production.ERROR: No application encryption key has been specified. {"exception":"[object] (Illuminate\\Encryption\\MissingAppKeyException(code: 0): No application encryption key has been specified. at /var/www/html/vendor/laravel/framework/src/Illuminate/Encryption/EncryptionServiceProvider.php:83)
[stacktrace]
#0 /var/www/html/vendor/laravel/framework/src/Illuminate/Support/helpers.php(399): Illuminate\\Encryption\\EncryptionServiceProvider->Illuminate\\Encryption\\{closure}(NULL)
#1 /var/www/html/vendor/laravel/framework/src/Illuminate/Encryption/EncryptionServiceProvider.php(81): tap(NULL, Object(Closure))
#2 /var/www/html/vendor/laravel/framework/src/Illuminate/Encryption/EncryptionServiceProvider.php(64): Illuminate\\Encryption\\EncryptionServiceProvider->key(Array)
#3 /var/www/html/vendor/laravel/framework/src/Illuminate/Encryption/EncryptionServiceProvider.php(32): Illuminate\\Encryption\\EncryptionServiceProvider->parseKey(Array)
#4 /var/www/html/vendor/laravel/framework/src/Illuminate/Container/Container.php(1010): Illuminate\\Encryption\\EncryptionServiceProvider->Illuminate\\Encryption\\{closure}(Object(Illuminate\\Foundation\\Application), Array)
#5 /var/www/html/vendor/laravel/framework/src/Illuminate/Container/Container.php(890): Illuminate\\Container\\Container->build(Object(Closure))
#6 /var/www/html/vendor/laravel/framework/src/Illuminate/Foundation/Application.php(1077): Illuminate\\Container\\Container->resolve('encrypter', Array, true)
#7 /var/www/html/vendor/laravel/framework/src/Illuminate/Container/Container.php(821): Illuminate\\Foundation\\Application->resolve('encrypter', Array)
#8 /var/www/html/vendor/laravel/framework/src/Illuminate/Foundation/Application.php(1057): Illuminate\\Container\\Container->make('encrypter', Array)
#9 /var/www/html/vendor/laravel/framework/src/Illuminate/Container/Container.php(1202): Illuminate\\Foundation\\Application->make('encrypter')
#10 /var/www/html/vendor/laravel/framework/src/Illuminate/Container/Container.php(1101): Illuminate\\Container\\Container->resolveClass(Object(ReflectionParameter))
#11 /var/www/html/vendor/laravel/framework/src/Illuminate/Container/Container.php(1052): Illuminate\\Container\\Container->resolveDependencies(Array)
#12 /var/www/html/vendor/laravel/framework/src/Illuminate/Container/Container.php(890): Illuminate\\Container\\Container->build('Illuminate\\\\Cook...')
#13 /var/www/html/vendor/laravel/framework/src/Illuminate/Foundation/Application.php(1077): Illuminate\\Container\\Container->resolve('Illuminate\\\\Cook...', Array, true)
#14 /var/www/html/vendor/laravel/framework/src/Illuminate/Container/Container.php(821): Illuminate\\Foundation\\Application->resolve('Illuminate\\\\Cook...', Array)
#15 /var/www/html/vendor/laravel/framework/src/Illuminate/Foundation/Application.php(1057): Illuminate\\Container\\Container->make('Illuminate\\\\Cook...', Array)
#16 /var/www/html/vendor/laravel/framework/src/Illuminate/Foundation/Http/Kernel.php(257): Illuminate\\Foundation\\Application->make('Illuminate\\\\Cook...')
#17 /var/www/html/vendor/laravel/framework/src/Illuminate/Foundation/Http/Kernel.php(215): Illuminate\\Foundation\\Http\\Kernel->terminateMiddleware(Object(Illuminate\\Http\\Request), Object(Illuminate\\Http\\Response))
#18 /var/www/html/vendor/laravel/framework/src/Illuminate/Foundation/Application.php(1221): Illuminate\\Foundation\\Http\\Kernel->terminate(Object(Illuminate\\Http\\Request), Object(Illuminate\\Http\\Response))
#19 /var/www/html/public/index.php(20): Illuminate\\Foundation\\Application->handleRequest(Object(Illuminate\\Http\\Request))
#20 {main}
"} 
[2025-05-10 01:48:42] production.ERROR: No application encryption key has been specified. {"exception":"[object] (Illuminate\\Encryption\\MissingAppKeyException(code: 0): No application encryption key has been specified. at /var/www/html/vendor/laravel/framework/src/Illuminate/Encryption/EncryptionServiceProvider.php:83)
[stacktrace]
#0 /var/www/html/vendor/laravel/framework/src/Illuminate/Support/helpers.php(399): Illuminate\\Encryption\\EncryptionServiceProvider->Illuminate\\Encryption\\{closure}(NULL)
#1 /var/www/html/vendor/laravel/framework/src/Illuminate/Encryption/EncryptionServiceProvider.php(81): tap(NULL, Object(Closure))
#2 /var/www/html/vendor/laravel/framework/src/Illuminate/Encryption/EncryptionServiceProvider.php(64): Illuminate\\Encryption\\EncryptionServiceProvider->key(Array)
#3 /var/www/html/vendor/laravel/framework/src/Illuminate/Encryption/EncryptionServiceProvider.php(32): Illuminate\\Encryption\\EncryptionServiceProvider->parseKey(Array)
#4 /var/www/html/vendor/laravel/framework/src/Illuminate/Container/Container.php(1010): Illuminate\\Encryption\\EncryptionServiceProvider->Illuminate\\Encryption\\{closure}(Object(Illuminate\\Foundation\\Application), Array)
#5 /var/www/html/vendor/laravel/framework/src/Illuminate/Container/Container.php(890): Illuminate\\Container\\Container->build(Object(Closure))
#6 /var/www/html/vendor/laravel/framework/src/Illuminate/Foundation/Application.php(1077): Illuminate\\Container\\Container->resolve('encrypter', Array, true)
#7 /var/www/html/vendor/laravel/framework/src/Illuminate/Container/Container.php(821): Illuminate\\Foundation\\Application->resolve('encrypter', Array)
#8 /var/www/html/vendor/laravel/framework/src/Illuminate/Foundation/Application.php(1057): Illuminate\\Container\\Container->make('encrypter', Array)
#9 /var/www/html/vendor/laravel/framework/src/Illuminate/Container/Container.php(1202): Illuminate\\Foundation\\Application->make('encrypter')
#10 /var/www/html/vendor/laravel/framework/src/Illuminate/Container/Container.php(1101): Illuminate\\Container\\Container->resolveClass(Object(ReflectionParameter))
#11 /var/www/html/vendor/laravel/framework/src/Illuminate/Container/Container.php(1052): Illuminate\\Container\\Container->resolveDependencies(Array)
#12 /var/www/html/vendor/laravel/framework/src/Illuminate/Container/Container.php(890): Illuminate\\Container\\Container->build('Illuminate\\\\Cook...')
#13 /var/www/html/vendor/laravel/framework/src/Illuminate/Foundation/Application.php(1077): Illuminate\\Container\\Container->resolve('Illuminate\\\\Cook...', Array, true)
#14 /var/www/html/vendor/laravel/framework/src/Illuminate/Container/Container.php(821): Illuminate\\Foundation\\Application->resolve('Illuminate\\\\Cook...', Array)
#15 /var/www/html/vendor/laravel/framework/src/Illuminate/Foundation/Application.php(1057): Illuminate\\Container\\Container->make('Illuminate\\\\Cook...', Array)
#16 /var/www/html/vendor/laravel/framework/src/Illuminate/Pipeline/Pipeline.php(197): Illuminate\\Foundation\\Application->make('Illuminate\\\\Cook...')
#17 /var/www/html/vendor/laravel/framework/src/Illuminate/Pipeline/Pipeline.php(126): Illuminate\\Pipeline\\Pipeline->Illuminate\\Pipeline\\{closure}(Object(Illuminate\\Http\\Request))
#18 /var/www/html/vendor/laravel/framework/src/Illuminate/Routing/Router.php(807): Illuminate\\Pipeline\\Pipeline->then(Object(Closure))
#19 /var/www/html/vendor/laravel/framework/src/Illuminate/Routing/Router.php(786): Illuminate\\Routing\\Router->runRouteWithinStack(Object(Illuminate\\Routing\\Route), Object(Illuminate\\Http\\Request))
#20 /var/www/html/vendor/laravel/framework/src/Illuminate/Routing/Router.php(750): Illuminate\\Routing\\Router->runRoute(Object(Illuminate\\Http\\Request), Object(Illuminate\\Routing\\Route))
#21 /var/www/html/vendor/laravel/framework/src/Illuminate/Routing/Router.php(739): Illuminate\\Routing\\Router->dispatchToRoute(Object(Illuminate\\Http\\Request))
#22 /var/www/html/vendor/laravel/framework/src/Illuminate/Foundation/Http/Kernel.php(200): Illuminate\\Routing\\Router->dispatch(Object(Illuminate\\Http\\Request))
#23 /var/www/html/vendor/laravel/framework/src/Illuminate/Pipeline/Pipeline.php(169): Illuminate\\Foundation\\Http\\Kernel->Illuminate\\Foundation\\Http\\{closure}(Object(Illuminate\\Http\\Request))
#24 /var/www/html/vendor/laravel/framework/src/Illuminate/Foundation/Http/Middleware/TransformsRequest.php(21): Illuminate\\Pipeline\\Pipeline->Illuminate\\Pipeline\\{closure}(Object(Illuminate\\Http\\Request))
#25 /var/www/html/vendor/laravel/framework/src/Illuminate/Foundation/Http/Middleware/ConvertEmptyStringsToNull.php(31): Illuminate\\Foundation\\Http\\Middleware\\TransformsRequest->handle(Object(Illuminate\\Http\\Request), Object(Closure))
#26 /var/www/html/vendor/laravel/framework/src/Illuminate/Pipeline/Pipeline.php(208): Illuminate\\Foundation\\Http\\Middleware\\ConvertEmptyStringsToNull->handle(Object(Illuminate\\Http\\Request), Object(Closure))
#27 /var/www/html/vendor/laravel/framework/src/Illuminate/Foundation/Http/Middleware/TransformsRequest.php(21): Illuminate\\Pipeline\\Pipeline->Illuminate\\Pipeline\\{closure}(Object(Illuminate\\Http\\Request))
#28 /var/www/html/vendor/laravel/framework/src/Illuminate/Foundation/Http/Middleware/TrimStrings.php(51): Illuminate\\Foundation\\Http\\Middleware\\TransformsRequest->handle(Object(Illuminate\\Http\\Request), Object(Closure))
#29 /var/www/html/vendor/laravel/framework/src/Illuminate/Pipeline/Pipeline.php(208): Illuminate\\Foundation\\Http\\Middleware\\TrimStrings->handle(Object(Illuminate\\Http\\Request), Object(Closure))
#30 /var/www/html/vendor/laravel/framework/src/Illuminate/Http/Middleware/ValidatePostSize.php(27): Illuminate\\Pipeline\\Pipeline->Illuminate\\Pipeline\\{closure}(Object(Illuminate\\Http\\Request))
#31 /var/www/html/vendor/laravel/framework/src/Illuminate/Pipeline/Pipeline.php(208): Illuminate\\Http\\Middleware\\ValidatePostSize->handle(Object(Illuminate\\Http\\Request), Object(Closure))
#32 /var/www/html/vendor/laravel/framework/src/Illuminate/Foundation/Http/Middleware/PreventRequestsDuringMaintenance.php(109): Illuminate\\Pipeline\\Pipeline->Illuminate\\Pipeline\\{closure}(Object(Illuminate\\Http\\Request))
#33 /var/www/html/vendor/laravel/framework/src/Illuminate/Pipeline/Pipeline.php(208): Illuminate\\Foundation\\Http\\Middleware\\PreventRequestsDuringMaintenance->handle(Object(Illuminate\\Http\\Request), Object(Closure))
#34 /var/www/html/vendor/laravel/framework/src/Illuminate/Http/Middleware/HandleCors.php(48): Illuminate\\Pipeline\\Pipeline->Illuminate\\Pipeline\\{closure}(Object(Illuminate\\Http\\Request))
#35 /var/www/html/vendor/laravel/framework/src/Illuminate/Pipeline/Pipeline.php(208): Illuminate\\Http\\Middleware\\HandleCors->handle(Object(Illuminate\\Http\\Request), Object(Closure))
#36 /var/www/html/vendor/laravel/framework/src/Illuminate/Http/Middleware/TrustProxies.php(58): Illuminate\\Pipeline\\Pipeline->Illuminate\\Pipeline\\{closure}(Object(Illuminate\\Http\\Request))
#37 /var/www/html/vendor/laravel/framework/src/Illuminate/Pipeline/Pipeline.php(208): Illuminate\\Http\\Middleware\\TrustProxies->handle(Object(Illuminate\\Http\\Request), Object(Closure))
#38 /var/www/html/vendor/laravel/framework/src/Illuminate/Foundation/Http/Middleware/InvokeDeferredCallbacks.php(22): Illuminate\\Pipeline\\Pipeline->Illuminate\\Pipeline\\{closure}(Object(Illuminate\\Http\\Request))
#39 /var/www/html/vendor/laravel/framework/src/Illuminate/Pipeline/Pipeline.php(208): Illuminate\\Foundation\\Http\\Middleware\\InvokeDeferredCallbacks->handle(Object(Illuminate\\Http\\Request), Object(Closure))
#40 /var/www/html/vendor/laravel/framework/src/Illuminate/Http/Middleware/ValidatePathEncoding.php(26): Illuminate\\Pipeline\\Pipeline->Illuminate\\Pipeline\\{closure}(Object(Illuminate\\Http\\Request))
#41 /var/www/html/vendor/laravel/framework/src/Illuminate/Pipeline/Pipeline.php(208): Illuminate\\Http\\Middleware\\ValidatePathEncoding->handle(Object(Illuminate\\Http\\Request), Object(Closure))
#42 /var/www/html/vendor/laravel/framework/src/Illuminate/Pipeline/Pipeline.php(126): Illuminate\\Pipeline\\Pipeline->Illuminate\\Pipeline\\{closure}(Object(Illuminate\\Http\\Request))
#43 /var/www/html/vendor/laravel/framework/src/Illuminate/Foundation/Http/Kernel.php(175): Illuminate\\Pipeline\\Pipeline->then(Object(Closure))
#44 /var/www/html/vendor/laravel/framework/src/Illuminate/Foundation/Http/Kernel.php(144): Illuminate\\Foundation\\Http\\Kernel->sendRequestThroughRouter(Object(Illuminate\\Http\\Request))
#45 /var/www/html/vendor/laravel/framework/src/Illuminate/Foundation/Application.php(1219): Illuminate\\Foundation\\Http\\Kernel->handle(Object(Illuminate\\Http\\Request))
#46 /var/www/html/public/index.php(20): Illuminate\\Foundation\\Application->handleRequest(Object(Illuminate\\Http\\Request))
#47 {main}
"} 
[2025-05-10 01:48:42] production.ERROR: No application encryption key has been specified. {"exception":"[object] (Illuminate\\Encryption\\MissingAppKeyException(code: 0): No application encryption key has been specified. at /var/www/html/vendor/laravel/framework/src/Illuminate/Encryption/EncryptionServiceProvider.php:83)
[stacktrace]
#0 /var/www/html/vendor/laravel/framework/src/Illuminate/Support/helpers.php(399): Illuminate\\Encryption\\EncryptionServiceProvider->Illuminate\\Encryption\\{closure}(NULL)
#1 /var/www/html/vendor/laravel/framework/src/Illuminate/Encryption/EncryptionServiceProvider.php(81): tap(NULL, Object(Closure))
#2 /var/www/html/vendor/laravel/framework/src/Illuminate/Encryption/EncryptionServiceProvider.php(64): Illuminate\\Encryption\\EncryptionServiceProvider->key(Array)
#3 /var/www/html/vendor/laravel/framework/src/Illuminate/Encryption/EncryptionServiceProvider.php(32): Illuminate\\Encryption\\EncryptionServiceProvider->parseKey(Array)
#4 /var/www/html/vendor/laravel/framework/src/Illuminate/Container/Container.php(1010): Illuminate\\Encryption\\EncryptionServiceProvider->Illuminate\\Encryption\\{closure}(Object(Illuminate\\Foundation\\Application), Array)
#5 /var/www/html/vendor/laravel/framework/src/Illuminate/Container/Container.php(890): Illuminate\\Container\\Container->build(Object(Closure))
#6 /var/www/html/vendor/laravel/framework/src/Illuminate/Foundation/Application.php(1077): Illuminate\\Container\\Container->resolve('encrypter', Array, true)
#7 /var/www/html/vendor/laravel/framework/src/Illuminate/Container/Container.php(821): Illuminate\\Foundation\\Application->resolve('encrypter', Array)
#8 /var/www/html/vendor/laravel/framework/src/Illuminate/Foundation/Application.php(1057): Illuminate\\Container\\Container->make('encrypter', Array)
#9 /var/www/html/vendor/laravel/framework/src/Illuminate/Container/Container.php(1202): Illuminate\\Foundation\\Application->make('encrypter')
#10 /var/www/html/vendor/laravel/framework/src/Illuminate/Container/Container.php(1101): Illuminate\\Container\\Container->resolveClass(Object(ReflectionParameter))
#11 /var/www/html/vendor/laravel/framework/src/Illuminate/Container/Container.php(1052): Illuminate\\Container\\Container->resolveDependencies(Array)
#12 /var/www/html/vendor/laravel/framework/src/Illuminate/Container/Container.php(890): Illuminate\\Container\\Container->build('Illuminate\\\\Cook...')
#13 /var/www/html/vendor/laravel/framework/src/Illuminate/Foundation/Application.php(1077): Illuminate\\Container\\Container->resolve('Illuminate\\\\Cook...', Array, true)
#14 /var/www/html/vendor/laravel/framework/src/Illuminate/Container/Container.php(821): Illuminate\\Foundation\\Application->resolve('Illuminate\\\\Cook...', Array)
#15 /var/www/html/vendor/laravel/framework/src/Illuminate/Foundation/Application.php(1057): Illuminate\\Container\\Container->make('Illuminate\\\\Cook...', Array)
#16 /var/www/html/vendor/laravel/framework/src/Illuminate/Foundation/Http/Kernel.php(257): Illuminate\\Foundation\\Application->make('Illuminate\\\\Cook...')
#17 /var/www/html/vendor/laravel/framework/src/Illuminate/Foundation/Http/Kernel.php(215): Illuminate\\Foundation\\Http\\Kernel->terminateMiddleware(Object(Illuminate\\Http\\Request), Object(Illuminate\\Http\\Response))
#18 /var/www/html/vendor/laravel/framework/src/Illuminate/Foundation/Application.php(1221): Illuminate\\Foundation\\Http\\Kernel->terminate(Object(Illuminate\\Http\\Request), Object(Illuminate\\Http\\Response))
#19 /var/www/html/public/index.php(20): Illuminate\\Foundation\\Application->handleRequest(Object(Illuminate\\Http\\Request))
#20 {main}
"} 
[2025-05-10 01:48:42] production.ERROR: No application encryption key has been specified. {"exception":"[object] (Illuminate\\Encryption\\MissingAppKeyException(code: 0): No application encryption key has been specified. at /var/www/html/vendor/laravel/framework/src/Illuminate/Encryption/EncryptionServiceProvider.php:83)
[stacktrace]
#0 /var/www/html/vendor/laravel/framework/src/Illuminate/Support/helpers.php(399): Illuminate\\Encryption\\EncryptionServiceProvider->Illuminate\\Encryption\\{closure}(NULL)
#1 /var/www/html/vendor/laravel/framework/src/Illuminate/Encryption/EncryptionServiceProvider.php(81): tap(NULL, Object(Closure))
#2 /var/www/html/vendor/laravel/framework/src/Illuminate/Encryption/EncryptionServiceProvider.php(64): Illuminate\\Encryption\\EncryptionServiceProvider->key(Array)
#3 /var/www/html/vendor/laravel/framework/src/Illuminate/Encryption/EncryptionServiceProvider.php(32): Illuminate\\Encryption\\EncryptionServiceProvider->parseKey(Array)
#4 /var/www/html/vendor/laravel/framework/src/Illuminate/Container/Container.php(1010): Illuminate\\Encryption\\EncryptionServiceProvider->Illuminate\\Encryption\\{closure}(Object(Illuminate\\Foundation\\Application), Array)
#5 /var/www/html/vendor/laravel/framework/src/Illuminate/Container/Container.php(890): Illuminate\\Container\\Container->build(Object(Closure))
#6 /var/www/html/vendor/laravel/framework/src/Illuminate/Foundation/Application.php(1077): Illuminate\\Container\\Container->resolve('encrypter', Array, true)
#7 /var/www/html/vendor/laravel/framework/src/Illuminate/Container/Container.php(821): Illuminate\\Foundation\\Application->resolve('encrypter', Array)
#8 /var/www/html/vendor/laravel/framework/src/Illuminate/Foundation/Application.php(1057): Illuminate\\Container\\Container->make('encrypter', Array)
#9 /var/www/html/vendor/laravel/framework/src/Illuminate/Container/Container.php(1202): Illuminate\\Foundation\\Application->make('encrypter')
#10 /var/www/html/vendor/laravel/framework/src/Illuminate/Container/Container.php(1101): Illuminate\\Container\\Container->resolveClass(Object(ReflectionParameter))
#11 /var/www/html/vendor/laravel/framework/src/Illuminate/Container/Container.php(1052): Illuminate\\Container\\Container->resolveDependencies(Array)
#12 /var/www/html/vendor/laravel/framework/src/Illuminate/Container/Container.php(890): Illuminate\\Container\\Container->build('Illuminate\\\\Cook...')
#13 /var/www/html/vendor/laravel/framework/src/Illuminate/Foundation/Application.php(1077): Illuminate\\Container\\Container->resolve('Illuminate\\\\Cook...', Array, true)
#14 /var/www/html/vendor/laravel/framework/src/Illuminate/Container/Container.php(821): Illuminate\\Foundation\\Application->resolve('Illuminate\\\\Cook...', Array)
#15 /var/www/html/vendor/laravel/framework/src/Illuminate/Foundation/Application.php(1057): Illuminate\\Container\\Container->make('Illuminate\\\\Cook...', Array)
#16 /var/www/html/vendor/laravel/framework/src/Illuminate/Pipeline/Pipeline.php(197): Illuminate\\Foundation\\Application->make('Illuminate\\\\Cook...')
#17 /var/www/html/vendor/laravel/framework/src/Illuminate/Pipeline/Pipeline.php(126): Illuminate\\Pipeline\\Pipeline->Illuminate\\Pipeline\\{closure}(Object(Illuminate\\Http\\Request))
#18 /var/www/html/vendor/laravel/framework/src/Illuminate/Routing/Router.php(807): Illuminate\\Pipeline\\Pipeline->then(Object(Closure))
#19 /var/www/html/vendor/laravel/framework/src/Illuminate/Routing/Router.php(786): Illuminate\\Routing\\Router->runRouteWithinStack(Object(Illuminate\\Routing\\Route), Object(Illuminate\\Http\\Request))
#20 /var/www/html/vendor/laravel/framework/src/Illuminate/Routing/Router.php(750): Illuminate\\Routing\\Router->runRoute(Object(Illuminate\\Http\\Request), Object(Illuminate\\Routing\\Route))
#21 /var/www/html/vendor/laravel/framework/src/Illuminate/Routing/Router.php(739): Illuminate\\Routing\\Router->dispatchToRoute(Object(Illuminate\\Http\\Request))
#22 /var/www/html/vendor/laravel/framework/src/Illuminate/Foundation/Http/Kernel.php(200): Illuminate\\Routing\\Router->dispatch(Object(Illuminate\\Http\\Request))
#23 /var/www/html/vendor/laravel/framework/src/Illuminate/Pipeline/Pipeline.php(169): Illuminate\\Foundation\\Http\\Kernel->Illuminate\\Foundation\\Http\\{closure}(Object(Illuminate\\Http\\Request))
#24 /var/www/html/vendor/laravel/framework/src/Illuminate/Foundation/Http/Middleware/TransformsRequest.php(21): Illuminate\\Pipeline\\Pipeline->Illuminate\\Pipeline\\{closure}(Object(Illuminate\\Http\\Request))
#25 /var/www/html/vendor/laravel/framework/src/Illuminate/Foundation/Http/Middleware/ConvertEmptyStringsToNull.php(31): Illuminate\\Foundation\\Http\\Middleware\\TransformsRequest->handle(Object(Illuminate\\Http\\Request), Object(Closure))
#26 /var/www/html/vendor/laravel/framework/src/Illuminate/Pipeline/Pipeline.php(208): Illuminate\\Foundation\\Http\\Middleware\\ConvertEmptyStringsToNull->handle(Object(Illuminate\\Http\\Request), Object(Closure))
#27 /var/www/html/vendor/laravel/framework/src/Illuminate/Foundation/Http/Middleware/TransformsRequest.php(21): Illuminate\\Pipeline\\Pipeline->Illuminate\\Pipeline\\{closure}(Object(Illuminate\\Http\\Request))
#28 /var/www/html/vendor/laravel/framework/src/Illuminate/Foundation/Http/Middleware/TrimStrings.php(51): Illuminate\\Foundation\\Http\\Middleware\\TransformsRequest->handle(Object(Illuminate\\Http\\Request), Object(Closure))
#29 /var/www/html/vendor/laravel/framework/src/Illuminate/Pipeline/Pipeline.php(208): Illuminate\\Foundation\\Http\\Middleware\\TrimStrings->handle(Object(Illuminate\\Http\\Request), Object(Closure))
#30 /var/www/html/vendor/laravel/framework/src/Illuminate/Http/Middleware/ValidatePostSize.php(27): Illuminate\\Pipeline\\Pipeline->Illuminate\\Pipeline\\{closure}(Object(Illuminate\\Http\\Request))
#31 /var/www/html/vendor/laravel/framework/src/Illuminate/Pipeline/Pipeline.php(208): Illuminate\\Http\\Middleware\\ValidatePostSize->handle(Object(Illuminate\\Http\\Request), Object(Closure))
#32 /var/www/html/vendor/laravel/framework/src/Illuminate/Foundation/Http/Middleware/PreventRequestsDuringMaintenance.php(109): Illuminate\\Pipeline\\Pipeline->Illuminate\\Pipeline\\{closure}(Object(Illuminate\\Http\\Request))
#33 /var/www/html/vendor/laravel/framework/src/Illuminate/Pipeline/Pipeline.php(208): Illuminate\\Foundation\\Http\\Middleware\\PreventRequestsDuringMaintenance->handle(Object(Illuminate\\Http\\Request), Object(Closure))
#34 /var/www/html/vendor/laravel/framework/src/Illuminate/Http/Middleware/HandleCors.php(48): Illuminate\\Pipeline\\Pipeline->Illuminate\\Pipeline\\{closure}(Object(Illuminate\\Http\\Request))
#35 /var/www/html/vendor/laravel/framework/src/Illuminate/Pipeline/Pipeline.php(208): Illuminate\\Http\\Middleware\\HandleCors->handle(Object(Illuminate\\Http\\Request), Object(Closure))
#36 /var/www/html/vendor/laravel/framework/src/Illuminate/Http/Middleware/TrustProxies.php(58): Illuminate\\Pipeline\\Pipeline->Illuminate\\Pipeline\\{closure}(Object(Illuminate\\Http\\Request))
#37 /var/www/html/vendor/laravel/framework/src/Illuminate/Pipeline/Pipeline.php(208): Illuminate\\Http\\Middleware\\TrustProxies->handle(Object(Illuminate\\Http\\Request), Object(Closure))
#38 /var/www/html/vendor/laravel/framework/src/Illuminate/Foundation/Http/Middleware/InvokeDeferredCallbacks.php(22): Illuminate\\Pipeline\\Pipeline->Illuminate\\Pipeline\\{closure}(Object(Illuminate\\Http\\Request))
#39 /var/www/html/vendor/laravel/framework/src/Illuminate/Pipeline/Pipeline.php(208): Illuminate\\Foundation\\Http\\Middleware\\InvokeDeferredCallbacks->handle(Object(Illuminate\\Http\\Request), Object(Closure))
#40 /var/www/html/vendor/laravel/framework/src/Illuminate/Http/Middleware/ValidatePathEncoding.php(26): Illuminate\\Pipeline\\Pipeline->Illuminate\\Pipeline\\{closure}(Object(Illuminate\\Http\\Request))
#41 /var/www/html/vendor/laravel/framework/src/Illuminate/Pipeline/Pipeline.php(208): Illuminate\\Http\\Middleware\\ValidatePathEncoding->handle(Object(Illuminate\\Http\\Request), Object(Closure))
#42 /var/www/html/vendor/laravel/framework/src/Illuminate/Pipeline/Pipeline.php(126): Illuminate\\Pipeline\\Pipeline->Illuminate\\Pipeline\\{closure}(Object(Illuminate\\Http\\Request))
#43 /var/www/html/vendor/laravel/framework/src/Illuminate/Foundation/Http/Kernel.php(175): Illuminate\\Pipeline\\Pipeline->then(Object(Closure))
#44 /var/www/html/vendor/laravel/framework/src/Illuminate/Foundation/Http/Kernel.php(144): Illuminate\\Foundation\\Http\\Kernel->sendRequestThroughRouter(Object(Illuminate\\Http\\Request))
#45 /var/www/html/vendor/laravel/framework/src/Illuminate/Foundation/Application.php(1219): Illuminate\\Foundation\\Http\\Kernel->handle(Object(Illuminate\\Http\\Request))
#46 /var/www/html/public/index.php(20): Illuminate\\Foundation\\Application->handleRequest(Object(Illuminate\\Http\\Request))
#47 {main}
"} 
[2025-05-10 01:48:42] production.ERROR: No application encryption key has been specified. {"exception":"[object] (Illuminate\\Encryption\\MissingAppKeyException(code: 0): No application encryption key has been specified. at /var/www/html/vendor/laravel/framework/src/Illuminate/Encryption/EncryptionServiceProvider.php:83)
[stacktrace]
#0 /var/www/html/vendor/laravel/framework/src/Illuminate/Support/helpers.php(399): Illuminate\\Encryption\\EncryptionServiceProvider->Illuminate\\Encryption\\{closure}(NULL)
#1 /var/www/html/vendor/laravel/framework/src/Illuminate/Encryption/EncryptionServiceProvider.php(81): tap(NULL, Object(Closure))
#2 /var/www/html/vendor/laravel/framework/src/Illuminate/Encryption/EncryptionServiceProvider.php(64): Illuminate\\Encryption\\EncryptionServiceProvider->key(Array)
#3 /var/www/html/vendor/laravel/framework/src/Illuminate/Encryption/EncryptionServiceProvider.php(32): Illuminate\\Encryption\\EncryptionServiceProvider->parseKey(Array)
#4 /var/www/html/vendor/laravel/framework/src/Illuminate/Container/Container.php(1010): Illuminate\\Encryption\\EncryptionServiceProvider->Illuminate\\Encryption\\{closure}(Object(Illuminate\\Foundation\\Application), Array)
#5 /var/www/html/vendor/laravel/framework/src/Illuminate/Container/Container.php(890): Illuminate\\Container\\Container->build(Object(Closure))
#6 /var/www/html/vendor/laravel/framework/src/Illuminate/Foundation/Application.php(1077): Illuminate\\Container\\Container->resolve('encrypter', Array, true)
#7 /var/www/html/vendor/laravel/framework/src/Illuminate/Container/Container.php(821): Illuminate\\Foundation\\Application->resolve('encrypter', Array)
#8 /var/www/html/vendor/laravel/framework/src/Illuminate/Foundation/Application.php(1057): Illuminate\\Container\\Container->make('encrypter', Array)
#9 /var/www/html/vendor/laravel/framework/src/Illuminate/Container/Container.php(1202): Illuminate\\Foundation\\Application->make('encrypter')
#10 /var/www/html/vendor/laravel/framework/src/Illuminate/Container/Container.php(1101): Illuminate\\Container\\Container->resolveClass(Object(ReflectionParameter))
#11 /var/www/html/vendor/laravel/framework/src/Illuminate/Container/Container.php(1052): Illuminate\\Container\\Container->resolveDependencies(Array)
#12 /var/www/html/vendor/laravel/framework/src/Illuminate/Container/Container.php(890): Illuminate\\Container\\Container->build('Illuminate\\\\Cook...')
#13 /var/www/html/vendor/laravel/framework/src/Illuminate/Foundation/Application.php(1077): Illuminate\\Container\\Container->resolve('Illuminate\\\\Cook...', Array, true)
#14 /var/www/html/vendor/laravel/framework/src/Illuminate/Container/Container.php(821): Illuminate\\Foundation\\Application->resolve('Illuminate\\\\Cook...', Array)
#15 /var/www/html/vendor/laravel/framework/src/Illuminate/Foundation/Application.php(1057): Illuminate\\Container\\Container->make('Illuminate\\\\Cook...', Array)
#16 /var/www/html/vendor/laravel/framework/src/Illuminate/Foundation/Http/Kernel.php(257): Illuminate\\Foundation\\Application->make('Illuminate\\\\Cook...')
#17 /var/www/html/vendor/laravel/framework/src/Illuminate/Foundation/Http/Kernel.php(215): Illuminate\\Foundation\\Http\\Kernel->terminateMiddleware(Object(Illuminate\\Http\\Request), Object(Illuminate\\Http\\Response))
#18 /var/www/html/vendor/laravel/framework/src/Illuminate/Foundation/Application.php(1221): Illuminate\\Foundation\\Http\\Kernel->terminate(Object(Illuminate\\Http\\Request), Object(Illuminate\\Http\\Response))
#19 /var/www/html/public/index.php(20): Illuminate\\Foundation\\Application->handleRequest(Object(Illuminate\\Http\\Request))
#20 {main}
"} 
[2025-05-10 01:49:27] production.ERROR: SQLSTATE[23000]: Integrity constraint violation: 19 UNIQUE constraint failed: users.email (Connection: sqlite, SQL: insert into "users" ("name", "email", "email_verified_at", "password", "remember_token", "is_admin", "updated_at", "created_at") values (Admin User, admin@share.co.nz, 2025-05-10 01:49:27, $2y$12$77MoUHsGx9pBHJNMjYmL1.NyR5vgDUY7OTXcBLZ9B8MUuCQEcLXF2, UTvu6Y7VbW, 1, 2025-05-10 01:49:27, 2025-05-10 01:49:27)) {"exception":"[object] (Illuminate\\Database\\UniqueConstraintViolationException(code: 23000): SQLSTATE[23000]: Integrity constraint violation: 19 UNIQUE constraint failed: users.email (Connection: sqlite, SQL: insert into \"users\" (\"name\", \"email\", \"email_verified_at\", \"password\", \"remember_token\", \"is_admin\", \"updated_at\", \"created_at\") values (Admin User, admin@share.co.nz, 2025-05-10 01:49:27, $2y$12$77MoUHsGx9pBHJNMjYmL1.NyR5vgDUY7OTXcBLZ9B8MUuCQEcLXF2, UTvu6Y7VbW, 1, 2025-05-10 01:49:27, 2025-05-10 01:49:27)) at /var/www/html/vendor/laravel/framework/src/Illuminate/Database/Connection.php:817)
[stacktrace]
#0 /var/www/html/vendor/laravel/framework/src/Illuminate/Database/Connection.php(776): Illuminate\\Database\\Connection->runQueryCallback('insert into \"us...', Array, Object(Closure))
#1 /var/www/html/vendor/laravel/framework/src/Illuminate/Database/Connection.php(557): Illuminate\\Database\\Connection->run('insert into \"us...', Array, Object(Closure))
#2 /var/www/html/vendor/laravel/framework/src/Illuminate/Database/Connection.php(521): Illuminate\\Database\\Connection->statement('insert into \"us...', Array)
#3 /var/www/html/vendor/laravel/framework/src/Illuminate/Database/Query/Processors/Processor.php(32): Illuminate\\Database\\Connection->insert('insert into \"us...', Array)
#4 /var/www/html/vendor/laravel/framework/src/Illuminate/Database/Query/Builder.php(3779): Illuminate\\Database\\Query\\Processors\\Processor->processInsertGetId(Object(Illuminate\\Database\\Query\\Builder), 'insert into \"us...', Array, 'id')
#5 /var/www/html/vendor/laravel/framework/src/Illuminate/Database/Eloquent/Builder.php(2204): Illuminate\\Database\\Query\\Builder->insertGetId(Array, 'id')
#6 /var/www/html/vendor/laravel/framework/src/Illuminate/Database/Eloquent/Model.php(1408): Illuminate\\Database\\Eloquent\\Builder->__call('insertGetId', Array)
#7 /var/www/html/vendor/laravel/framework/src/Illuminate/Database/Eloquent/Model.php(1373): Illuminate\\Database\\Eloquent\\Model->insertAndSetId(Object(Illuminate\\Database\\Eloquent\\Builder), Array)
#8 /var/www/html/vendor/laravel/framework/src/Illuminate/Database/Eloquent/Model.php(1212): Illuminate\\Database\\Eloquent\\Model->performInsert(Object(Illuminate\\Database\\Eloquent\\Builder))
#9 /var/www/html/vendor/laravel/framework/src/Illuminate/Database/Eloquent/Factories/Factory.php(351): Illuminate\\Database\\Eloquent\\Model->save()
#10 /var/www/html/vendor/laravel/framework/src/Illuminate/Collections/Traits/EnumeratesValues.php(274): Illuminate\\Database\\Eloquent\\Factories\\Factory->Illuminate\\Database\\Eloquent\\Factories\\{closure}(Object(App\\Models\\User), 0)
#11 /var/www/html/vendor/laravel/framework/src/Illuminate/Database/Eloquent/Factories/Factory.php(346): Illuminate\\Support\\Collection->each(Object(Closure))
#12 /var/www/html/vendor/laravel/framework/src/Illuminate/Database/Eloquent/Factories/Factory.php(302): Illuminate\\Database\\Eloquent\\Factories\\Factory->store(Object(Illuminate\\Support\\Collection))
#13 /var/www/html/vendor/laravel/framework/src/Illuminate/Database/Eloquent/Factories/Factory.php(296): Illuminate\\Database\\Eloquent\\Factories\\Factory->create(Array, NULL)
#14 /var/www/html/database/seeders/UsersSeeder.php(16): Illuminate\\Database\\Eloquent\\Factories\\Factory->create(Array)
#15 /var/www/html/vendor/laravel/framework/src/Illuminate/Container/BoundMethod.php(36): Database\\Seeders\\UsersSeeder->run()
#16 /var/www/html/vendor/laravel/framework/src/Illuminate/Container/Util.php(43): Illuminate\\Container\\BoundMethod::Illuminate\\Container\\{closure}()
#17 /var/www/html/vendor/laravel/framework/src/Illuminate/Container/BoundMethod.php(96): Illuminate\\Container\\Util::unwrapIfClosure(Object(Closure))
#18 /var/www/html/vendor/laravel/framework/src/Illuminate/Container/BoundMethod.php(35): Illuminate\\Container\\BoundMethod::callBoundMethod(Object(Illuminate\\Foundation\\Application), Array, Object(Closure))
#19 /var/www/html/vendor/laravel/framework/src/Illuminate/Container/Container.php(754): Illuminate\\Container\\BoundMethod::call(Object(Illuminate\\Foundation\\Application), Array, Array, NULL)
#20 /var/www/html/vendor/laravel/framework/src/Illuminate/Database/Seeder.php(188): Illuminate\\Container\\Container->call(Array, Array)
#21 /var/www/html/vendor/laravel/framework/src/Illuminate/Database/Seeder.php(197): Illuminate\\Database\\Seeder->Illuminate\\Database\\{closure}()
#22 /var/www/html/vendor/laravel/framework/src/Illuminate/Database/Seeder.php(61): Illuminate\\Database\\Seeder->__invoke(Array)
#23 /var/www/html/database/seeders/DatabaseSeeder.php(24): Illuminate\\Database\\Seeder->call('Database\\\\Seeder...')
#24 /var/www/html/vendor/laravel/framework/src/Illuminate/Container/BoundMethod.php(36): Database\\Seeders\\DatabaseSeeder->run()
#25 /var/www/html/vendor/laravel/framework/src/Illuminate/Container/Util.php(43): Illuminate\\Container\\BoundMethod::Illuminate\\Container\\{closure}()
#26 /var/www/html/vendor/laravel/framework/src/Illuminate/Container/BoundMethod.php(96): Illuminate\\Container\\Util::unwrapIfClosure(Object(Closure))
#27 /var/www/html/vendor/laravel/framework/src/Illuminate/Container/BoundMethod.php(35): Illuminate\\Container\\BoundMethod::callBoundMethod(Object(Illuminate\\Foundation\\Application), Array, Object(Closure))
#28 /var/www/html/vendor/laravel/framework/src/Illuminate/Container/Container.php(754): Illuminate\\Container\\BoundMethod::call(Object(Illuminate\\Foundation\\Application), Array, Array, NULL)
#29 /var/www/html/vendor/laravel/framework/src/Illuminate/Database/Seeder.php(188): Illuminate\\Container\\Container->call(Array, Array)
#30 /var/www/html/vendor/laravel/framework/src/Illuminate/Database/Seeder.php(197): Illuminate\\Database\\Seeder->Illuminate\\Database\\{closure}()
#31 /var/www/html/vendor/laravel/framework/src/Illuminate/Database/Console/Seeds/SeedCommand.php(71): Illuminate\\Database\\Seeder->__invoke()
#32 /var/www/html/vendor/laravel/framework/src/Illuminate/Database/Eloquent/Concerns/GuardsAttributes.php(155): Illuminate\\Database\\Console\\Seeds\\SeedCommand->Illuminate\\Database\\Console\\Seeds\\{closure}()
#33 /var/www/html/vendor/laravel/framework/src/Illuminate/Database/Console/Seeds/SeedCommand.php(70): Illuminate\\Database\\Eloquent\\Model::unguarded(Object(Closure))
#34 /var/www/html/vendor/laravel/framework/src/Illuminate/Container/BoundMethod.php(36): Illuminate\\Database\\Console\\Seeds\\SeedCommand->handle()
#35 /var/www/html/vendor/laravel/framework/src/Illuminate/Container/Util.php(43): Illuminate\\Container\\BoundMethod::Illuminate\\Container\\{closure}()
#36 /var/www/html/vendor/laravel/framework/src/Illuminate/Container/BoundMethod.php(96): Illuminate\\Container\\Util::unwrapIfClosure(Object(Closure))
#37 /var/www/html/vendor/laravel/framework/src/Illuminate/Container/BoundMethod.php(35): Illuminate\\Container\\BoundMethod::callBoundMethod(Object(Illuminate\\Foundation\\Application), Array, Object(Closure))
#38 /var/www/html/vendor/laravel/framework/src/Illuminate/Container/Container.php(754): Illuminate\\Container\\BoundMethod::call(Object(Illuminate\\Foundation\\Application), Array, Array, NULL)
#39 /var/www/html/vendor/laravel/framework/src/Illuminate/Console/Command.php(211): Illuminate\\Container\\Container->call(Array)
#40 /var/www/html/vendor/symfony/console/Command/Command.php(279): Illuminate\\Console\\Command->execute(Object(Symfony\\Component\\Console\\Input\\ArgvInput), Object(Illuminate\\Console\\OutputStyle))
#41 /var/www/html/vendor/laravel/framework/src/Illuminate/Console/Command.php(180): Symfony\\Component\\Console\\Command\\Command->run(Object(Symfony\\Component\\Console\\Input\\ArgvInput), Object(Illuminate\\Console\\OutputStyle))
#42 /var/www/html/vendor/symfony/console/Application.php(1094): Illuminate\\Console\\Command->run(Object(Symfony\\Component\\Console\\Input\\ArgvInput), Object(Symfony\\Component\\Console\\Output\\ConsoleOutput))
#43 /var/www/html/vendor/symfony/console/Application.php(342): Symfony\\Component\\Console\\Application->doRunCommand(Object(Illuminate\\Database\\Console\\Seeds\\SeedCommand), Object(Symfony\\Component\\Console\\Input\\ArgvInput), Object(Symfony\\Component\\Console\\Output\\ConsoleOutput))
#44 /var/www/html/vendor/symfony/console/Application.php(193): Symfony\\Component\\Console\\Application->doRun(Object(Symfony\\Component\\Console\\Input\\ArgvInput), Object(Symfony\\Component\\Console\\Output\\ConsoleOutput))
#45 /var/www/html/vendor/laravel/framework/src/Illuminate/Foundation/Console/Kernel.php(197): Symfony\\Component\\Console\\Application->run(Object(Symfony\\Component\\Console\\Input\\ArgvInput), Object(Symfony\\Component\\Console\\Output\\ConsoleOutput))
#46 /var/www/html/vendor/laravel/framework/src/Illuminate/Foundation/Application.php(1234): Illuminate\\Foundation\\Console\\Kernel->handle(Object(Symfony\\Component\\Console\\Input\\ArgvInput), Object(Symfony\\Component\\Console\\Output\\ConsoleOutput))
#47 /var/www/html/artisan(16): Illuminate\\Foundation\\Application->handleCommand(Object(Symfony\\Component\\Console\\Input\\ArgvInput))
#48 {main}

[previous exception] [object] (PDOException(code: 23000): SQLSTATE[23000]: Integrity constraint violation: 19 UNIQUE constraint failed: users.email at /var/www/html/vendor/laravel/framework/src/Illuminate/Database/Connection.php:568)
[stacktrace]
#0 /var/www/html/vendor/laravel/framework/src/Illuminate/Database/Connection.php(568): PDOStatement->execute()
#1 /var/www/html/vendor/laravel/framework/src/Illuminate/Database/Connection.php(809): Illuminate\\Database\\Connection->Illuminate\\Database\\{closure}('insert into \"us...', Array)
#2 /var/www/html/vendor/laravel/framework/src/Illuminate/Database/Connection.php(776): Illuminate\\Database\\Connection->runQueryCallback('insert into \"us...', Array, Object(Closure))
#3 /var/www/html/vendor/laravel/framework/src/Illuminate/Database/Connection.php(557): Illuminate\\Database\\Connection->run('insert into \"us...', Array, Object(Closure))
#4 /var/www/html/vendor/laravel/framework/src/Illuminate/Database/Connection.php(521): Illuminate\\Database\\Connection->statement('insert into \"us...', Array)
#5 /var/www/html/vendor/laravel/framework/src/Illuminate/Database/Query/Processors/Processor.php(32): Illuminate\\Database\\Connection->insert('insert into \"us...', Array)
#6 /var/www/html/vendor/laravel/framework/src/Illuminate/Database/Query/Builder.php(3779): Illuminate\\Database\\Query\\Processors\\Processor->processInsertGetId(Object(Illuminate\\Database\\Query\\Builder), 'insert into \"us...', Array, 'id')
#7 /var/www/html/vendor/laravel/framework/src/Illuminate/Database/Eloquent/Builder.php(2204): Illuminate\\Database\\Query\\Builder->insertGetId(Array, 'id')
#8 /var/www/html/vendor/laravel/framework/src/Illuminate/Database/Eloquent/Model.php(1408): Illuminate\\Database\\Eloquent\\Builder->__call('insertGetId', Array)
#9 /var/www/html/vendor/laravel/framework/src/Illuminate/Database/Eloquent/Model.php(1373): Illuminate\\Database\\Eloquent\\Model->insertAndSetId(Object(Illuminate\\Database\\Eloquent\\Builder), Array)
#10 /var/www/html/vendor/laravel/framework/src/Illuminate/Database/Eloquent/Model.php(1212): Illuminate\\Database\\Eloquent\\Model->performInsert(Object(Illuminate\\Database\\Eloquent\\Builder))
#11 /var/www/html/vendor/laravel/framework/src/Illuminate/Database/Eloquent/Factories/Factory.php(351): Illuminate\\Database\\Eloquent\\Model->save()
#12 /var/www/html/vendor/laravel/framework/src/Illuminate/Collections/Traits/EnumeratesValues.php(274): Illuminate\\Database\\Eloquent\\Factories\\Factory->Illuminate\\Database\\Eloquent\\Factories\\{closure}(Object(App\\Models\\User), 0)
#13 /var/www/html/vendor/laravel/framework/src/Illuminate/Database/Eloquent/Factories/Factory.php(346): Illuminate\\Support\\Collection->each(Object(Closure))
#14 /var/www/html/vendor/laravel/framework/src/Illuminate/Database/Eloquent/Factories/Factory.php(302): Illuminate\\Database\\Eloquent\\Factories\\Factory->store(Object(Illuminate\\Support\\Collection))
#15 /var/www/html/vendor/laravel/framework/src/Illuminate/Database/Eloquent/Factories/Factory.php(296): Illuminate\\Database\\Eloquent\\Factories\\Factory->create(Array, NULL)
#16 /var/www/html/database/seeders/UsersSeeder.php(16): Illuminate\\Database\\Eloquent\\Factories\\Factory->create(Array)
#17 /var/www/html/vendor/laravel/framework/src/Illuminate/Container/BoundMethod.php(36): Database\\Seeders\\UsersSeeder->run()
#18 /var/www/html/vendor/laravel/framework/src/Illuminate/Container/Util.php(43): Illuminate\\Container\\BoundMethod::Illuminate\\Container\\{closure}()
#19 /var/www/html/vendor/laravel/framework/src/Illuminate/Container/BoundMethod.php(96): Illuminate\\Container\\Util::unwrapIfClosure(Object(Closure))
#20 /var/www/html/vendor/laravel/framework/src/Illuminate/Container/BoundMethod.php(35): Illuminate\\Container\\BoundMethod::callBoundMethod(Object(Illuminate\\Foundation\\Application), Array, Object(Closure))
#21 /var/www/html/vendor/laravel/framework/src/Illuminate/Container/Container.php(754): Illuminate\\Container\\BoundMethod::call(Object(Illuminate\\Foundation\\Application), Array, Array, NULL)
#22 /var/www/html/vendor/laravel/framework/src/Illuminate/Database/Seeder.php(188): Illuminate\\Container\\Container->call(Array, Array)
#23 /var/www/html/vendor/laravel/framework/src/Illuminate/Database/Seeder.php(197): Illuminate\\Database\\Seeder->Illuminate\\Database\\{closure}()
#24 /var/www/html/vendor/laravel/framework/src/Illuminate/Database/Seeder.php(61): Illuminate\\Database\\Seeder->__invoke(Array)
#25 /var/www/html/database/seeders/DatabaseSeeder.php(24): Illuminate\\Database\\Seeder->call('Database\\\\Seeder...')
#26 /var/www/html/vendor/laravel/framework/src/Illuminate/Container/BoundMethod.php(36): Database\\Seeders\\DatabaseSeeder->run()
#27 /var/www/html/vendor/laravel/framework/src/Illuminate/Container/Util.php(43): Illuminate\\Container\\BoundMethod::Illuminate\\Container\\{closure}()
#28 /var/www/html/vendor/laravel/framework/src/Illuminate/Container/BoundMethod.php(96): Illuminate\\Container\\Util::unwrapIfClosure(Object(Closure))
#29 /var/www/html/vendor/laravel/framework/src/Illuminate/Container/BoundMethod.php(35): Illuminate\\Container\\BoundMethod::callBoundMethod(Object(Illuminate\\Foundation\\Application), Array, Object(Closure))
#30 /var/www/html/vendor/laravel/framework/src/Illuminate/Container/Container.php(754): Illuminate\\Container\\BoundMethod::call(Object(Illuminate\\Foundation\\Application), Array, Array, NULL)
#31 /var/www/html/vendor/laravel/framework/src/Illuminate/Database/Seeder.php(188): Illuminate\\Container\\Container->call(Array, Array)
#32 /var/www/html/vendor/laravel/framework/src/Illuminate/Database/Seeder.php(197): Illuminate\\Database\\Seeder->Illuminate\\Database\\{closure}()
#33 /var/www/html/vendor/laravel/framework/src/Illuminate/Database/Console/Seeds/SeedCommand.php(71): Illuminate\\Database\\Seeder->__invoke()
#34 /var/www/html/vendor/laravel/framework/src/Illuminate/Database/Eloquent/Concerns/GuardsAttributes.php(155): Illuminate\\Database\\Console\\Seeds\\SeedCommand->Illuminate\\Database\\Console\\Seeds\\{closure}()
#35 /var/www/html/vendor/laravel/framework/src/Illuminate/Database/Console/Seeds/SeedCommand.php(70): Illuminate\\Database\\Eloquent\\Model::unguarded(Object(Closure))
#36 /var/www/html/vendor/laravel/framework/src/Illuminate/Container/BoundMethod.php(36): Illuminate\\Database\\Console\\Seeds\\SeedCommand->handle()
#37 /var/www/html/vendor/laravel/framework/src/Illuminate/Container/Util.php(43): Illuminate\\Container\\BoundMethod::Illuminate\\Container\\{closure}()
#38 /var/www/html/vendor/laravel/framework/src/Illuminate/Container/BoundMethod.php(96): Illuminate\\Container\\Util::unwrapIfClosure(Object(Closure))
#39 /var/www/html/vendor/laravel/framework/src/Illuminate/Container/BoundMethod.php(35): Illuminate\\Container\\BoundMethod::callBoundMethod(Object(Illuminate\\Foundation\\Application), Array, Object(Closure))
#40 /var/www/html/vendor/laravel/framework/src/Illuminate/Container/Container.php(754): Illuminate\\Container\\BoundMethod::call(Object(Illuminate\\Foundation\\Application), Array, Array, NULL)
#41 /var/www/html/vendor/laravel/framework/src/Illuminate/Console/Command.php(211): Illuminate\\Container\\Container->call(Array)
#42 /var/www/html/vendor/symfony/console/Command/Command.php(279): Illuminate\\Console\\Command->execute(Object(Symfony\\Component\\Console\\Input\\ArgvInput), Object(Illuminate\\Console\\OutputStyle))
#43 /var/www/html/vendor/laravel/framework/src/Illuminate/Console/Command.php(180): Symfony\\Component\\Console\\Command\\Command->run(Object(Symfony\\Component\\Console\\Input\\ArgvInput), Object(Illuminate\\Console\\OutputStyle))
#44 /var/www/html/vendor/symfony/console/Application.php(1094): Illuminate\\Console\\Command->run(Object(Symfony\\Component\\Console\\Input\\ArgvInput), Object(Symfony\\Component\\Console\\Output\\ConsoleOutput))
#45 /var/www/html/vendor/symfony/console/Application.php(342): Symfony\\Component\\Console\\Application->doRunCommand(Object(Illuminate\\Database\\Console\\Seeds\\SeedCommand), Object(Symfony\\Component\\Console\\Input\\ArgvInput), Object(Symfony\\Component\\Console\\Output\\ConsoleOutput))
#46 /var/www/html/vendor/symfony/console/Application.php(193): Symfony\\Component\\Console\\Application->doRun(Object(Symfony\\Component\\Console\\Input\\ArgvInput), Object(Symfony\\Component\\Console\\Output\\ConsoleOutput))
#47 /var/www/html/vendor/laravel/framework/src/Illuminate/Foundation/Console/Kernel.php(197): Symfony\\Component\\Console\\Application->run(Object(Symfony\\Component\\Console\\Input\\ArgvInput), Object(Symfony\\Component\\Console\\Output\\ConsoleOutput))
#48 /var/www/html/vendor/laravel/framework/src/Illuminate/Foundation/Application.php(1234): Illuminate\\Foundation\\Console\\Kernel->handle(Object(Symfony\\Component\\Console\\Input\\ArgvInput), Object(Symfony\\Component\\Console\\Output\\ConsoleOutput))
#49 /var/www/html/artisan(16): Illuminate\\Foundation\\Application->handleCommand(Object(Symfony\\Component\\Console\\Input\\ArgvInput))
#50 {main}
"} 
[2025-05-10 01:50:36] production.ERROR: SQLSTATE[23000]: Integrity constraint violation: 19 UNIQUE constraint failed: users.email (Connection: sqlite, SQL: insert into "users" ("name", "email", "email_verified_at", "password", "remember_token", "is_admin", "updated_at", "created_at") values (Admin User, admin@share.co.nz, 2025-05-10 01:50:36, $2y$12$at7hu5QnU1VjOMdQn7BUw.egc5MOOUfw7gW8cU.WKH55JNxizIjCm, zvZVyB0Nlt, 1, 2025-05-10 01:50:36, 2025-05-10 01:50:36)) {"exception":"[object] (Illuminate\\Database\\UniqueConstraintViolationException(code: 23000): SQLSTATE[23000]: Integrity constraint violation: 19 UNIQUE constraint failed: users.email (Connection: sqlite, SQL: insert into \"users\" (\"name\", \"email\", \"email_verified_at\", \"password\", \"remember_token\", \"is_admin\", \"updated_at\", \"created_at\") values (Admin User, admin@share.co.nz, 2025-05-10 01:50:36, $2y$12$at7hu5QnU1VjOMdQn7BUw.egc5MOOUfw7gW8cU.WKH55JNxizIjCm, zvZVyB0Nlt, 1, 2025-05-10 01:50:36, 2025-05-10 01:50:36)) at /var/www/html/vendor/laravel/framework/src/Illuminate/Database/Connection.php:817)
[stacktrace]
#0 /var/www/html/vendor/laravel/framework/src/Illuminate/Database/Connection.php(776): Illuminate\\Database\\Connection->runQueryCallback('insert into \"us...', Array, Object(Closure))
#1 /var/www/html/vendor/laravel/framework/src/Illuminate/Database/Connection.php(557): Illuminate\\Database\\Connection->run('insert into \"us...', Array, Object(Closure))
#2 /var/www/html/vendor/laravel/framework/src/Illuminate/Database/Connection.php(521): Illuminate\\Database\\Connection->statement('insert into \"us...', Array)
#3 /var/www/html/vendor/laravel/framework/src/Illuminate/Database/Query/Processors/Processor.php(32): Illuminate\\Database\\Connection->insert('insert into \"us...', Array)
#4 /var/www/html/vendor/laravel/framework/src/Illuminate/Database/Query/Builder.php(3779): Illuminate\\Database\\Query\\Processors\\Processor->processInsertGetId(Object(Illuminate\\Database\\Query\\Builder), 'insert into \"us...', Array, 'id')
#5 /var/www/html/vendor/laravel/framework/src/Illuminate/Database/Eloquent/Builder.php(2204): Illuminate\\Database\\Query\\Builder->insertGetId(Array, 'id')
#6 /var/www/html/vendor/laravel/framework/src/Illuminate/Database/Eloquent/Model.php(1408): Illuminate\\Database\\Eloquent\\Builder->__call('insertGetId', Array)
#7 /var/www/html/vendor/laravel/framework/src/Illuminate/Database/Eloquent/Model.php(1373): Illuminate\\Database\\Eloquent\\Model->insertAndSetId(Object(Illuminate\\Database\\Eloquent\\Builder), Array)
#8 /var/www/html/vendor/laravel/framework/src/Illuminate/Database/Eloquent/Model.php(1212): Illuminate\\Database\\Eloquent\\Model->performInsert(Object(Illuminate\\Database\\Eloquent\\Builder))
#9 /var/www/html/vendor/laravel/framework/src/Illuminate/Database/Eloquent/Factories/Factory.php(351): Illuminate\\Database\\Eloquent\\Model->save()
#10 /var/www/html/vendor/laravel/framework/src/Illuminate/Collections/Traits/EnumeratesValues.php(274): Illuminate\\Database\\Eloquent\\Factories\\Factory->Illuminate\\Database\\Eloquent\\Factories\\{closure}(Object(App\\Models\\User), 0)
#11 /var/www/html/vendor/laravel/framework/src/Illuminate/Database/Eloquent/Factories/Factory.php(346): Illuminate\\Support\\Collection->each(Object(Closure))
#12 /var/www/html/vendor/laravel/framework/src/Illuminate/Database/Eloquent/Factories/Factory.php(302): Illuminate\\Database\\Eloquent\\Factories\\Factory->store(Object(Illuminate\\Support\\Collection))
#13 /var/www/html/vendor/laravel/framework/src/Illuminate/Database/Eloquent/Factories/Factory.php(296): Illuminate\\Database\\Eloquent\\Factories\\Factory->create(Array, NULL)
#14 /var/www/html/database/seeders/UsersSeeder.php(16): Illuminate\\Database\\Eloquent\\Factories\\Factory->create(Array)
#15 /var/www/html/vendor/laravel/framework/src/Illuminate/Container/BoundMethod.php(36): Database\\Seeders\\UsersSeeder->run()
#16 /var/www/html/vendor/laravel/framework/src/Illuminate/Container/Util.php(43): Illuminate\\Container\\BoundMethod::Illuminate\\Container\\{closure}()
#17 /var/www/html/vendor/laravel/framework/src/Illuminate/Container/BoundMethod.php(96): Illuminate\\Container\\Util::unwrapIfClosure(Object(Closure))
#18 /var/www/html/vendor/laravel/framework/src/Illuminate/Container/BoundMethod.php(35): Illuminate\\Container\\BoundMethod::callBoundMethod(Object(Illuminate\\Foundation\\Application), Array, Object(Closure))
#19 /var/www/html/vendor/laravel/framework/src/Illuminate/Container/Container.php(754): Illuminate\\Container\\BoundMethod::call(Object(Illuminate\\Foundation\\Application), Array, Array, NULL)
#20 /var/www/html/vendor/laravel/framework/src/Illuminate/Database/Seeder.php(188): Illuminate\\Container\\Container->call(Array, Array)
#21 /var/www/html/vendor/laravel/framework/src/Illuminate/Database/Seeder.php(197): Illuminate\\Database\\Seeder->Illuminate\\Database\\{closure}()
#22 /var/www/html/vendor/laravel/framework/src/Illuminate/Database/Seeder.php(61): Illuminate\\Database\\Seeder->__invoke(Array)
#23 /var/www/html/database/seeders/DatabaseSeeder.php(24): Illuminate\\Database\\Seeder->call('Database\\\\Seeder...')
#24 /var/www/html/vendor/laravel/framework/src/Illuminate/Container/BoundMethod.php(36): Database\\Seeders\\DatabaseSeeder->run()
#25 /var/www/html/vendor/laravel/framework/src/Illuminate/Container/Util.php(43): Illuminate\\Container\\BoundMethod::Illuminate\\Container\\{closure}()
#26 /var/www/html/vendor/laravel/framework/src/Illuminate/Container/BoundMethod.php(96): Illuminate\\Container\\Util::unwrapIfClosure(Object(Closure))
#27 /var/www/html/vendor/laravel/framework/src/Illuminate/Container/BoundMethod.php(35): Illuminate\\Container\\BoundMethod::callBoundMethod(Object(Illuminate\\Foundation\\Application), Array, Object(Closure))
#28 /var/www/html/vendor/laravel/framework/src/Illuminate/Container/Container.php(754): Illuminate\\Container\\BoundMethod::call(Object(Illuminate\\Foundation\\Application), Array, Array, NULL)
#29 /var/www/html/vendor/laravel/framework/src/Illuminate/Database/Seeder.php(188): Illuminate\\Container\\Container->call(Array, Array)
#30 /var/www/html/vendor/laravel/framework/src/Illuminate/Database/Seeder.php(197): Illuminate\\Database\\Seeder->Illuminate\\Database\\{closure}()
#31 /var/www/html/vendor/laravel/framework/src/Illuminate/Database/Console/Seeds/SeedCommand.php(71): Illuminate\\Database\\Seeder->__invoke()
#32 /var/www/html/vendor/laravel/framework/src/Illuminate/Database/Eloquent/Concerns/GuardsAttributes.php(155): Illuminate\\Database\\Console\\Seeds\\SeedCommand->Illuminate\\Database\\Console\\Seeds\\{closure}()
#33 /var/www/html/vendor/laravel/framework/src/Illuminate/Database/Console/Seeds/SeedCommand.php(70): Illuminate\\Database\\Eloquent\\Model::unguarded(Object(Closure))
#34 /var/www/html/vendor/laravel/framework/src/Illuminate/Container/BoundMethod.php(36): Illuminate\\Database\\Console\\Seeds\\SeedCommand->handle()
#35 /var/www/html/vendor/laravel/framework/src/Illuminate/Container/Util.php(43): Illuminate\\Container\\BoundMethod::Illuminate\\Container\\{closure}()
#36 /var/www/html/vendor/laravel/framework/src/Illuminate/Container/BoundMethod.php(96): Illuminate\\Container\\Util::unwrapIfClosure(Object(Closure))
#37 /var/www/html/vendor/laravel/framework/src/Illuminate/Container/BoundMethod.php(35): Illuminate\\Container\\BoundMethod::callBoundMethod(Object(Illuminate\\Foundation\\Application), Array, Object(Closure))
#38 /var/www/html/vendor/laravel/framework/src/Illuminate/Container/Container.php(754): Illuminate\\Container\\BoundMethod::call(Object(Illuminate\\Foundation\\Application), Array, Array, NULL)
#39 /var/www/html/vendor/laravel/framework/src/Illuminate/Console/Command.php(211): Illuminate\\Container\\Container->call(Array)
#40 /var/www/html/vendor/symfony/console/Command/Command.php(279): Illuminate\\Console\\Command->execute(Object(Symfony\\Component\\Console\\Input\\ArgvInput), Object(Illuminate\\Console\\OutputStyle))
#41 /var/www/html/vendor/laravel/framework/src/Illuminate/Console/Command.php(180): Symfony\\Component\\Console\\Command\\Command->run(Object(Symfony\\Component\\Console\\Input\\ArgvInput), Object(Illuminate\\Console\\OutputStyle))
#42 /var/www/html/vendor/symfony/console/Application.php(1094): Illuminate\\Console\\Command->run(Object(Symfony\\Component\\Console\\Input\\ArgvInput), Object(Symfony\\Component\\Console\\Output\\ConsoleOutput))
#43 /var/www/html/vendor/symfony/console/Application.php(342): Symfony\\Component\\Console\\Application->doRunCommand(Object(Illuminate\\Database\\Console\\Seeds\\SeedCommand), Object(Symfony\\Component\\Console\\Input\\ArgvInput), Object(Symfony\\Component\\Console\\Output\\ConsoleOutput))
#44 /var/www/html/vendor/symfony/console/Application.php(193): Symfony\\Component\\Console\\Application->doRun(Object(Symfony\\Component\\Console\\Input\\ArgvInput), Object(Symfony\\Component\\Console\\Output\\ConsoleOutput))
#45 /var/www/html/vendor/laravel/framework/src/Illuminate/Foundation/Console/Kernel.php(197): Symfony\\Component\\Console\\Application->run(Object(Symfony\\Component\\Console\\Input\\ArgvInput), Object(Symfony\\Component\\Console\\Output\\ConsoleOutput))
#46 /var/www/html/vendor/laravel/framework/src/Illuminate/Foundation/Application.php(1234): Illuminate\\Foundation\\Console\\Kernel->handle(Object(Symfony\\Component\\Console\\Input\\ArgvInput), Object(Symfony\\Component\\Console\\Output\\ConsoleOutput))
#47 /var/www/html/artisan(16): Illuminate\\Foundation\\Application->handleCommand(Object(Symfony\\Component\\Console\\Input\\ArgvInput))
#48 {main}

[previous exception] [object] (PDOException(code: 23000): SQLSTATE[23000]: Integrity constraint violation: 19 UNIQUE constraint failed: users.email at /var/www/html/vendor/laravel/framework/src/Illuminate/Database/Connection.php:568)
[stacktrace]
#0 /var/www/html/vendor/laravel/framework/src/Illuminate/Database/Connection.php(568): PDOStatement->execute()
#1 /var/www/html/vendor/laravel/framework/src/Illuminate/Database/Connection.php(809): Illuminate\\Database\\Connection->Illuminate\\Database\\{closure}('insert into \"us...', Array)
#2 /var/www/html/vendor/laravel/framework/src/Illuminate/Database/Connection.php(776): Illuminate\\Database\\Connection->runQueryCallback('insert into \"us...', Array, Object(Closure))
#3 /var/www/html/vendor/laravel/framework/src/Illuminate/Database/Connection.php(557): Illuminate\\Database\\Connection->run('insert into \"us...', Array, Object(Closure))
#4 /var/www/html/vendor/laravel/framework/src/Illuminate/Database/Connection.php(521): Illuminate\\Database\\Connection->statement('insert into \"us...', Array)
#5 /var/www/html/vendor/laravel/framework/src/Illuminate/Database/Query/Processors/Processor.php(32): Illuminate\\Database\\Connection->insert('insert into \"us...', Array)
#6 /var/www/html/vendor/laravel/framework/src/Illuminate/Database/Query/Builder.php(3779): Illuminate\\Database\\Query\\Processors\\Processor->processInsertGetId(Object(Illuminate\\Database\\Query\\Builder), 'insert into \"us...', Array, 'id')
#7 /var/www/html/vendor/laravel/framework/src/Illuminate/Database/Eloquent/Builder.php(2204): Illuminate\\Database\\Query\\Builder->insertGetId(Array, 'id')
#8 /var/www/html/vendor/laravel/framework/src/Illuminate/Database/Eloquent/Model.php(1408): Illuminate\\Database\\Eloquent\\Builder->__call('insertGetId', Array)
#9 /var/www/html/vendor/laravel/framework/src/Illuminate/Database/Eloquent/Model.php(1373): Illuminate\\Database\\Eloquent\\Model->insertAndSetId(Object(Illuminate\\Database\\Eloquent\\Builder), Array)
#10 /var/www/html/vendor/laravel/framework/src/Illuminate/Database/Eloquent/Model.php(1212): Illuminate\\Database\\Eloquent\\Model->performInsert(Object(Illuminate\\Database\\Eloquent\\Builder))
#11 /var/www/html/vendor/laravel/framework/src/Illuminate/Database/Eloquent/Factories/Factory.php(351): Illuminate\\Database\\Eloquent\\Model->save()
#12 /var/www/html/vendor/laravel/framework/src/Illuminate/Collections/Traits/EnumeratesValues.php(274): Illuminate\\Database\\Eloquent\\Factories\\Factory->Illuminate\\Database\\Eloquent\\Factories\\{closure}(Object(App\\Models\\User), 0)
#13 /var/www/html/vendor/laravel/framework/src/Illuminate/Database/Eloquent/Factories/Factory.php(346): Illuminate\\Support\\Collection->each(Object(Closure))
#14 /var/www/html/vendor/laravel/framework/src/Illuminate/Database/Eloquent/Factories/Factory.php(302): Illuminate\\Database\\Eloquent\\Factories\\Factory->store(Object(Illuminate\\Support\\Collection))
#15 /var/www/html/vendor/laravel/framework/src/Illuminate/Database/Eloquent/Factories/Factory.php(296): Illuminate\\Database\\Eloquent\\Factories\\Factory->create(Array, NULL)
#16 /var/www/html/database/seeders/UsersSeeder.php(16): Illuminate\\Database\\Eloquent\\Factories\\Factory->create(Array)
#17 /var/www/html/vendor/laravel/framework/src/Illuminate/Container/BoundMethod.php(36): Database\\Seeders\\UsersSeeder->run()
#18 /var/www/html/vendor/laravel/framework/src/Illuminate/Container/Util.php(43): Illuminate\\Container\\BoundMethod::Illuminate\\Container\\{closure}()
#19 /var/www/html/vendor/laravel/framework/src/Illuminate/Container/BoundMethod.php(96): Illuminate\\Container\\Util::unwrapIfClosure(Object(Closure))
#20 /var/www/html/vendor/laravel/framework/src/Illuminate/Container/BoundMethod.php(35): Illuminate\\Container\\BoundMethod::callBoundMethod(Object(Illuminate\\Foundation\\Application), Array, Object(Closure))
#21 /var/www/html/vendor/laravel/framework/src/Illuminate/Container/Container.php(754): Illuminate\\Container\\BoundMethod::call(Object(Illuminate\\Foundation\\Application), Array, Array, NULL)
#22 /var/www/html/vendor/laravel/framework/src/Illuminate/Database/Seeder.php(188): Illuminate\\Container\\Container->call(Array, Array)
#23 /var/www/html/vendor/laravel/framework/src/Illuminate/Database/Seeder.php(197): Illuminate\\Database\\Seeder->Illuminate\\Database\\{closure}()
#24 /var/www/html/vendor/laravel/framework/src/Illuminate/Database/Seeder.php(61): Illuminate\\Database\\Seeder->__invoke(Array)
#25 /var/www/html/database/seeders/DatabaseSeeder.php(24): Illuminate\\Database\\Seeder->call('Database\\\\Seeder...')
#26 /var/www/html/vendor/laravel/framework/src/Illuminate/Container/BoundMethod.php(36): Database\\Seeders\\DatabaseSeeder->run()
#27 /var/www/html/vendor/laravel/framework/src/Illuminate/Container/Util.php(43): Illuminate\\Container\\BoundMethod::Illuminate\\Container\\{closure}()
#28 /var/www/html/vendor/laravel/framework/src/Illuminate/Container/BoundMethod.php(96): Illuminate\\Container\\Util::unwrapIfClosure(Object(Closure))
#29 /var/www/html/vendor/laravel/framework/src/Illuminate/Container/BoundMethod.php(35): Illuminate\\Container\\BoundMethod::callBoundMethod(Object(Illuminate\\Foundation\\Application), Array, Object(Closure))
#30 /var/www/html/vendor/laravel/framework/src/Illuminate/Container/Container.php(754): Illuminate\\Container\\BoundMethod::call(Object(Illuminate\\Foundation\\Application), Array, Array, NULL)
#31 /var/www/html/vendor/laravel/framework/src/Illuminate/Database/Seeder.php(188): Illuminate\\Container\\Container->call(Array, Array)
#32 /var/www/html/vendor/laravel/framework/src/Illuminate/Database/Seeder.php(197): Illuminate\\Database\\Seeder->Illuminate\\Database\\{closure}()
#33 /var/www/html/vendor/laravel/framework/src/Illuminate/Database/Console/Seeds/SeedCommand.php(71): Illuminate\\Database\\Seeder->__invoke()
#34 /var/www/html/vendor/laravel/framework/src/Illuminate/Database/Eloquent/Concerns/GuardsAttributes.php(155): Illuminate\\Database\\Console\\Seeds\\SeedCommand->Illuminate\\Database\\Console\\Seeds\\{closure}()
#35 /var/www/html/vendor/laravel/framework/src/Illuminate/Database/Console/Seeds/SeedCommand.php(70): Illuminate\\Database\\Eloquent\\Model::unguarded(Object(Closure))
#36 /var/www/html/vendor/laravel/framework/src/Illuminate/Container/BoundMethod.php(36): Illuminate\\Database\\Console\\Seeds\\SeedCommand->handle()
#37 /var/www/html/vendor/laravel/framework/src/Illuminate/Container/Util.php(43): Illuminate\\Container\\BoundMethod::Illuminate\\Container\\{closure}()
#38 /var/www/html/vendor/laravel/framework/src/Illuminate/Container/BoundMethod.php(96): Illuminate\\Container\\Util::unwrapIfClosure(Object(Closure))
#39 /var/www/html/vendor/laravel/framework/src/Illuminate/Container/BoundMethod.php(35): Illuminate\\Container\\BoundMethod::callBoundMethod(Object(Illuminate\\Foundation\\Application), Array, Object(Closure))
#40 /var/www/html/vendor/laravel/framework/src/Illuminate/Container/Container.php(754): Illuminate\\Container\\BoundMethod::call(Object(Illuminate\\Foundation\\Application), Array, Array, NULL)
#41 /var/www/html/vendor/laravel/framework/src/Illuminate/Console/Command.php(211): Illuminate\\Container\\Container->call(Array)
#42 /var/www/html/vendor/symfony/console/Command/Command.php(279): Illuminate\\Console\\Command->execute(Object(Symfony\\Component\\Console\\Input\\ArgvInput), Object(Illuminate\\Console\\OutputStyle))
#43 /var/www/html/vendor/laravel/framework/src/Illuminate/Console/Command.php(180): Symfony\\Component\\Console\\Command\\Command->run(Object(Symfony\\Component\\Console\\Input\\ArgvInput), Object(Illuminate\\Console\\OutputStyle))
#44 /var/www/html/vendor/symfony/console/Application.php(1094): Illuminate\\Console\\Command->run(Object(Symfony\\Component\\Console\\Input\\ArgvInput), Object(Symfony\\Component\\Console\\Output\\ConsoleOutput))
#45 /var/www/html/vendor/symfony/console/Application.php(342): Symfony\\Component\\Console\\Application->doRunCommand(Object(Illuminate\\Database\\Console\\Seeds\\SeedCommand), Object(Symfony\\Component\\Console\\Input\\ArgvInput), Object(Symfony\\Component\\Console\\Output\\ConsoleOutput))
#46 /var/www/html/vendor/symfony/console/Application.php(193): Symfony\\Component\\Console\\Application->doRun(Object(Symfony\\Component\\Console\\Input\\ArgvInput), Object(Symfony\\Component\\Console\\Output\\ConsoleOutput))
#47 /var/www/html/vendor/laravel/framework/src/Illuminate/Foundation/Console/Kernel.php(197): Symfony\\Component\\Console\\Application->run(Object(Symfony\\Component\\Console\\Input\\ArgvInput), Object(Symfony\\Component\\Console\\Output\\ConsoleOutput))
#48 /var/www/html/vendor/laravel/framework/src/Illuminate/Foundation/Application.php(1234): Illuminate\\Foundation\\Console\\Kernel->handle(Object(Symfony\\Component\\Console\\Input\\ArgvInput), Object(Symfony\\Component\\Console\\Output\\ConsoleOutput))
#49 /var/www/html/artisan(16): Illuminate\\Foundation\\Application->handleCommand(Object(Symfony\\Component\\Console\\Input\\ArgvInput))
#50 {main}
"} 
[2025-05-10 01:52:14] production.ERROR: No application encryption key has been specified. {"exception":"[object] (Illuminate\\Encryption\\MissingAppKeyException(code: 0): No application encryption key has been specified. at /var/www/html/vendor/laravel/framework/src/Illuminate/Encryption/EncryptionServiceProvider.php:83)
[stacktrace]
#0 /var/www/html/vendor/laravel/framework/src/Illuminate/Support/helpers.php(399): Illuminate\\Encryption\\EncryptionServiceProvider->Illuminate\\Encryption\\{closure}(NULL)
#1 /var/www/html/vendor/laravel/framework/src/Illuminate/Encryption/EncryptionServiceProvider.php(81): tap(NULL, Object(Closure))
#2 /var/www/html/vendor/laravel/framework/src/Illuminate/Encryption/EncryptionServiceProvider.php(64): Illuminate\\Encryption\\EncryptionServiceProvider->key(Array)
#3 /var/www/html/vendor/laravel/framework/src/Illuminate/Encryption/EncryptionServiceProvider.php(32): Illuminate\\Encryption\\EncryptionServiceProvider->parseKey(Array)
#4 /var/www/html/vendor/laravel/framework/src/Illuminate/Container/Container.php(1010): Illuminate\\Encryption\\EncryptionServiceProvider->Illuminate\\Encryption\\{closure}(Object(Illuminate\\Foundation\\Application), Array)
#5 /var/www/html/vendor/laravel/framework/src/Illuminate/Container/Container.php(890): Illuminate\\Container\\Container->build(Object(Closure))
#6 /var/www/html/vendor/laravel/framework/src/Illuminate/Foundation/Application.php(1077): Illuminate\\Container\\Container->resolve('encrypter', Array, true)
#7 /var/www/html/vendor/laravel/framework/src/Illuminate/Container/Container.php(821): Illuminate\\Foundation\\Application->resolve('encrypter', Array)
#8 /var/www/html/vendor/laravel/framework/src/Illuminate/Foundation/Application.php(1057): Illuminate\\Container\\Container->make('encrypter', Array)
#9 /var/www/html/vendor/laravel/framework/src/Illuminate/Container/Container.php(1202): Illuminate\\Foundation\\Application->make('encrypter')
#10 /var/www/html/vendor/laravel/framework/src/Illuminate/Container/Container.php(1101): Illuminate\\Container\\Container->resolveClass(Object(ReflectionParameter))
#11 /var/www/html/vendor/laravel/framework/src/Illuminate/Container/Container.php(1052): Illuminate\\Container\\Container->resolveDependencies(Array)
#12 /var/www/html/vendor/laravel/framework/src/Illuminate/Container/Container.php(890): Illuminate\\Container\\Container->build('Illuminate\\\\Cook...')
#13 /var/www/html/vendor/laravel/framework/src/Illuminate/Foundation/Application.php(1077): Illuminate\\Container\\Container->resolve('Illuminate\\\\Cook...', Array, true)
#14 /var/www/html/vendor/laravel/framework/src/Illuminate/Container/Container.php(821): Illuminate\\Foundation\\Application->resolve('Illuminate\\\\Cook...', Array)
#15 /var/www/html/vendor/laravel/framework/src/Illuminate/Foundation/Application.php(1057): Illuminate\\Container\\Container->make('Illuminate\\\\Cook...', Array)
#16 /var/www/html/vendor/laravel/framework/src/Illuminate/Pipeline/Pipeline.php(197): Illuminate\\Foundation\\Application->make('Illuminate\\\\Cook...')
#17 /var/www/html/vendor/laravel/framework/src/Illuminate/Pipeline/Pipeline.php(126): Illuminate\\Pipeline\\Pipeline->Illuminate\\Pipeline\\{closure}(Object(Illuminate\\Http\\Request))
#18 /var/www/html/vendor/laravel/framework/src/Illuminate/Routing/Router.php(807): Illuminate\\Pipeline\\Pipeline->then(Object(Closure))
#19 /var/www/html/vendor/laravel/framework/src/Illuminate/Routing/Router.php(786): Illuminate\\Routing\\Router->runRouteWithinStack(Object(Illuminate\\Routing\\Route), Object(Illuminate\\Http\\Request))
#20 /var/www/html/vendor/laravel/framework/src/Illuminate/Routing/Router.php(750): Illuminate\\Routing\\Router->runRoute(Object(Illuminate\\Http\\Request), Object(Illuminate\\Routing\\Route))
#21 /var/www/html/vendor/laravel/framework/src/Illuminate/Routing/Router.php(739): Illuminate\\Routing\\Router->dispatchToRoute(Object(Illuminate\\Http\\Request))
#22 /var/www/html/vendor/laravel/framework/src/Illuminate/Foundation/Http/Kernel.php(200): Illuminate\\Routing\\Router->dispatch(Object(Illuminate\\Http\\Request))
#23 /var/www/html/vendor/laravel/framework/src/Illuminate/Pipeline/Pipeline.php(169): Illuminate\\Foundation\\Http\\Kernel->Illuminate\\Foundation\\Http\\{closure}(Object(Illuminate\\Http\\Request))
#24 /var/www/html/vendor/laravel/framework/src/Illuminate/Foundation/Http/Middleware/TransformsRequest.php(21): Illuminate\\Pipeline\\Pipeline->Illuminate\\Pipeline\\{closure}(Object(Illuminate\\Http\\Request))
#25 /var/www/html/vendor/laravel/framework/src/Illuminate/Foundation/Http/Middleware/ConvertEmptyStringsToNull.php(31): Illuminate\\Foundation\\Http\\Middleware\\TransformsRequest->handle(Object(Illuminate\\Http\\Request), Object(Closure))
#26 /var/www/html/vendor/laravel/framework/src/Illuminate/Pipeline/Pipeline.php(208): Illuminate\\Foundation\\Http\\Middleware\\ConvertEmptyStringsToNull->handle(Object(Illuminate\\Http\\Request), Object(Closure))
#27 /var/www/html/vendor/laravel/framework/src/Illuminate/Foundation/Http/Middleware/TransformsRequest.php(21): Illuminate\\Pipeline\\Pipeline->Illuminate\\Pipeline\\{closure}(Object(Illuminate\\Http\\Request))
#28 /var/www/html/vendor/laravel/framework/src/Illuminate/Foundation/Http/Middleware/TrimStrings.php(51): Illuminate\\Foundation\\Http\\Middleware\\TransformsRequest->handle(Object(Illuminate\\Http\\Request), Object(Closure))
#29 /var/www/html/vendor/laravel/framework/src/Illuminate/Pipeline/Pipeline.php(208): Illuminate\\Foundation\\Http\\Middleware\\TrimStrings->handle(Object(Illuminate\\Http\\Request), Object(Closure))
#30 /var/www/html/vendor/laravel/framework/src/Illuminate/Http/Middleware/ValidatePostSize.php(27): Illuminate\\Pipeline\\Pipeline->Illuminate\\Pipeline\\{closure}(Object(Illuminate\\Http\\Request))
#31 /var/www/html/vendor/laravel/framework/src/Illuminate/Pipeline/Pipeline.php(208): Illuminate\\Http\\Middleware\\ValidatePostSize->handle(Object(Illuminate\\Http\\Request), Object(Closure))
#32 /var/www/html/vendor/laravel/framework/src/Illuminate/Foundation/Http/Middleware/PreventRequestsDuringMaintenance.php(109): Illuminate\\Pipeline\\Pipeline->Illuminate\\Pipeline\\{closure}(Object(Illuminate\\Http\\Request))
#33 /var/www/html/vendor/laravel/framework/src/Illuminate/Pipeline/Pipeline.php(208): Illuminate\\Foundation\\Http\\Middleware\\PreventRequestsDuringMaintenance->handle(Object(Illuminate\\Http\\Request), Object(Closure))
#34 /var/www/html/vendor/laravel/framework/src/Illuminate/Http/Middleware/HandleCors.php(48): Illuminate\\Pipeline\\Pipeline->Illuminate\\Pipeline\\{closure}(Object(Illuminate\\Http\\Request))
#35 /var/www/html/vendor/laravel/framework/src/Illuminate/Pipeline/Pipeline.php(208): Illuminate\\Http\\Middleware\\HandleCors->handle(Object(Illuminate\\Http\\Request), Object(Closure))
#36 /var/www/html/vendor/laravel/framework/src/Illuminate/Http/Middleware/TrustProxies.php(58): Illuminate\\Pipeline\\Pipeline->Illuminate\\Pipeline\\{closure}(Object(Illuminate\\Http\\Request))
#37 /var/www/html/vendor/laravel/framework/src/Illuminate/Pipeline/Pipeline.php(208): Illuminate\\Http\\Middleware\\TrustProxies->handle(Object(Illuminate\\Http\\Request), Object(Closure))
#38 /var/www/html/vendor/laravel/framework/src/Illuminate/Foundation/Http/Middleware/InvokeDeferredCallbacks.php(22): Illuminate\\Pipeline\\Pipeline->Illuminate\\Pipeline\\{closure}(Object(Illuminate\\Http\\Request))
#39 /var/www/html/vendor/laravel/framework/src/Illuminate/Pipeline/Pipeline.php(208): Illuminate\\Foundation\\Http\\Middleware\\InvokeDeferredCallbacks->handle(Object(Illuminate\\Http\\Request), Object(Closure))
#40 /var/www/html/vendor/laravel/framework/src/Illuminate/Http/Middleware/ValidatePathEncoding.php(26): Illuminate\\Pipeline\\Pipeline->Illuminate\\Pipeline\\{closure}(Object(Illuminate\\Http\\Request))
#41 /var/www/html/vendor/laravel/framework/src/Illuminate/Pipeline/Pipeline.php(208): Illuminate\\Http\\Middleware\\ValidatePathEncoding->handle(Object(Illuminate\\Http\\Request), Object(Closure))
#42 /var/www/html/vendor/laravel/framework/src/Illuminate/Pipeline/Pipeline.php(126): Illuminate\\Pipeline\\Pipeline->Illuminate\\Pipeline\\{closure}(Object(Illuminate\\Http\\Request))
#43 /var/www/html/vendor/laravel/framework/src/Illuminate/Foundation/Http/Kernel.php(175): Illuminate\\Pipeline\\Pipeline->then(Object(Closure))
#44 /var/www/html/vendor/laravel/framework/src/Illuminate/Foundation/Http/Kernel.php(144): Illuminate\\Foundation\\Http\\Kernel->sendRequestThroughRouter(Object(Illuminate\\Http\\Request))
#45 /var/www/html/vendor/laravel/framework/src/Illuminate/Foundation/Application.php(1219): Illuminate\\Foundation\\Http\\Kernel->handle(Object(Illuminate\\Http\\Request))
#46 /var/www/html/public/index.php(20): Illuminate\\Foundation\\Application->handleRequest(Object(Illuminate\\Http\\Request))
#47 {main}
"} 
[2025-05-10 01:52:14] production.ERROR: No application encryption key has been specified. {"exception":"[object] (Illuminate\\Encryption\\MissingAppKeyException(code: 0): No application encryption key has been specified. at /var/www/html/vendor/laravel/framework/src/Illuminate/Encryption/EncryptionServiceProvider.php:83)
[stacktrace]
#0 /var/www/html/vendor/laravel/framework/src/Illuminate/Support/helpers.php(399): Illuminate\\Encryption\\EncryptionServiceProvider->Illuminate\\Encryption\\{closure}(NULL)
#1 /var/www/html/vendor/laravel/framework/src/Illuminate/Encryption/EncryptionServiceProvider.php(81): tap(NULL, Object(Closure))
#2 /var/www/html/vendor/laravel/framework/src/Illuminate/Encryption/EncryptionServiceProvider.php(64): Illuminate\\Encryption\\EncryptionServiceProvider->key(Array)
#3 /var/www/html/vendor/laravel/framework/src/Illuminate/Encryption/EncryptionServiceProvider.php(32): Illuminate\\Encryption\\EncryptionServiceProvider->parseKey(Array)
#4 /var/www/html/vendor/laravel/framework/src/Illuminate/Container/Container.php(1010): Illuminate\\Encryption\\EncryptionServiceProvider->Illuminate\\Encryption\\{closure}(Object(Illuminate\\Foundation\\Application), Array)
#5 /var/www/html/vendor/laravel/framework/src/Illuminate/Container/Container.php(890): Illuminate\\Container\\Container->build(Object(Closure))
#6 /var/www/html/vendor/laravel/framework/src/Illuminate/Foundation/Application.php(1077): Illuminate\\Container\\Container->resolve('encrypter', Array, true)
#7 /var/www/html/vendor/laravel/framework/src/Illuminate/Container/Container.php(821): Illuminate\\Foundation\\Application->resolve('encrypter', Array)
#8 /var/www/html/vendor/laravel/framework/src/Illuminate/Foundation/Application.php(1057): Illuminate\\Container\\Container->make('encrypter', Array)
#9 /var/www/html/vendor/laravel/framework/src/Illuminate/Container/Container.php(1202): Illuminate\\Foundation\\Application->make('encrypter')
#10 /var/www/html/vendor/laravel/framework/src/Illuminate/Container/Container.php(1101): Illuminate\\Container\\Container->resolveClass(Object(ReflectionParameter))
#11 /var/www/html/vendor/laravel/framework/src/Illuminate/Container/Container.php(1052): Illuminate\\Container\\Container->resolveDependencies(Array)
#12 /var/www/html/vendor/laravel/framework/src/Illuminate/Container/Container.php(890): Illuminate\\Container\\Container->build('Illuminate\\\\Cook...')
#13 /var/www/html/vendor/laravel/framework/src/Illuminate/Foundation/Application.php(1077): Illuminate\\Container\\Container->resolve('Illuminate\\\\Cook...', Array, true)
#14 /var/www/html/vendor/laravel/framework/src/Illuminate/Container/Container.php(821): Illuminate\\Foundation\\Application->resolve('Illuminate\\\\Cook...', Array)
#15 /var/www/html/vendor/laravel/framework/src/Illuminate/Foundation/Application.php(1057): Illuminate\\Container\\Container->make('Illuminate\\\\Cook...', Array)
#16 /var/www/html/vendor/laravel/framework/src/Illuminate/Foundation/Http/Kernel.php(257): Illuminate\\Foundation\\Application->make('Illuminate\\\\Cook...')
#17 /var/www/html/vendor/laravel/framework/src/Illuminate/Foundation/Http/Kernel.php(215): Illuminate\\Foundation\\Http\\Kernel->terminateMiddleware(Object(Illuminate\\Http\\Request), Object(Illuminate\\Http\\Response))
#18 /var/www/html/vendor/laravel/framework/src/Illuminate/Foundation/Application.php(1221): Illuminate\\Foundation\\Http\\Kernel->terminate(Object(Illuminate\\Http\\Request), Object(Illuminate\\Http\\Response))
#19 /var/www/html/public/index.php(20): Illuminate\\Foundation\\Application->handleRequest(Object(Illuminate\\Http\\Request))
#20 {main}
"} 
[2025-05-10 01:57:38] production.ERROR: SQLSTATE[23000]: Integrity constraint violation: 19 UNIQUE constraint failed: users.email (Connection: sqlite, SQL: insert into "users" ("name", "email", "email_verified_at", "password", "remember_token", "is_admin", "updated_at", "created_at") values (Admin User, admin@share.co.nz, 2025-05-10 01:57:38, $2y$12$IOoDXFrO.3UhEi0BTBrLRulSOiNLDcan4p5GvRlyo./SKDq4SkhBK, TW0TnSO4M3, 1, 2025-05-10 01:57:38, 2025-05-10 01:57:38)) {"exception":"[object] (Illuminate\\Database\\UniqueConstraintViolationException(code: 23000): SQLSTATE[23000]: Integrity constraint violation: 19 UNIQUE constraint failed: users.email (Connection: sqlite, SQL: insert into \"users\" (\"name\", \"email\", \"email_verified_at\", \"password\", \"remember_token\", \"is_admin\", \"updated_at\", \"created_at\") values (Admin User, admin@share.co.nz, 2025-05-10 01:57:38, $2y$12$IOoDXFrO.3UhEi0BTBrLRulSOiNLDcan4p5GvRlyo./SKDq4SkhBK, TW0TnSO4M3, 1, 2025-05-10 01:57:38, 2025-05-10 01:57:38)) at /var/www/html/vendor/laravel/framework/src/Illuminate/Database/Connection.php:817)
[stacktrace]
#0 /var/www/html/vendor/laravel/framework/src/Illuminate/Database/Connection.php(776): Illuminate\\Database\\Connection->runQueryCallback('insert into \"us...', Array, Object(Closure))
#1 /var/www/html/vendor/laravel/framework/src/Illuminate/Database/Connection.php(557): Illuminate\\Database\\Connection->run('insert into \"us...', Array, Object(Closure))
#2 /var/www/html/vendor/laravel/framework/src/Illuminate/Database/Connection.php(521): Illuminate\\Database\\Connection->statement('insert into \"us...', Array)
#3 /var/www/html/vendor/laravel/framework/src/Illuminate/Database/Query/Processors/Processor.php(32): Illuminate\\Database\\Connection->insert('insert into \"us...', Array)
#4 /var/www/html/vendor/laravel/framework/src/Illuminate/Database/Query/Builder.php(3779): Illuminate\\Database\\Query\\Processors\\Processor->processInsertGetId(Object(Illuminate\\Database\\Query\\Builder), 'insert into \"us...', Array, 'id')
#5 /var/www/html/vendor/laravel/framework/src/Illuminate/Database/Eloquent/Builder.php(2204): Illuminate\\Database\\Query\\Builder->insertGetId(Array, 'id')
#6 /var/www/html/vendor/laravel/framework/src/Illuminate/Database/Eloquent/Model.php(1408): Illuminate\\Database\\Eloquent\\Builder->__call('insertGetId', Array)
#7 /var/www/html/vendor/laravel/framework/src/Illuminate/Database/Eloquent/Model.php(1373): Illuminate\\Database\\Eloquent\\Model->insertAndSetId(Object(Illuminate\\Database\\Eloquent\\Builder), Array)
#8 /var/www/html/vendor/laravel/framework/src/Illuminate/Database/Eloquent/Model.php(1212): Illuminate\\Database\\Eloquent\\Model->performInsert(Object(Illuminate\\Database\\Eloquent\\Builder))
#9 /var/www/html/vendor/laravel/framework/src/Illuminate/Database/Eloquent/Factories/Factory.php(351): Illuminate\\Database\\Eloquent\\Model->save()
#10 /var/www/html/vendor/laravel/framework/src/Illuminate/Collections/Traits/EnumeratesValues.php(274): Illuminate\\Database\\Eloquent\\Factories\\Factory->Illuminate\\Database\\Eloquent\\Factories\\{closure}(Object(App\\Models\\User), 0)
#11 /var/www/html/vendor/laravel/framework/src/Illuminate/Database/Eloquent/Factories/Factory.php(346): Illuminate\\Support\\Collection->each(Object(Closure))
#12 /var/www/html/vendor/laravel/framework/src/Illuminate/Database/Eloquent/Factories/Factory.php(302): Illuminate\\Database\\Eloquent\\Factories\\Factory->store(Object(Illuminate\\Support\\Collection))
#13 /var/www/html/vendor/laravel/framework/src/Illuminate/Database/Eloquent/Factories/Factory.php(296): Illuminate\\Database\\Eloquent\\Factories\\Factory->create(Array, NULL)
#14 /var/www/html/database/seeders/UsersSeeder.php(16): Illuminate\\Database\\Eloquent\\Factories\\Factory->create(Array)
#15 /var/www/html/vendor/laravel/framework/src/Illuminate/Container/BoundMethod.php(36): Database\\Seeders\\UsersSeeder->run()
#16 /var/www/html/vendor/laravel/framework/src/Illuminate/Container/Util.php(43): Illuminate\\Container\\BoundMethod::Illuminate\\Container\\{closure}()
#17 /var/www/html/vendor/laravel/framework/src/Illuminate/Container/BoundMethod.php(96): Illuminate\\Container\\Util::unwrapIfClosure(Object(Closure))
#18 /var/www/html/vendor/laravel/framework/src/Illuminate/Container/BoundMethod.php(35): Illuminate\\Container\\BoundMethod::callBoundMethod(Object(Illuminate\\Foundation\\Application), Array, Object(Closure))
#19 /var/www/html/vendor/laravel/framework/src/Illuminate/Container/Container.php(754): Illuminate\\Container\\BoundMethod::call(Object(Illuminate\\Foundation\\Application), Array, Array, NULL)
#20 /var/www/html/vendor/laravel/framework/src/Illuminate/Database/Seeder.php(188): Illuminate\\Container\\Container->call(Array, Array)
#21 /var/www/html/vendor/laravel/framework/src/Illuminate/Database/Seeder.php(197): Illuminate\\Database\\Seeder->Illuminate\\Database\\{closure}()
#22 /var/www/html/vendor/laravel/framework/src/Illuminate/Database/Seeder.php(61): Illuminate\\Database\\Seeder->__invoke(Array)
#23 /var/www/html/database/seeders/DatabaseSeeder.php(24): Illuminate\\Database\\Seeder->call('Database\\\\Seeder...')
#24 /var/www/html/vendor/laravel/framework/src/Illuminate/Container/BoundMethod.php(36): Database\\Seeders\\DatabaseSeeder->run()
#25 /var/www/html/vendor/laravel/framework/src/Illuminate/Container/Util.php(43): Illuminate\\Container\\BoundMethod::Illuminate\\Container\\{closure}()
#26 /var/www/html/vendor/laravel/framework/src/Illuminate/Container/BoundMethod.php(96): Illuminate\\Container\\Util::unwrapIfClosure(Object(Closure))
#27 /var/www/html/vendor/laravel/framework/src/Illuminate/Container/BoundMethod.php(35): Illuminate\\Container\\BoundMethod::callBoundMethod(Object(Illuminate\\Foundation\\Application), Array, Object(Closure))
#28 /var/www/html/vendor/laravel/framework/src/Illuminate/Container/Container.php(754): Illuminate\\Container\\BoundMethod::call(Object(Illuminate\\Foundation\\Application), Array, Array, NULL)
#29 /var/www/html/vendor/laravel/framework/src/Illuminate/Database/Seeder.php(188): Illuminate\\Container\\Container->call(Array, Array)
#30 /var/www/html/vendor/laravel/framework/src/Illuminate/Database/Seeder.php(197): Illuminate\\Database\\Seeder->Illuminate\\Database\\{closure}()
#31 /var/www/html/vendor/laravel/framework/src/Illuminate/Database/Console/Seeds/SeedCommand.php(71): Illuminate\\Database\\Seeder->__invoke()
#32 /var/www/html/vendor/laravel/framework/src/Illuminate/Database/Eloquent/Concerns/GuardsAttributes.php(155): Illuminate\\Database\\Console\\Seeds\\SeedCommand->Illuminate\\Database\\Console\\Seeds\\{closure}()
#33 /var/www/html/vendor/laravel/framework/src/Illuminate/Database/Console/Seeds/SeedCommand.php(70): Illuminate\\Database\\Eloquent\\Model::unguarded(Object(Closure))
#34 /var/www/html/vendor/laravel/framework/src/Illuminate/Container/BoundMethod.php(36): Illuminate\\Database\\Console\\Seeds\\SeedCommand->handle()
#35 /var/www/html/vendor/laravel/framework/src/Illuminate/Container/Util.php(43): Illuminate\\Container\\BoundMethod::Illuminate\\Container\\{closure}()
#36 /var/www/html/vendor/laravel/framework/src/Illuminate/Container/BoundMethod.php(96): Illuminate\\Container\\Util::unwrapIfClosure(Object(Closure))
#37 /var/www/html/vendor/laravel/framework/src/Illuminate/Container/BoundMethod.php(35): Illuminate\\Container\\BoundMethod::callBoundMethod(Object(Illuminate\\Foundation\\Application), Array, Object(Closure))
#38 /var/www/html/vendor/laravel/framework/src/Illuminate/Container/Container.php(754): Illuminate\\Container\\BoundMethod::call(Object(Illuminate\\Foundation\\Application), Array, Array, NULL)
#39 /var/www/html/vendor/laravel/framework/src/Illuminate/Console/Command.php(211): Illuminate\\Container\\Container->call(Array)
#40 /var/www/html/vendor/symfony/console/Command/Command.php(279): Illuminate\\Console\\Command->execute(Object(Symfony\\Component\\Console\\Input\\ArgvInput), Object(Illuminate\\Console\\OutputStyle))
#41 /var/www/html/vendor/laravel/framework/src/Illuminate/Console/Command.php(180): Symfony\\Component\\Console\\Command\\Command->run(Object(Symfony\\Component\\Console\\Input\\ArgvInput), Object(Illuminate\\Console\\OutputStyle))
#42 /var/www/html/vendor/symfony/console/Application.php(1094): Illuminate\\Console\\Command->run(Object(Symfony\\Component\\Console\\Input\\ArgvInput), Object(Symfony\\Component\\Console\\Output\\ConsoleOutput))
#43 /var/www/html/vendor/symfony/console/Application.php(342): Symfony\\Component\\Console\\Application->doRunCommand(Object(Illuminate\\Database\\Console\\Seeds\\SeedCommand), Object(Symfony\\Component\\Console\\Input\\ArgvInput), Object(Symfony\\Component\\Console\\Output\\ConsoleOutput))
#44 /var/www/html/vendor/symfony/console/Application.php(193): Symfony\\Component\\Console\\Application->doRun(Object(Symfony\\Component\\Console\\Input\\ArgvInput), Object(Symfony\\Component\\Console\\Output\\ConsoleOutput))
#45 /var/www/html/vendor/laravel/framework/src/Illuminate/Foundation/Console/Kernel.php(197): Symfony\\Component\\Console\\Application->run(Object(Symfony\\Component\\Console\\Input\\ArgvInput), Object(Symfony\\Component\\Console\\Output\\ConsoleOutput))
#46 /var/www/html/vendor/laravel/framework/src/Illuminate/Foundation/Application.php(1234): Illuminate\\Foundation\\Console\\Kernel->handle(Object(Symfony\\Component\\Console\\Input\\ArgvInput), Object(Symfony\\Component\\Console\\Output\\ConsoleOutput))
#47 /var/www/html/artisan(16): Illuminate\\Foundation\\Application->handleCommand(Object(Symfony\\Component\\Console\\Input\\ArgvInput))
#48 {main}

[previous exception] [object] (PDOException(code: 23000): SQLSTATE[23000]: Integrity constraint violation: 19 UNIQUE constraint failed: users.email at /var/www/html/vendor/laravel/framework/src/Illuminate/Database/Connection.php:568)
[stacktrace]
#0 /var/www/html/vendor/laravel/framework/src/Illuminate/Database/Connection.php(568): PDOStatement->execute()
#1 /var/www/html/vendor/laravel/framework/src/Illuminate/Database/Connection.php(809): Illuminate\\Database\\Connection->Illuminate\\Database\\{closure}('insert into \"us...', Array)
#2 /var/www/html/vendor/laravel/framework/src/Illuminate/Database/Connection.php(776): Illuminate\\Database\\Connection->runQueryCallback('insert into \"us...', Array, Object(Closure))
#3 /var/www/html/vendor/laravel/framework/src/Illuminate/Database/Connection.php(557): Illuminate\\Database\\Connection->run('insert into \"us...', Array, Object(Closure))
#4 /var/www/html/vendor/laravel/framework/src/Illuminate/Database/Connection.php(521): Illuminate\\Database\\Connection->statement('insert into \"us...', Array)
#5 /var/www/html/vendor/laravel/framework/src/Illuminate/Database/Query/Processors/Processor.php(32): Illuminate\\Database\\Connection->insert('insert into \"us...', Array)
#6 /var/www/html/vendor/laravel/framework/src/Illuminate/Database/Query/Builder.php(3779): Illuminate\\Database\\Query\\Processors\\Processor->processInsertGetId(Object(Illuminate\\Database\\Query\\Builder), 'insert into \"us...', Array, 'id')
#7 /var/www/html/vendor/laravel/framework/src/Illuminate/Database/Eloquent/Builder.php(2204): Illuminate\\Database\\Query\\Builder->insertGetId(Array, 'id')
#8 /var/www/html/vendor/laravel/framework/src/Illuminate/Database/Eloquent/Model.php(1408): Illuminate\\Database\\Eloquent\\Builder->__call('insertGetId', Array)
#9 /var/www/html/vendor/laravel/framework/src/Illuminate/Database/Eloquent/Model.php(1373): Illuminate\\Database\\Eloquent\\Model->insertAndSetId(Object(Illuminate\\Database\\Eloquent\\Builder), Array)
#10 /var/www/html/vendor/laravel/framework/src/Illuminate/Database/Eloquent/Model.php(1212): Illuminate\\Database\\Eloquent\\Model->performInsert(Object(Illuminate\\Database\\Eloquent\\Builder))
#11 /var/www/html/vendor/laravel/framework/src/Illuminate/Database/Eloquent/Factories/Factory.php(351): Illuminate\\Database\\Eloquent\\Model->save()
#12 /var/www/html/vendor/laravel/framework/src/Illuminate/Collections/Traits/EnumeratesValues.php(274): Illuminate\\Database\\Eloquent\\Factories\\Factory->Illuminate\\Database\\Eloquent\\Factories\\{closure}(Object(App\\Models\\User), 0)
#13 /var/www/html/vendor/laravel/framework/src/Illuminate/Database/Eloquent/Factories/Factory.php(346): Illuminate\\Support\\Collection->each(Object(Closure))
#14 /var/www/html/vendor/laravel/framework/src/Illuminate/Database/Eloquent/Factories/Factory.php(302): Illuminate\\Database\\Eloquent\\Factories\\Factory->store(Object(Illuminate\\Support\\Collection))
#15 /var/www/html/vendor/laravel/framework/src/Illuminate/Database/Eloquent/Factories/Factory.php(296): Illuminate\\Database\\Eloquent\\Factories\\Factory->create(Array, NULL)
#16 /var/www/html/database/seeders/UsersSeeder.php(16): Illuminate\\Database\\Eloquent\\Factories\\Factory->create(Array)
#17 /var/www/html/vendor/laravel/framework/src/Illuminate/Container/BoundMethod.php(36): Database\\Seeders\\UsersSeeder->run()
#18 /var/www/html/vendor/laravel/framework/src/Illuminate/Container/Util.php(43): Illuminate\\Container\\BoundMethod::Illuminate\\Container\\{closure}()
#19 /var/www/html/vendor/laravel/framework/src/Illuminate/Container/BoundMethod.php(96): Illuminate\\Container\\Util::unwrapIfClosure(Object(Closure))
#20 /var/www/html/vendor/laravel/framework/src/Illuminate/Container/BoundMethod.php(35): Illuminate\\Container\\BoundMethod::callBoundMethod(Object(Illuminate\\Foundation\\Application), Array, Object(Closure))
#21 /var/www/html/vendor/laravel/framework/src/Illuminate/Container/Container.php(754): Illuminate\\Container\\BoundMethod::call(Object(Illuminate\\Foundation\\Application), Array, Array, NULL)
#22 /var/www/html/vendor/laravel/framework/src/Illuminate/Database/Seeder.php(188): Illuminate\\Container\\Container->call(Array, Array)
#23 /var/www/html/vendor/laravel/framework/src/Illuminate/Database/Seeder.php(197): Illuminate\\Database\\Seeder->Illuminate\\Database\\{closure}()
#24 /var/www/html/vendor/laravel/framework/src/Illuminate/Database/Seeder.php(61): Illuminate\\Database\\Seeder->__invoke(Array)
#25 /var/www/html/database/seeders/DatabaseSeeder.php(24): Illuminate\\Database\\Seeder->call('Database\\\\Seeder...')
#26 /var/www/html/vendor/laravel/framework/src/Illuminate/Container/BoundMethod.php(36): Database\\Seeders\\DatabaseSeeder->run()
#27 /var/www/html/vendor/laravel/framework/src/Illuminate/Container/Util.php(43): Illuminate\\Container\\BoundMethod::Illuminate\\Container\\{closure}()
#28 /var/www/html/vendor/laravel/framework/src/Illuminate/Container/BoundMethod.php(96): Illuminate\\Container\\Util::unwrapIfClosure(Object(Closure))
#29 /var/www/html/vendor/laravel/framework/src/Illuminate/Container/BoundMethod.php(35): Illuminate\\Container\\BoundMethod::callBoundMethod(Object(Illuminate\\Foundation\\Application), Array, Object(Closure))
#30 /var/www/html/vendor/laravel/framework/src/Illuminate/Container/Container.php(754): Illuminate\\Container\\BoundMethod::call(Object(Illuminate\\Foundation\\Application), Array, Array, NULL)
#31 /var/www/html/vendor/laravel/framework/src/Illuminate/Database/Seeder.php(188): Illuminate\\Container\\Container->call(Array, Array)
#32 /var/www/html/vendor/laravel/framework/src/Illuminate/Database/Seeder.php(197): Illuminate\\Database\\Seeder->Illuminate\\Database\\{closure}()
#33 /var/www/html/vendor/laravel/framework/src/Illuminate/Database/Console/Seeds/SeedCommand.php(71): Illuminate\\Database\\Seeder->__invoke()
#34 /var/www/html/vendor/laravel/framework/src/Illuminate/Database/Eloquent/Concerns/GuardsAttributes.php(155): Illuminate\\Database\\Console\\Seeds\\SeedCommand->Illuminate\\Database\\Console\\Seeds\\{closure}()
#35 /var/www/html/vendor/laravel/framework/src/Illuminate/Database/Console/Seeds/SeedCommand.php(70): Illuminate\\Database\\Eloquent\\Model::unguarded(Object(Closure))
#36 /var/www/html/vendor/laravel/framework/src/Illuminate/Container/BoundMethod.php(36): Illuminate\\Database\\Console\\Seeds\\SeedCommand->handle()
#37 /var/www/html/vendor/laravel/framework/src/Illuminate/Container/Util.php(43): Illuminate\\Container\\BoundMethod::Illuminate\\Container\\{closure}()
#38 /var/www/html/vendor/laravel/framework/src/Illuminate/Container/BoundMethod.php(96): Illuminate\\Container\\Util::unwrapIfClosure(Object(Closure))
#39 /var/www/html/vendor/laravel/framework/src/Illuminate/Container/BoundMethod.php(35): Illuminate\\Container\\BoundMethod::callBoundMethod(Object(Illuminate\\Foundation\\Application), Array, Object(Closure))
#40 /var/www/html/vendor/laravel/framework/src/Illuminate/Container/Container.php(754): Illuminate\\Container\\BoundMethod::call(Object(Illuminate\\Foundation\\Application), Array, Array, NULL)
#41 /var/www/html/vendor/laravel/framework/src/Illuminate/Console/Command.php(211): Illuminate\\Container\\Container->call(Array)
#42 /var/www/html/vendor/symfony/console/Command/Command.php(279): Illuminate\\Console\\Command->execute(Object(Symfony\\Component\\Console\\Input\\ArgvInput), Object(Illuminate\\Console\\OutputStyle))
#43 /var/www/html/vendor/laravel/framework/src/Illuminate/Console/Command.php(180): Symfony\\Component\\Console\\Command\\Command->run(Object(Symfony\\Component\\Console\\Input\\ArgvInput), Object(Illuminate\\Console\\OutputStyle))
#44 /var/www/html/vendor/symfony/console/Application.php(1094): Illuminate\\Console\\Command->run(Object(Symfony\\Component\\Console\\Input\\ArgvInput), Object(Symfony\\Component\\Console\\Output\\ConsoleOutput))
#45 /var/www/html/vendor/symfony/console/Application.php(342): Symfony\\Component\\Console\\Application->doRunCommand(Object(Illuminate\\Database\\Console\\Seeds\\SeedCommand), Object(Symfony\\Component\\Console\\Input\\ArgvInput), Object(Symfony\\Component\\Console\\Output\\ConsoleOutput))
#46 /var/www/html/vendor/symfony/console/Application.php(193): Symfony\\Component\\Console\\Application->doRun(Object(Symfony\\Component\\Console\\Input\\ArgvInput), Object(Symfony\\Component\\Console\\Output\\ConsoleOutput))
#47 /var/www/html/vendor/laravel/framework/src/Illuminate/Foundation/Console/Kernel.php(197): Symfony\\Component\\Console\\Application->run(Object(Symfony\\Component\\Console\\Input\\ArgvInput), Object(Symfony\\Component\\Console\\Output\\ConsoleOutput))
#48 /var/www/html/vendor/laravel/framework/src/Illuminate/Foundation/Application.php(1234): Illuminate\\Foundation\\Console\\Kernel->handle(Object(Symfony\\Component\\Console\\Input\\ArgvInput), Object(Symfony\\Component\\Console\\Output\\ConsoleOutput))
#49 /var/www/html/artisan(16): Illuminate\\Foundation\\Application->handleCommand(Object(Symfony\\Component\\Console\\Input\\ArgvInput))
#50 {main}
"} 
[2025-05-10 02:01:49] production.ERROR: SQLSTATE[23000]: Integrity constraint violation: 19 UNIQUE constraint failed: users.email (Connection: sqlite, SQL: insert into "users" ("name", "email", "email_verified_at", "password", "remember_token", "is_admin", "updated_at", "created_at") values (Admin User, admin@share.co.nz, 2025-05-10 02:01:49, $2y$12$bJ/8o/72IxjW7kbHwVIcPe/NgPpsdShaGNvU6hhkxNzl2drFCFZ5a, R7V1OOq6jL, 1, 2025-05-10 02:01:49, 2025-05-10 02:01:49)) {"exception":"[object] (Illuminate\\Database\\UniqueConstraintViolationException(code: 23000): SQLSTATE[23000]: Integrity constraint violation: 19 UNIQUE constraint failed: users.email (Connection: sqlite, SQL: insert into \"users\" (\"name\", \"email\", \"email_verified_at\", \"password\", \"remember_token\", \"is_admin\", \"updated_at\", \"created_at\") values (Admin User, admin@share.co.nz, 2025-05-10 02:01:49, $2y$12$bJ/8o/72IxjW7kbHwVIcPe/NgPpsdShaGNvU6hhkxNzl2drFCFZ5a, R7V1OOq6jL, 1, 2025-05-10 02:01:49, 2025-05-10 02:01:49)) at /var/www/html/vendor/laravel/framework/src/Illuminate/Database/Connection.php:817)
[stacktrace]
#0 /var/www/html/vendor/laravel/framework/src/Illuminate/Database/Connection.php(776): Illuminate\\Database\\Connection->runQueryCallback('insert into \"us...', Array, Object(Closure))
#1 /var/www/html/vendor/laravel/framework/src/Illuminate/Database/Connection.php(557): Illuminate\\Database\\Connection->run('insert into \"us...', Array, Object(Closure))
#2 /var/www/html/vendor/laravel/framework/src/Illuminate/Database/Connection.php(521): Illuminate\\Database\\Connection->statement('insert into \"us...', Array)
#3 /var/www/html/vendor/laravel/framework/src/Illuminate/Database/Query/Processors/Processor.php(32): Illuminate\\Database\\Connection->insert('insert into \"us...', Array)
#4 /var/www/html/vendor/laravel/framework/src/Illuminate/Database/Query/Builder.php(3779): Illuminate\\Database\\Query\\Processors\\Processor->processInsertGetId(Object(Illuminate\\Database\\Query\\Builder), 'insert into \"us...', Array, 'id')
#5 /var/www/html/vendor/laravel/framework/src/Illuminate/Database/Eloquent/Builder.php(2204): Illuminate\\Database\\Query\\Builder->insertGetId(Array, 'id')
#6 /var/www/html/vendor/laravel/framework/src/Illuminate/Database/Eloquent/Model.php(1408): Illuminate\\Database\\Eloquent\\Builder->__call('insertGetId', Array)
#7 /var/www/html/vendor/laravel/framework/src/Illuminate/Database/Eloquent/Model.php(1373): Illuminate\\Database\\Eloquent\\Model->insertAndSetId(Object(Illuminate\\Database\\Eloquent\\Builder), Array)
#8 /var/www/html/vendor/laravel/framework/src/Illuminate/Database/Eloquent/Model.php(1212): Illuminate\\Database\\Eloquent\\Model->performInsert(Object(Illuminate\\Database\\Eloquent\\Builder))
#9 /var/www/html/vendor/laravel/framework/src/Illuminate/Database/Eloquent/Factories/Factory.php(351): Illuminate\\Database\\Eloquent\\Model->save()
#10 /var/www/html/vendor/laravel/framework/src/Illuminate/Collections/Traits/EnumeratesValues.php(274): Illuminate\\Database\\Eloquent\\Factories\\Factory->Illuminate\\Database\\Eloquent\\Factories\\{closure}(Object(App\\Models\\User), 0)
#11 /var/www/html/vendor/laravel/framework/src/Illuminate/Database/Eloquent/Factories/Factory.php(346): Illuminate\\Support\\Collection->each(Object(Closure))
#12 /var/www/html/vendor/laravel/framework/src/Illuminate/Database/Eloquent/Factories/Factory.php(302): Illuminate\\Database\\Eloquent\\Factories\\Factory->store(Object(Illuminate\\Support\\Collection))
#13 /var/www/html/vendor/laravel/framework/src/Illuminate/Database/Eloquent/Factories/Factory.php(296): Illuminate\\Database\\Eloquent\\Factories\\Factory->create(Array, NULL)
#14 /var/www/html/database/seeders/UsersSeeder.php(16): Illuminate\\Database\\Eloquent\\Factories\\Factory->create(Array)
#15 /var/www/html/vendor/laravel/framework/src/Illuminate/Container/BoundMethod.php(36): Database\\Seeders\\UsersSeeder->run()
#16 /var/www/html/vendor/laravel/framework/src/Illuminate/Container/Util.php(43): Illuminate\\Container\\BoundMethod::Illuminate\\Container\\{closure}()
#17 /var/www/html/vendor/laravel/framework/src/Illuminate/Container/BoundMethod.php(96): Illuminate\\Container\\Util::unwrapIfClosure(Object(Closure))
#18 /var/www/html/vendor/laravel/framework/src/Illuminate/Container/BoundMethod.php(35): Illuminate\\Container\\BoundMethod::callBoundMethod(Object(Illuminate\\Foundation\\Application), Array, Object(Closure))
#19 /var/www/html/vendor/laravel/framework/src/Illuminate/Container/Container.php(754): Illuminate\\Container\\BoundMethod::call(Object(Illuminate\\Foundation\\Application), Array, Array, NULL)
#20 /var/www/html/vendor/laravel/framework/src/Illuminate/Database/Seeder.php(188): Illuminate\\Container\\Container->call(Array, Array)
#21 /var/www/html/vendor/laravel/framework/src/Illuminate/Database/Seeder.php(197): Illuminate\\Database\\Seeder->Illuminate\\Database\\{closure}()
#22 /var/www/html/vendor/laravel/framework/src/Illuminate/Database/Seeder.php(61): Illuminate\\Database\\Seeder->__invoke(Array)
#23 /var/www/html/database/seeders/DatabaseSeeder.php(24): Illuminate\\Database\\Seeder->call('Database\\\\Seeder...')
#24 /var/www/html/vendor/laravel/framework/src/Illuminate/Container/BoundMethod.php(36): Database\\Seeders\\DatabaseSeeder->run()
#25 /var/www/html/vendor/laravel/framework/src/Illuminate/Container/Util.php(43): Illuminate\\Container\\BoundMethod::Illuminate\\Container\\{closure}()
#26 /var/www/html/vendor/laravel/framework/src/Illuminate/Container/BoundMethod.php(96): Illuminate\\Container\\Util::unwrapIfClosure(Object(Closure))
#27 /var/www/html/vendor/laravel/framework/src/Illuminate/Container/BoundMethod.php(35): Illuminate\\Container\\BoundMethod::callBoundMethod(Object(Illuminate\\Foundation\\Application), Array, Object(Closure))
#28 /var/www/html/vendor/laravel/framework/src/Illuminate/Container/Container.php(754): Illuminate\\Container\\BoundMethod::call(Object(Illuminate\\Foundation\\Application), Array, Array, NULL)
#29 /var/www/html/vendor/laravel/framework/src/Illuminate/Database/Seeder.php(188): Illuminate\\Container\\Container->call(Array, Array)
#30 /var/www/html/vendor/laravel/framework/src/Illuminate/Database/Seeder.php(197): Illuminate\\Database\\Seeder->Illuminate\\Database\\{closure}()
#31 /var/www/html/vendor/laravel/framework/src/Illuminate/Database/Console/Seeds/SeedCommand.php(71): Illuminate\\Database\\Seeder->__invoke()
#32 /var/www/html/vendor/laravel/framework/src/Illuminate/Database/Eloquent/Concerns/GuardsAttributes.php(155): Illuminate\\Database\\Console\\Seeds\\SeedCommand->Illuminate\\Database\\Console\\Seeds\\{closure}()
#33 /var/www/html/vendor/laravel/framework/src/Illuminate/Database/Console/Seeds/SeedCommand.php(70): Illuminate\\Database\\Eloquent\\Model::unguarded(Object(Closure))
#34 /var/www/html/vendor/laravel/framework/src/Illuminate/Container/BoundMethod.php(36): Illuminate\\Database\\Console\\Seeds\\SeedCommand->handle()
#35 /var/www/html/vendor/laravel/framework/src/Illuminate/Container/Util.php(43): Illuminate\\Container\\BoundMethod::Illuminate\\Container\\{closure}()
#36 /var/www/html/vendor/laravel/framework/src/Illuminate/Container/BoundMethod.php(96): Illuminate\\Container\\Util::unwrapIfClosure(Object(Closure))
#37 /var/www/html/vendor/laravel/framework/src/Illuminate/Container/BoundMethod.php(35): Illuminate\\Container\\BoundMethod::callBoundMethod(Object(Illuminate\\Foundation\\Application), Array, Object(Closure))
#38 /var/www/html/vendor/laravel/framework/src/Illuminate/Container/Container.php(754): Illuminate\\Container\\BoundMethod::call(Object(Illuminate\\Foundation\\Application), Array, Array, NULL)
#39 /var/www/html/vendor/laravel/framework/src/Illuminate/Console/Command.php(211): Illuminate\\Container\\Container->call(Array)
#40 /var/www/html/vendor/symfony/console/Command/Command.php(279): Illuminate\\Console\\Command->execute(Object(Symfony\\Component\\Console\\Input\\ArgvInput), Object(Illuminate\\Console\\OutputStyle))
#41 /var/www/html/vendor/laravel/framework/src/Illuminate/Console/Command.php(180): Symfony\\Component\\Console\\Command\\Command->run(Object(Symfony\\Component\\Console\\Input\\ArgvInput), Object(Illuminate\\Console\\OutputStyle))
#42 /var/www/html/vendor/symfony/console/Application.php(1094): Illuminate\\Console\\Command->run(Object(Symfony\\Component\\Console\\Input\\ArgvInput), Object(Symfony\\Component\\Console\\Output\\ConsoleOutput))
#43 /var/www/html/vendor/symfony/console/Application.php(342): Symfony\\Component\\Console\\Application->doRunCommand(Object(Illuminate\\Database\\Console\\Seeds\\SeedCommand), Object(Symfony\\Component\\Console\\Input\\ArgvInput), Object(Symfony\\Component\\Console\\Output\\ConsoleOutput))
#44 /var/www/html/vendor/symfony/console/Application.php(193): Symfony\\Component\\Console\\Application->doRun(Object(Symfony\\Component\\Console\\Input\\ArgvInput), Object(Symfony\\Component\\Console\\Output\\ConsoleOutput))
#45 /var/www/html/vendor/laravel/framework/src/Illuminate/Foundation/Console/Kernel.php(197): Symfony\\Component\\Console\\Application->run(Object(Symfony\\Component\\Console\\Input\\ArgvInput), Object(Symfony\\Component\\Console\\Output\\ConsoleOutput))
#46 /var/www/html/vendor/laravel/framework/src/Illuminate/Foundation/Application.php(1234): Illuminate\\Foundation\\Console\\Kernel->handle(Object(Symfony\\Component\\Console\\Input\\ArgvInput), Object(Symfony\\Component\\Console\\Output\\ConsoleOutput))
#47 /var/www/html/artisan(16): Illuminate\\Foundation\\Application->handleCommand(Object(Symfony\\Component\\Console\\Input\\ArgvInput))
#48 {main}

[previous exception] [object] (PDOException(code: 23000): SQLSTATE[23000]: Integrity constraint violation: 19 UNIQUE constraint failed: users.email at /var/www/html/vendor/laravel/framework/src/Illuminate/Database/Connection.php:568)
[stacktrace]
#0 /var/www/html/vendor/laravel/framework/src/Illuminate/Database/Connection.php(568): PDOStatement->execute()
#1 /var/www/html/vendor/laravel/framework/src/Illuminate/Database/Connection.php(809): Illuminate\\Database\\Connection->Illuminate\\Database\\{closure}('insert into \"us...', Array)
#2 /var/www/html/vendor/laravel/framework/src/Illuminate/Database/Connection.php(776): Illuminate\\Database\\Connection->runQueryCallback('insert into \"us...', Array, Object(Closure))
#3 /var/www/html/vendor/laravel/framework/src/Illuminate/Database/Connection.php(557): Illuminate\\Database\\Connection->run('insert into \"us...', Array, Object(Closure))
#4 /var/www/html/vendor/laravel/framework/src/Illuminate/Database/Connection.php(521): Illuminate\\Database\\Connection->statement('insert into \"us...', Array)
#5 /var/www/html/vendor/laravel/framework/src/Illuminate/Database/Query/Processors/Processor.php(32): Illuminate\\Database\\Connection->insert('insert into \"us...', Array)
#6 /var/www/html/vendor/laravel/framework/src/Illuminate/Database/Query/Builder.php(3779): Illuminate\\Database\\Query\\Processors\\Processor->processInsertGetId(Object(Illuminate\\Database\\Query\\Builder), 'insert into \"us...', Array, 'id')
#7 /var/www/html/vendor/laravel/framework/src/Illuminate/Database/Eloquent/Builder.php(2204): Illuminate\\Database\\Query\\Builder->insertGetId(Array, 'id')
#8 /var/www/html/vendor/laravel/framework/src/Illuminate/Database/Eloquent/Model.php(1408): Illuminate\\Database\\Eloquent\\Builder->__call('insertGetId', Array)
#9 /var/www/html/vendor/laravel/framework/src/Illuminate/Database/Eloquent/Model.php(1373): Illuminate\\Database\\Eloquent\\Model->insertAndSetId(Object(Illuminate\\Database\\Eloquent\\Builder), Array)
#10 /var/www/html/vendor/laravel/framework/src/Illuminate/Database/Eloquent/Model.php(1212): Illuminate\\Database\\Eloquent\\Model->performInsert(Object(Illuminate\\Database\\Eloquent\\Builder))
#11 /var/www/html/vendor/laravel/framework/src/Illuminate/Database/Eloquent/Factories/Factory.php(351): Illuminate\\Database\\Eloquent\\Model->save()
#12 /var/www/html/vendor/laravel/framework/src/Illuminate/Collections/Traits/EnumeratesValues.php(274): Illuminate\\Database\\Eloquent\\Factories\\Factory->Illuminate\\Database\\Eloquent\\Factories\\{closure}(Object(App\\Models\\User), 0)
#13 /var/www/html/vendor/laravel/framework/src/Illuminate/Database/Eloquent/Factories/Factory.php(346): Illuminate\\Support\\Collection->each(Object(Closure))
#14 /var/www/html/vendor/laravel/framework/src/Illuminate/Database/Eloquent/Factories/Factory.php(302): Illuminate\\Database\\Eloquent\\Factories\\Factory->store(Object(Illuminate\\Support\\Collection))
#15 /var/www/html/vendor/laravel/framework/src/Illuminate/Database/Eloquent/Factories/Factory.php(296): Illuminate\\Database\\Eloquent\\Factories\\Factory->create(Array, NULL)
#16 /var/www/html/database/seeders/UsersSeeder.php(16): Illuminate\\Database\\Eloquent\\Factories\\Factory->create(Array)
#17 /var/www/html/vendor/laravel/framework/src/Illuminate/Container/BoundMethod.php(36): Database\\Seeders\\UsersSeeder->run()
#18 /var/www/html/vendor/laravel/framework/src/Illuminate/Container/Util.php(43): Illuminate\\Container\\BoundMethod::Illuminate\\Container\\{closure}()
#19 /var/www/html/vendor/laravel/framework/src/Illuminate/Container/BoundMethod.php(96): Illuminate\\Container\\Util::unwrapIfClosure(Object(Closure))
#20 /var/www/html/vendor/laravel/framework/src/Illuminate/Container/BoundMethod.php(35): Illuminate\\Container\\BoundMethod::callBoundMethod(Object(Illuminate\\Foundation\\Application), Array, Object(Closure))
#21 /var/www/html/vendor/laravel/framework/src/Illuminate/Container/Container.php(754): Illuminate\\Container\\BoundMethod::call(Object(Illuminate\\Foundation\\Application), Array, Array, NULL)
#22 /var/www/html/vendor/laravel/framework/src/Illuminate/Database/Seeder.php(188): Illuminate\\Container\\Container->call(Array, Array)
#23 /var/www/html/vendor/laravel/framework/src/Illuminate/Database/Seeder.php(197): Illuminate\\Database\\Seeder->Illuminate\\Database\\{closure}()
#24 /var/www/html/vendor/laravel/framework/src/Illuminate/Database/Seeder.php(61): Illuminate\\Database\\Seeder->__invoke(Array)
#25 /var/www/html/database/seeders/DatabaseSeeder.php(24): Illuminate\\Database\\Seeder->call('Database\\\\Seeder...')
#26 /var/www/html/vendor/laravel/framework/src/Illuminate/Container/BoundMethod.php(36): Database\\Seeders\\DatabaseSeeder->run()
#27 /var/www/html/vendor/laravel/framework/src/Illuminate/Container/Util.php(43): Illuminate\\Container\\BoundMethod::Illuminate\\Container\\{closure}()
#28 /var/www/html/vendor/laravel/framework/src/Illuminate/Container/BoundMethod.php(96): Illuminate\\Container\\Util::unwrapIfClosure(Object(Closure))
#29 /var/www/html/vendor/laravel/framework/src/Illuminate/Container/BoundMethod.php(35): Illuminate\\Container\\BoundMethod::callBoundMethod(Object(Illuminate\\Foundation\\Application), Array, Object(Closure))
#30 /var/www/html/vendor/laravel/framework/src/Illuminate/Container/Container.php(754): Illuminate\\Container\\BoundMethod::call(Object(Illuminate\\Foundation\\Application), Array, Array, NULL)
#31 /var/www/html/vendor/laravel/framework/src/Illuminate/Database/Seeder.php(188): Illuminate\\Container\\Container->call(Array, Array)
#32 /var/www/html/vendor/laravel/framework/src/Illuminate/Database/Seeder.php(197): Illuminate\\Database\\Seeder->Illuminate\\Database\\{closure}()
#33 /var/www/html/vendor/laravel/framework/src/Illuminate/Database/Console/Seeds/SeedCommand.php(71): Illuminate\\Database\\Seeder->__invoke()
#34 /var/www/html/vendor/laravel/framework/src/Illuminate/Database/Eloquent/Concerns/GuardsAttributes.php(155): Illuminate\\Database\\Console\\Seeds\\SeedCommand->Illuminate\\Database\\Console\\Seeds\\{closure}()
#35 /var/www/html/vendor/laravel/framework/src/Illuminate/Database/Console/Seeds/SeedCommand.php(70): Illuminate\\Database\\Eloquent\\Model::unguarded(Object(Closure))
#36 /var/www/html/vendor/laravel/framework/src/Illuminate/Container/BoundMethod.php(36): Illuminate\\Database\\Console\\Seeds\\SeedCommand->handle()
#37 /var/www/html/vendor/laravel/framework/src/Illuminate/Container/Util.php(43): Illuminate\\Container\\BoundMethod::Illuminate\\Container\\{closure}()
#38 /var/www/html/vendor/laravel/framework/src/Illuminate/Container/BoundMethod.php(96): Illuminate\\Container\\Util::unwrapIfClosure(Object(Closure))
#39 /var/www/html/vendor/laravel/framework/src/Illuminate/Container/BoundMethod.php(35): Illuminate\\Container\\BoundMethod::callBoundMethod(Object(Illuminate\\Foundation\\Application), Array, Object(Closure))
#40 /var/www/html/vendor/laravel/framework/src/Illuminate/Container/Container.php(754): Illuminate\\Container\\BoundMethod::call(Object(Illuminate\\Foundation\\Application), Array, Array, NULL)
#41 /var/www/html/vendor/laravel/framework/src/Illuminate/Console/Command.php(211): Illuminate\\Container\\Container->call(Array)
#42 /var/www/html/vendor/symfony/console/Command/Command.php(279): Illuminate\\Console\\Command->execute(Object(Symfony\\Component\\Console\\Input\\ArgvInput), Object(Illuminate\\Console\\OutputStyle))
#43 /var/www/html/vendor/laravel/framework/src/Illuminate/Console/Command.php(180): Symfony\\Component\\Console\\Command\\Command->run(Object(Symfony\\Component\\Console\\Input\\ArgvInput), Object(Illuminate\\Console\\OutputStyle))
#44 /var/www/html/vendor/symfony/console/Application.php(1094): Illuminate\\Console\\Command->run(Object(Symfony\\Component\\Console\\Input\\ArgvInput), Object(Symfony\\Component\\Console\\Output\\ConsoleOutput))
#45 /var/www/html/vendor/symfony/console/Application.php(342): Symfony\\Component\\Console\\Application->doRunCommand(Object(Illuminate\\Database\\Console\\Seeds\\SeedCommand), Object(Symfony\\Component\\Console\\Input\\ArgvInput), Object(Symfony\\Component\\Console\\Output\\ConsoleOutput))
#46 /var/www/html/vendor/symfony/console/Application.php(193): Symfony\\Component\\Console\\Application->doRun(Object(Symfony\\Component\\Console\\Input\\ArgvInput), Object(Symfony\\Component\\Console\\Output\\ConsoleOutput))
#47 /var/www/html/vendor/laravel/framework/src/Illuminate/Foundation/Console/Kernel.php(197): Symfony\\Component\\Console\\Application->run(Object(Symfony\\Component\\Console\\Input\\ArgvInput), Object(Symfony\\Component\\Console\\Output\\ConsoleOutput))
#48 /var/www/html/vendor/laravel/framework/src/Illuminate/Foundation/Application.php(1234): Illuminate\\Foundation\\Console\\Kernel->handle(Object(Symfony\\Component\\Console\\Input\\ArgvInput), Object(Symfony\\Component\\Console\\Output\\ConsoleOutput))
#49 /var/www/html/artisan(16): Illuminate\\Foundation\\Application->handleCommand(Object(Symfony\\Component\\Console\\Input\\ArgvInput))
#50 {main}
"} 
[2025-05-10 02:03:40] production.ERROR: SQLSTATE[23000]: Integrity constraint violation: 19 UNIQUE constraint failed: users.email (Connection: sqlite, SQL: insert into "users" ("name", "email", "email_verified_at", "password", "remember_token", "is_admin", "updated_at", "created_at") values (Admin User, admin@share.co.nz, 2025-05-10 02:03:40, $2y$12$yfIbxH7Vj/prsULdWz1Cg.KYhRXrDiHNbkH44rY3CSDhaL.Drgdm., Ktp2CMZtyV, 1, 2025-05-10 02:03:40, 2025-05-10 02:03:40)) {"exception":"[object] (Illuminate\\Database\\UniqueConstraintViolationException(code: 23000): SQLSTATE[23000]: Integrity constraint violation: 19 UNIQUE constraint failed: users.email (Connection: sqlite, SQL: insert into \"users\" (\"name\", \"email\", \"email_verified_at\", \"password\", \"remember_token\", \"is_admin\", \"updated_at\", \"created_at\") values (Admin User, admin@share.co.nz, 2025-05-10 02:03:40, $2y$12$yfIbxH7Vj/prsULdWz1Cg.KYhRXrDiHNbkH44rY3CSDhaL.Drgdm., Ktp2CMZtyV, 1, 2025-05-10 02:03:40, 2025-05-10 02:03:40)) at /var/www/html/vendor/laravel/framework/src/Illuminate/Database/Connection.php:817)
[stacktrace]
#0 /var/www/html/vendor/laravel/framework/src/Illuminate/Database/Connection.php(776): Illuminate\\Database\\Connection->runQueryCallback('insert into \"us...', Array, Object(Closure))
#1 /var/www/html/vendor/laravel/framework/src/Illuminate/Database/Connection.php(557): Illuminate\\Database\\Connection->run('insert into \"us...', Array, Object(Closure))
#2 /var/www/html/vendor/laravel/framework/src/Illuminate/Database/Connection.php(521): Illuminate\\Database\\Connection->statement('insert into \"us...', Array)
#3 /var/www/html/vendor/laravel/framework/src/Illuminate/Database/Query/Processors/Processor.php(32): Illuminate\\Database\\Connection->insert('insert into \"us...', Array)
#4 /var/www/html/vendor/laravel/framework/src/Illuminate/Database/Query/Builder.php(3779): Illuminate\\Database\\Query\\Processors\\Processor->processInsertGetId(Object(Illuminate\\Database\\Query\\Builder), 'insert into \"us...', Array, 'id')
#5 /var/www/html/vendor/laravel/framework/src/Illuminate/Database/Eloquent/Builder.php(2204): Illuminate\\Database\\Query\\Builder->insertGetId(Array, 'id')
#6 /var/www/html/vendor/laravel/framework/src/Illuminate/Database/Eloquent/Model.php(1408): Illuminate\\Database\\Eloquent\\Builder->__call('insertGetId', Array)
#7 /var/www/html/vendor/laravel/framework/src/Illuminate/Database/Eloquent/Model.php(1373): Illuminate\\Database\\Eloquent\\Model->insertAndSetId(Object(Illuminate\\Database\\Eloquent\\Builder), Array)
#8 /var/www/html/vendor/laravel/framework/src/Illuminate/Database/Eloquent/Model.php(1212): Illuminate\\Database\\Eloquent\\Model->performInsert(Object(Illuminate\\Database\\Eloquent\\Builder))
#9 /var/www/html/vendor/laravel/framework/src/Illuminate/Database/Eloquent/Factories/Factory.php(351): Illuminate\\Database\\Eloquent\\Model->save()
#10 /var/www/html/vendor/laravel/framework/src/Illuminate/Collections/Traits/EnumeratesValues.php(274): Illuminate\\Database\\Eloquent\\Factories\\Factory->Illuminate\\Database\\Eloquent\\Factories\\{closure}(Object(App\\Models\\User), 0)
#11 /var/www/html/vendor/laravel/framework/src/Illuminate/Database/Eloquent/Factories/Factory.php(346): Illuminate\\Support\\Collection->each(Object(Closure))
#12 /var/www/html/vendor/laravel/framework/src/Illuminate/Database/Eloquent/Factories/Factory.php(302): Illuminate\\Database\\Eloquent\\Factories\\Factory->store(Object(Illuminate\\Support\\Collection))
#13 /var/www/html/vendor/laravel/framework/src/Illuminate/Database/Eloquent/Factories/Factory.php(296): Illuminate\\Database\\Eloquent\\Factories\\Factory->create(Array, NULL)
#14 /var/www/html/database/seeders/UsersSeeder.php(16): Illuminate\\Database\\Eloquent\\Factories\\Factory->create(Array)
#15 /var/www/html/vendor/laravel/framework/src/Illuminate/Container/BoundMethod.php(36): Database\\Seeders\\UsersSeeder->run()
#16 /var/www/html/vendor/laravel/framework/src/Illuminate/Container/Util.php(43): Illuminate\\Container\\BoundMethod::Illuminate\\Container\\{closure}()
#17 /var/www/html/vendor/laravel/framework/src/Illuminate/Container/BoundMethod.php(96): Illuminate\\Container\\Util::unwrapIfClosure(Object(Closure))
#18 /var/www/html/vendor/laravel/framework/src/Illuminate/Container/BoundMethod.php(35): Illuminate\\Container\\BoundMethod::callBoundMethod(Object(Illuminate\\Foundation\\Application), Array, Object(Closure))
#19 /var/www/html/vendor/laravel/framework/src/Illuminate/Container/Container.php(754): Illuminate\\Container\\BoundMethod::call(Object(Illuminate\\Foundation\\Application), Array, Array, NULL)
#20 /var/www/html/vendor/laravel/framework/src/Illuminate/Database/Seeder.php(188): Illuminate\\Container\\Container->call(Array, Array)
#21 /var/www/html/vendor/laravel/framework/src/Illuminate/Database/Seeder.php(197): Illuminate\\Database\\Seeder->Illuminate\\Database\\{closure}()
#22 /var/www/html/vendor/laravel/framework/src/Illuminate/Database/Seeder.php(61): Illuminate\\Database\\Seeder->__invoke(Array)
#23 /var/www/html/database/seeders/DatabaseSeeder.php(24): Illuminate\\Database\\Seeder->call('Database\\\\Seeder...')
#24 /var/www/html/vendor/laravel/framework/src/Illuminate/Container/BoundMethod.php(36): Database\\Seeders\\DatabaseSeeder->run()
#25 /var/www/html/vendor/laravel/framework/src/Illuminate/Container/Util.php(43): Illuminate\\Container\\BoundMethod::Illuminate\\Container\\{closure}()
#26 /var/www/html/vendor/laravel/framework/src/Illuminate/Container/BoundMethod.php(96): Illuminate\\Container\\Util::unwrapIfClosure(Object(Closure))
#27 /var/www/html/vendor/laravel/framework/src/Illuminate/Container/BoundMethod.php(35): Illuminate\\Container\\BoundMethod::callBoundMethod(Object(Illuminate\\Foundation\\Application), Array, Object(Closure))
#28 /var/www/html/vendor/laravel/framework/src/Illuminate/Container/Container.php(754): Illuminate\\Container\\BoundMethod::call(Object(Illuminate\\Foundation\\Application), Array, Array, NULL)
#29 /var/www/html/vendor/laravel/framework/src/Illuminate/Database/Seeder.php(188): Illuminate\\Container\\Container->call(Array, Array)
#30 /var/www/html/vendor/laravel/framework/src/Illuminate/Database/Seeder.php(197): Illuminate\\Database\\Seeder->Illuminate\\Database\\{closure}()
#31 /var/www/html/vendor/laravel/framework/src/Illuminate/Database/Console/Seeds/SeedCommand.php(71): Illuminate\\Database\\Seeder->__invoke()
#32 /var/www/html/vendor/laravel/framework/src/Illuminate/Database/Eloquent/Concerns/GuardsAttributes.php(155): Illuminate\\Database\\Console\\Seeds\\SeedCommand->Illuminate\\Database\\Console\\Seeds\\{closure}()
#33 /var/www/html/vendor/laravel/framework/src/Illuminate/Database/Console/Seeds/SeedCommand.php(70): Illuminate\\Database\\Eloquent\\Model::unguarded(Object(Closure))
#34 /var/www/html/vendor/laravel/framework/src/Illuminate/Container/BoundMethod.php(36): Illuminate\\Database\\Console\\Seeds\\SeedCommand->handle()
#35 /var/www/html/vendor/laravel/framework/src/Illuminate/Container/Util.php(43): Illuminate\\Container\\BoundMethod::Illuminate\\Container\\{closure}()
#36 /var/www/html/vendor/laravel/framework/src/Illuminate/Container/BoundMethod.php(96): Illuminate\\Container\\Util::unwrapIfClosure(Object(Closure))
#37 /var/www/html/vendor/laravel/framework/src/Illuminate/Container/BoundMethod.php(35): Illuminate\\Container\\BoundMethod::callBoundMethod(Object(Illuminate\\Foundation\\Application), Array, Object(Closure))
#38 /var/www/html/vendor/laravel/framework/src/Illuminate/Container/Container.php(754): Illuminate\\Container\\BoundMethod::call(Object(Illuminate\\Foundation\\Application), Array, Array, NULL)
#39 /var/www/html/vendor/laravel/framework/src/Illuminate/Console/Command.php(211): Illuminate\\Container\\Container->call(Array)
#40 /var/www/html/vendor/symfony/console/Command/Command.php(279): Illuminate\\Console\\Command->execute(Object(Symfony\\Component\\Console\\Input\\ArgvInput), Object(Illuminate\\Console\\OutputStyle))
#41 /var/www/html/vendor/laravel/framework/src/Illuminate/Console/Command.php(180): Symfony\\Component\\Console\\Command\\Command->run(Object(Symfony\\Component\\Console\\Input\\ArgvInput), Object(Illuminate\\Console\\OutputStyle))
#42 /var/www/html/vendor/symfony/console/Application.php(1094): Illuminate\\Console\\Command->run(Object(Symfony\\Component\\Console\\Input\\ArgvInput), Object(Symfony\\Component\\Console\\Output\\ConsoleOutput))
#43 /var/www/html/vendor/symfony/console/Application.php(342): Symfony\\Component\\Console\\Application->doRunCommand(Object(Illuminate\\Database\\Console\\Seeds\\SeedCommand), Object(Symfony\\Component\\Console\\Input\\ArgvInput), Object(Symfony\\Component\\Console\\Output\\ConsoleOutput))
#44 /var/www/html/vendor/symfony/console/Application.php(193): Symfony\\Component\\Console\\Application->doRun(Object(Symfony\\Component\\Console\\Input\\ArgvInput), Object(Symfony\\Component\\Console\\Output\\ConsoleOutput))
#45 /var/www/html/vendor/laravel/framework/src/Illuminate/Foundation/Console/Kernel.php(197): Symfony\\Component\\Console\\Application->run(Object(Symfony\\Component\\Console\\Input\\ArgvInput), Object(Symfony\\Component\\Console\\Output\\ConsoleOutput))
#46 /var/www/html/vendor/laravel/framework/src/Illuminate/Foundation/Application.php(1234): Illuminate\\Foundation\\Console\\Kernel->handle(Object(Symfony\\Component\\Console\\Input\\ArgvInput), Object(Symfony\\Component\\Console\\Output\\ConsoleOutput))
#47 /var/www/html/artisan(16): Illuminate\\Foundation\\Application->handleCommand(Object(Symfony\\Component\\Console\\Input\\ArgvInput))
#48 {main}

[previous exception] [object] (PDOException(code: 23000): SQLSTATE[23000]: Integrity constraint violation: 19 UNIQUE constraint failed: users.email at /var/www/html/vendor/laravel/framework/src/Illuminate/Database/Connection.php:568)
[stacktrace]
#0 /var/www/html/vendor/laravel/framework/src/Illuminate/Database/Connection.php(568): PDOStatement->execute()
#1 /var/www/html/vendor/laravel/framework/src/Illuminate/Database/Connection.php(809): Illuminate\\Database\\Connection->Illuminate\\Database\\{closure}('insert into \"us...', Array)
#2 /var/www/html/vendor/laravel/framework/src/Illuminate/Database/Connection.php(776): Illuminate\\Database\\Connection->runQueryCallback('insert into \"us...', Array, Object(Closure))
#3 /var/www/html/vendor/laravel/framework/src/Illuminate/Database/Connection.php(557): Illuminate\\Database\\Connection->run('insert into \"us...', Array, Object(Closure))
#4 /var/www/html/vendor/laravel/framework/src/Illuminate/Database/Connection.php(521): Illuminate\\Database\\Connection->statement('insert into \"us...', Array)
#5 /var/www/html/vendor/laravel/framework/src/Illuminate/Database/Query/Processors/Processor.php(32): Illuminate\\Database\\Connection->insert('insert into \"us...', Array)
#6 /var/www/html/vendor/laravel/framework/src/Illuminate/Database/Query/Builder.php(3779): Illuminate\\Database\\Query\\Processors\\Processor->processInsertGetId(Object(Illuminate\\Database\\Query\\Builder), 'insert into \"us...', Array, 'id')
#7 /var/www/html/vendor/laravel/framework/src/Illuminate/Database/Eloquent/Builder.php(2204): Illuminate\\Database\\Query\\Builder->insertGetId(Array, 'id')
#8 /var/www/html/vendor/laravel/framework/src/Illuminate/Database/Eloquent/Model.php(1408): Illuminate\\Database\\Eloquent\\Builder->__call('insertGetId', Array)
#9 /var/www/html/vendor/laravel/framework/src/Illuminate/Database/Eloquent/Model.php(1373): Illuminate\\Database\\Eloquent\\Model->insertAndSetId(Object(Illuminate\\Database\\Eloquent\\Builder), Array)
#10 /var/www/html/vendor/laravel/framework/src/Illuminate/Database/Eloquent/Model.php(1212): Illuminate\\Database\\Eloquent\\Model->performInsert(Object(Illuminate\\Database\\Eloquent\\Builder))
#11 /var/www/html/vendor/laravel/framework/src/Illuminate/Database/Eloquent/Factories/Factory.php(351): Illuminate\\Database\\Eloquent\\Model->save()
#12 /var/www/html/vendor/laravel/framework/src/Illuminate/Collections/Traits/EnumeratesValues.php(274): Illuminate\\Database\\Eloquent\\Factories\\Factory->Illuminate\\Database\\Eloquent\\Factories\\{closure}(Object(App\\Models\\User), 0)
#13 /var/www/html/vendor/laravel/framework/src/Illuminate/Database/Eloquent/Factories/Factory.php(346): Illuminate\\Support\\Collection->each(Object(Closure))
#14 /var/www/html/vendor/laravel/framework/src/Illuminate/Database/Eloquent/Factories/Factory.php(302): Illuminate\\Database\\Eloquent\\Factories\\Factory->store(Object(Illuminate\\Support\\Collection))
#15 /var/www/html/vendor/laravel/framework/src/Illuminate/Database/Eloquent/Factories/Factory.php(296): Illuminate\\Database\\Eloquent\\Factories\\Factory->create(Array, NULL)
#16 /var/www/html/database/seeders/UsersSeeder.php(16): Illuminate\\Database\\Eloquent\\Factories\\Factory->create(Array)
#17 /var/www/html/vendor/laravel/framework/src/Illuminate/Container/BoundMethod.php(36): Database\\Seeders\\UsersSeeder->run()
#18 /var/www/html/vendor/laravel/framework/src/Illuminate/Container/Util.php(43): Illuminate\\Container\\BoundMethod::Illuminate\\Container\\{closure}()
#19 /var/www/html/vendor/laravel/framework/src/Illuminate/Container/BoundMethod.php(96): Illuminate\\Container\\Util::unwrapIfClosure(Object(Closure))
#20 /var/www/html/vendor/laravel/framework/src/Illuminate/Container/BoundMethod.php(35): Illuminate\\Container\\BoundMethod::callBoundMethod(Object(Illuminate\\Foundation\\Application), Array, Object(Closure))
#21 /var/www/html/vendor/laravel/framework/src/Illuminate/Container/Container.php(754): Illuminate\\Container\\BoundMethod::call(Object(Illuminate\\Foundation\\Application), Array, Array, NULL)
#22 /var/www/html/vendor/laravel/framework/src/Illuminate/Database/Seeder.php(188): Illuminate\\Container\\Container->call(Array, Array)
#23 /var/www/html/vendor/laravel/framework/src/Illuminate/Database/Seeder.php(197): Illuminate\\Database\\Seeder->Illuminate\\Database\\{closure}()
#24 /var/www/html/vendor/laravel/framework/src/Illuminate/Database/Seeder.php(61): Illuminate\\Database\\Seeder->__invoke(Array)
#25 /var/www/html/database/seeders/DatabaseSeeder.php(24): Illuminate\\Database\\Seeder->call('Database\\\\Seeder...')
#26 /var/www/html/vendor/laravel/framework/src/Illuminate/Container/BoundMethod.php(36): Database\\Seeders\\DatabaseSeeder->run()
#27 /var/www/html/vendor/laravel/framework/src/Illuminate/Container/Util.php(43): Illuminate\\Container\\BoundMethod::Illuminate\\Container\\{closure}()
#28 /var/www/html/vendor/laravel/framework/src/Illuminate/Container/BoundMethod.php(96): Illuminate\\Container\\Util::unwrapIfClosure(Object(Closure))
#29 /var/www/html/vendor/laravel/framework/src/Illuminate/Container/BoundMethod.php(35): Illuminate\\Container\\BoundMethod::callBoundMethod(Object(Illuminate\\Foundation\\Application), Array, Object(Closure))
#30 /var/www/html/vendor/laravel/framework/src/Illuminate/Container/Container.php(754): Illuminate\\Container\\BoundMethod::call(Object(Illuminate\\Foundation\\Application), Array, Array, NULL)
#31 /var/www/html/vendor/laravel/framework/src/Illuminate/Database/Seeder.php(188): Illuminate\\Container\\Container->call(Array, Array)
#32 /var/www/html/vendor/laravel/framework/src/Illuminate/Database/Seeder.php(197): Illuminate\\Database\\Seeder->Illuminate\\Database\\{closure}()
#33 /var/www/html/vendor/laravel/framework/src/Illuminate/Database/Console/Seeds/SeedCommand.php(71): Illuminate\\Database\\Seeder->__invoke()
#34 /var/www/html/vendor/laravel/framework/src/Illuminate/Database/Eloquent/Concerns/GuardsAttributes.php(155): Illuminate\\Database\\Console\\Seeds\\SeedCommand->Illuminate\\Database\\Console\\Seeds\\{closure}()
#35 /var/www/html/vendor/laravel/framework/src/Illuminate/Database/Console/Seeds/SeedCommand.php(70): Illuminate\\Database\\Eloquent\\Model::unguarded(Object(Closure))
#36 /var/www/html/vendor/laravel/framework/src/Illuminate/Container/BoundMethod.php(36): Illuminate\\Database\\Console\\Seeds\\SeedCommand->handle()
#37 /var/www/html/vendor/laravel/framework/src/Illuminate/Container/Util.php(43): Illuminate\\Container\\BoundMethod::Illuminate\\Container\\{closure}()
#38 /var/www/html/vendor/laravel/framework/src/Illuminate/Container/BoundMethod.php(96): Illuminate\\Container\\Util::unwrapIfClosure(Object(Closure))
#39 /var/www/html/vendor/laravel/framework/src/Illuminate/Container/BoundMethod.php(35): Illuminate\\Container\\BoundMethod::callBoundMethod(Object(Illuminate\\Foundation\\Application), Array, Object(Closure))
#40 /var/www/html/vendor/laravel/framework/src/Illuminate/Container/Container.php(754): Illuminate\\Container\\BoundMethod::call(Object(Illuminate\\Foundation\\Application), Array, Array, NULL)
#41 /var/www/html/vendor/laravel/framework/src/Illuminate/Console/Command.php(211): Illuminate\\Container\\Container->call(Array)
#42 /var/www/html/vendor/symfony/console/Command/Command.php(279): Illuminate\\Console\\Command->execute(Object(Symfony\\Component\\Console\\Input\\ArgvInput), Object(Illuminate\\Console\\OutputStyle))
#43 /var/www/html/vendor/laravel/framework/src/Illuminate/Console/Command.php(180): Symfony\\Component\\Console\\Command\\Command->run(Object(Symfony\\Component\\Console\\Input\\ArgvInput), Object(Illuminate\\Console\\OutputStyle))
#44 /var/www/html/vendor/symfony/console/Application.php(1094): Illuminate\\Console\\Command->run(Object(Symfony\\Component\\Console\\Input\\ArgvInput), Object(Symfony\\Component\\Console\\Output\\ConsoleOutput))
#45 /var/www/html/vendor/symfony/console/Application.php(342): Symfony\\Component\\Console\\Application->doRunCommand(Object(Illuminate\\Database\\Console\\Seeds\\SeedCommand), Object(Symfony\\Component\\Console\\Input\\ArgvInput), Object(Symfony\\Component\\Console\\Output\\ConsoleOutput))
#46 /var/www/html/vendor/symfony/console/Application.php(193): Symfony\\Component\\Console\\Application->doRun(Object(Symfony\\Component\\Console\\Input\\ArgvInput), Object(Symfony\\Component\\Console\\Output\\ConsoleOutput))
#47 /var/www/html/vendor/laravel/framework/src/Illuminate/Foundation/Console/Kernel.php(197): Symfony\\Component\\Console\\Application->run(Object(Symfony\\Component\\Console\\Input\\ArgvInput), Object(Symfony\\Component\\Console\\Output\\ConsoleOutput))
#48 /var/www/html/vendor/laravel/framework/src/Illuminate/Foundation/Application.php(1234): Illuminate\\Foundation\\Console\\Kernel->handle(Object(Symfony\\Component\\Console\\Input\\ArgvInput), Object(Symfony\\Component\\Console\\Output\\ConsoleOutput))
#49 /var/www/html/artisan(16): Illuminate\\Foundation\\Application->handleCommand(Object(Symfony\\Component\\Console\\Input\\ArgvInput))
#50 {main}
"} 
[2025-05-10 02:07:38] production.ERROR: No application encryption key has been specified. {"exception":"[object] (Illuminate\\Encryption\\MissingAppKeyException(code: 0): No application encryption key has been specified. at /var/www/html/vendor/laravel/framework/src/Illuminate/Encryption/EncryptionServiceProvider.php:83)
[stacktrace]
#0 /var/www/html/vendor/laravel/framework/src/Illuminate/Support/helpers.php(399): Illuminate\\Encryption\\EncryptionServiceProvider->Illuminate\\Encryption\\{closure}(NULL)
#1 /var/www/html/vendor/laravel/framework/src/Illuminate/Encryption/EncryptionServiceProvider.php(81): tap(NULL, Object(Closure))
#2 /var/www/html/vendor/laravel/framework/src/Illuminate/Encryption/EncryptionServiceProvider.php(64): Illuminate\\Encryption\\EncryptionServiceProvider->key(Array)
#3 /var/www/html/vendor/laravel/framework/src/Illuminate/Encryption/EncryptionServiceProvider.php(32): Illuminate\\Encryption\\EncryptionServiceProvider->parseKey(Array)
#4 /var/www/html/vendor/laravel/framework/src/Illuminate/Container/Container.php(1010): Illuminate\\Encryption\\EncryptionServiceProvider->Illuminate\\Encryption\\{closure}(Object(Illuminate\\Foundation\\Application), Array)
#5 /var/www/html/vendor/laravel/framework/src/Illuminate/Container/Container.php(890): Illuminate\\Container\\Container->build(Object(Closure))
#6 /var/www/html/vendor/laravel/framework/src/Illuminate/Foundation/Application.php(1077): Illuminate\\Container\\Container->resolve('encrypter', Array, true)
#7 /var/www/html/vendor/laravel/framework/src/Illuminate/Container/Container.php(821): Illuminate\\Foundation\\Application->resolve('encrypter', Array)
#8 /var/www/html/vendor/laravel/framework/src/Illuminate/Foundation/Application.php(1057): Illuminate\\Container\\Container->make('encrypter', Array)
#9 /var/www/html/vendor/laravel/framework/src/Illuminate/Container/Container.php(1202): Illuminate\\Foundation\\Application->make('encrypter')
#10 /var/www/html/vendor/laravel/framework/src/Illuminate/Container/Container.php(1101): Illuminate\\Container\\Container->resolveClass(Object(ReflectionParameter))
#11 /var/www/html/vendor/laravel/framework/src/Illuminate/Container/Container.php(1052): Illuminate\\Container\\Container->resolveDependencies(Array)
#12 /var/www/html/vendor/laravel/framework/src/Illuminate/Container/Container.php(890): Illuminate\\Container\\Container->build('Illuminate\\\\Cook...')
#13 /var/www/html/vendor/laravel/framework/src/Illuminate/Foundation/Application.php(1077): Illuminate\\Container\\Container->resolve('Illuminate\\\\Cook...', Array, true)
#14 /var/www/html/vendor/laravel/framework/src/Illuminate/Container/Container.php(821): Illuminate\\Foundation\\Application->resolve('Illuminate\\\\Cook...', Array)
#15 /var/www/html/vendor/laravel/framework/src/Illuminate/Foundation/Application.php(1057): Illuminate\\Container\\Container->make('Illuminate\\\\Cook...', Array)
#16 /var/www/html/vendor/laravel/framework/src/Illuminate/Pipeline/Pipeline.php(197): Illuminate\\Foundation\\Application->make('Illuminate\\\\Cook...')
#17 /var/www/html/vendor/laravel/framework/src/Illuminate/Pipeline/Pipeline.php(126): Illuminate\\Pipeline\\Pipeline->Illuminate\\Pipeline\\{closure}(Object(Illuminate\\Http\\Request))
#18 /var/www/html/vendor/laravel/framework/src/Illuminate/Routing/Router.php(807): Illuminate\\Pipeline\\Pipeline->then(Object(Closure))
#19 /var/www/html/vendor/laravel/framework/src/Illuminate/Routing/Router.php(786): Illuminate\\Routing\\Router->runRouteWithinStack(Object(Illuminate\\Routing\\Route), Object(Illuminate\\Http\\Request))
#20 /var/www/html/vendor/laravel/framework/src/Illuminate/Routing/Router.php(750): Illuminate\\Routing\\Router->runRoute(Object(Illuminate\\Http\\Request), Object(Illuminate\\Routing\\Route))
#21 /var/www/html/vendor/laravel/framework/src/Illuminate/Routing/Router.php(739): Illuminate\\Routing\\Router->dispatchToRoute(Object(Illuminate\\Http\\Request))
#22 /var/www/html/vendor/laravel/framework/src/Illuminate/Foundation/Http/Kernel.php(200): Illuminate\\Routing\\Router->dispatch(Object(Illuminate\\Http\\Request))
#23 /var/www/html/vendor/laravel/framework/src/Illuminate/Pipeline/Pipeline.php(169): Illuminate\\Foundation\\Http\\Kernel->Illuminate\\Foundation\\Http\\{closure}(Object(Illuminate\\Http\\Request))
#24 /var/www/html/vendor/laravel/framework/src/Illuminate/Foundation/Http/Middleware/TransformsRequest.php(21): Illuminate\\Pipeline\\Pipeline->Illuminate\\Pipeline\\{closure}(Object(Illuminate\\Http\\Request))
#25 /var/www/html/vendor/laravel/framework/src/Illuminate/Foundation/Http/Middleware/ConvertEmptyStringsToNull.php(31): Illuminate\\Foundation\\Http\\Middleware\\TransformsRequest->handle(Object(Illuminate\\Http\\Request), Object(Closure))
#26 /var/www/html/vendor/laravel/framework/src/Illuminate/Pipeline/Pipeline.php(208): Illuminate\\Foundation\\Http\\Middleware\\ConvertEmptyStringsToNull->handle(Object(Illuminate\\Http\\Request), Object(Closure))
#27 /var/www/html/vendor/laravel/framework/src/Illuminate/Foundation/Http/Middleware/TransformsRequest.php(21): Illuminate\\Pipeline\\Pipeline->Illuminate\\Pipeline\\{closure}(Object(Illuminate\\Http\\Request))
#28 /var/www/html/vendor/laravel/framework/src/Illuminate/Foundation/Http/Middleware/TrimStrings.php(51): Illuminate\\Foundation\\Http\\Middleware\\TransformsRequest->handle(Object(Illuminate\\Http\\Request), Object(Closure))
#29 /var/www/html/vendor/laravel/framework/src/Illuminate/Pipeline/Pipeline.php(208): Illuminate\\Foundation\\Http\\Middleware\\TrimStrings->handle(Object(Illuminate\\Http\\Request), Object(Closure))
#30 /var/www/html/vendor/laravel/framework/src/Illuminate/Http/Middleware/ValidatePostSize.php(27): Illuminate\\Pipeline\\Pipeline->Illuminate\\Pipeline\\{closure}(Object(Illuminate\\Http\\Request))
#31 /var/www/html/vendor/laravel/framework/src/Illuminate/Pipeline/Pipeline.php(208): Illuminate\\Http\\Middleware\\ValidatePostSize->handle(Object(Illuminate\\Http\\Request), Object(Closure))
#32 /var/www/html/vendor/laravel/framework/src/Illuminate/Foundation/Http/Middleware/PreventRequestsDuringMaintenance.php(109): Illuminate\\Pipeline\\Pipeline->Illuminate\\Pipeline\\{closure}(Object(Illuminate\\Http\\Request))
#33 /var/www/html/vendor/laravel/framework/src/Illuminate/Pipeline/Pipeline.php(208): Illuminate\\Foundation\\Http\\Middleware\\PreventRequestsDuringMaintenance->handle(Object(Illuminate\\Http\\Request), Object(Closure))
#34 /var/www/html/vendor/laravel/framework/src/Illuminate/Http/Middleware/HandleCors.php(48): Illuminate\\Pipeline\\Pipeline->Illuminate\\Pipeline\\{closure}(Object(Illuminate\\Http\\Request))
#35 /var/www/html/vendor/laravel/framework/src/Illuminate/Pipeline/Pipeline.php(208): Illuminate\\Http\\Middleware\\HandleCors->handle(Object(Illuminate\\Http\\Request), Object(Closure))
#36 /var/www/html/vendor/laravel/framework/src/Illuminate/Http/Middleware/TrustProxies.php(58): Illuminate\\Pipeline\\Pipeline->Illuminate\\Pipeline\\{closure}(Object(Illuminate\\Http\\Request))
#37 /var/www/html/vendor/laravel/framework/src/Illuminate/Pipeline/Pipeline.php(208): Illuminate\\Http\\Middleware\\TrustProxies->handle(Object(Illuminate\\Http\\Request), Object(Closure))
#38 /var/www/html/vendor/laravel/framework/src/Illuminate/Foundation/Http/Middleware/InvokeDeferredCallbacks.php(22): Illuminate\\Pipeline\\Pipeline->Illuminate\\Pipeline\\{closure}(Object(Illuminate\\Http\\Request))
#39 /var/www/html/vendor/laravel/framework/src/Illuminate/Pipeline/Pipeline.php(208): Illuminate\\Foundation\\Http\\Middleware\\InvokeDeferredCallbacks->handle(Object(Illuminate\\Http\\Request), Object(Closure))
#40 /var/www/html/vendor/laravel/framework/src/Illuminate/Http/Middleware/ValidatePathEncoding.php(26): Illuminate\\Pipeline\\Pipeline->Illuminate\\Pipeline\\{closure}(Object(Illuminate\\Http\\Request))
#41 /var/www/html/vendor/laravel/framework/src/Illuminate/Pipeline/Pipeline.php(208): Illuminate\\Http\\Middleware\\ValidatePathEncoding->handle(Object(Illuminate\\Http\\Request), Object(Closure))
#42 /var/www/html/vendor/laravel/framework/src/Illuminate/Pipeline/Pipeline.php(126): Illuminate\\Pipeline\\Pipeline->Illuminate\\Pipeline\\{closure}(Object(Illuminate\\Http\\Request))
#43 /var/www/html/vendor/laravel/framework/src/Illuminate/Foundation/Http/Kernel.php(175): Illuminate\\Pipeline\\Pipeline->then(Object(Closure))
#44 /var/www/html/vendor/laravel/framework/src/Illuminate/Foundation/Http/Kernel.php(144): Illuminate\\Foundation\\Http\\Kernel->sendRequestThroughRouter(Object(Illuminate\\Http\\Request))
#45 /var/www/html/vendor/laravel/framework/src/Illuminate/Foundation/Application.php(1219): Illuminate\\Foundation\\Http\\Kernel->handle(Object(Illuminate\\Http\\Request))
#46 /var/www/html/public/index.php(20): Illuminate\\Foundation\\Application->handleRequest(Object(Illuminate\\Http\\Request))
#47 {main}
"} 
[2025-05-10 02:07:38] production.ERROR: No application encryption key has been specified. {"exception":"[object] (Illuminate\\Encryption\\MissingAppKeyException(code: 0): No application encryption key has been specified. at /var/www/html/vendor/laravel/framework/src/Illuminate/Encryption/EncryptionServiceProvider.php:83)
[stacktrace]
#0 /var/www/html/vendor/laravel/framework/src/Illuminate/Support/helpers.php(399): Illuminate\\Encryption\\EncryptionServiceProvider->Illuminate\\Encryption\\{closure}(NULL)
#1 /var/www/html/vendor/laravel/framework/src/Illuminate/Encryption/EncryptionServiceProvider.php(81): tap(NULL, Object(Closure))
#2 /var/www/html/vendor/laravel/framework/src/Illuminate/Encryption/EncryptionServiceProvider.php(64): Illuminate\\Encryption\\EncryptionServiceProvider->key(Array)
#3 /var/www/html/vendor/laravel/framework/src/Illuminate/Encryption/EncryptionServiceProvider.php(32): Illuminate\\Encryption\\EncryptionServiceProvider->parseKey(Array)
#4 /var/www/html/vendor/laravel/framework/src/Illuminate/Container/Container.php(1010): Illuminate\\Encryption\\EncryptionServiceProvider->Illuminate\\Encryption\\{closure}(Object(Illuminate\\Foundation\\Application), Array)
#5 /var/www/html/vendor/laravel/framework/src/Illuminate/Container/Container.php(890): Illuminate\\Container\\Container->build(Object(Closure))
#6 /var/www/html/vendor/laravel/framework/src/Illuminate/Foundation/Application.php(1077): Illuminate\\Container\\Container->resolve('encrypter', Array, true)
#7 /var/www/html/vendor/laravel/framework/src/Illuminate/Container/Container.php(821): Illuminate\\Foundation\\Application->resolve('encrypter', Array)
#8 /var/www/html/vendor/laravel/framework/src/Illuminate/Foundation/Application.php(1057): Illuminate\\Container\\Container->make('encrypter', Array)
#9 /var/www/html/vendor/laravel/framework/src/Illuminate/Container/Container.php(1202): Illuminate\\Foundation\\Application->make('encrypter')
#10 /var/www/html/vendor/laravel/framework/src/Illuminate/Container/Container.php(1101): Illuminate\\Container\\Container->resolveClass(Object(ReflectionParameter))
#11 /var/www/html/vendor/laravel/framework/src/Illuminate/Container/Container.php(1052): Illuminate\\Container\\Container->resolveDependencies(Array)
#12 /var/www/html/vendor/laravel/framework/src/Illuminate/Container/Container.php(890): Illuminate\\Container\\Container->build('Illuminate\\\\Cook...')
#13 /var/www/html/vendor/laravel/framework/src/Illuminate/Foundation/Application.php(1077): Illuminate\\Container\\Container->resolve('Illuminate\\\\Cook...', Array, true)
#14 /var/www/html/vendor/laravel/framework/src/Illuminate/Container/Container.php(821): Illuminate\\Foundation\\Application->resolve('Illuminate\\\\Cook...', Array)
#15 /var/www/html/vendor/laravel/framework/src/Illuminate/Foundation/Application.php(1057): Illuminate\\Container\\Container->make('Illuminate\\\\Cook...', Array)
#16 /var/www/html/vendor/laravel/framework/src/Illuminate/Foundation/Http/Kernel.php(257): Illuminate\\Foundation\\Application->make('Illuminate\\\\Cook...')
#17 /var/www/html/vendor/laravel/framework/src/Illuminate/Foundation/Http/Kernel.php(215): Illuminate\\Foundation\\Http\\Kernel->terminateMiddleware(Object(Illuminate\\Http\\Request), Object(Illuminate\\Http\\Response))
#18 /var/www/html/vendor/laravel/framework/src/Illuminate/Foundation/Application.php(1221): Illuminate\\Foundation\\Http\\Kernel->terminate(Object(Illuminate\\Http\\Request), Object(Illuminate\\Http\\Response))
#19 /var/www/html/public/index.php(20): Illuminate\\Foundation\\Application->handleRequest(Object(Illuminate\\Http\\Request))
#20 {main}
"} 
[2025-05-10 02:07:41] production.ERROR: No application encryption key has been specified. {"exception":"[object] (Illuminate\\Encryption\\MissingAppKeyException(code: 0): No application encryption key has been specified. at /var/www/html/vendor/laravel/framework/src/Illuminate/Encryption/EncryptionServiceProvider.php:83)
[stacktrace]
#0 /var/www/html/vendor/laravel/framework/src/Illuminate/Support/helpers.php(399): Illuminate\\Encryption\\EncryptionServiceProvider->Illuminate\\Encryption\\{closure}(NULL)
#1 /var/www/html/vendor/laravel/framework/src/Illuminate/Encryption/EncryptionServiceProvider.php(81): tap(NULL, Object(Closure))
#2 /var/www/html/vendor/laravel/framework/src/Illuminate/Encryption/EncryptionServiceProvider.php(64): Illuminate\\Encryption\\EncryptionServiceProvider->key(Array)
#3 /var/www/html/vendor/laravel/framework/src/Illuminate/Encryption/EncryptionServiceProvider.php(32): Illuminate\\Encryption\\EncryptionServiceProvider->parseKey(Array)
#4 /var/www/html/vendor/laravel/framework/src/Illuminate/Container/Container.php(1010): Illuminate\\Encryption\\EncryptionServiceProvider->Illuminate\\Encryption\\{closure}(Object(Illuminate\\Foundation\\Application), Array)
#5 /var/www/html/vendor/laravel/framework/src/Illuminate/Container/Container.php(890): Illuminate\\Container\\Container->build(Object(Closure))
#6 /var/www/html/vendor/laravel/framework/src/Illuminate/Foundation/Application.php(1077): Illuminate\\Container\\Container->resolve('encrypter', Array, true)
#7 /var/www/html/vendor/laravel/framework/src/Illuminate/Container/Container.php(821): Illuminate\\Foundation\\Application->resolve('encrypter', Array)
#8 /var/www/html/vendor/laravel/framework/src/Illuminate/Foundation/Application.php(1057): Illuminate\\Container\\Container->make('encrypter', Array)
#9 /var/www/html/vendor/laravel/framework/src/Illuminate/Container/Container.php(1202): Illuminate\\Foundation\\Application->make('encrypter')
#10 /var/www/html/vendor/laravel/framework/src/Illuminate/Container/Container.php(1101): Illuminate\\Container\\Container->resolveClass(Object(ReflectionParameter))
#11 /var/www/html/vendor/laravel/framework/src/Illuminate/Container/Container.php(1052): Illuminate\\Container\\Container->resolveDependencies(Array)
#12 /var/www/html/vendor/laravel/framework/src/Illuminate/Container/Container.php(890): Illuminate\\Container\\Container->build('Illuminate\\\\Cook...')
#13 /var/www/html/vendor/laravel/framework/src/Illuminate/Foundation/Application.php(1077): Illuminate\\Container\\Container->resolve('Illuminate\\\\Cook...', Array, true)
#14 /var/www/html/vendor/laravel/framework/src/Illuminate/Container/Container.php(821): Illuminate\\Foundation\\Application->resolve('Illuminate\\\\Cook...', Array)
#15 /var/www/html/vendor/laravel/framework/src/Illuminate/Foundation/Application.php(1057): Illuminate\\Container\\Container->make('Illuminate\\\\Cook...', Array)
#16 /var/www/html/vendor/laravel/framework/src/Illuminate/Pipeline/Pipeline.php(197): Illuminate\\Foundation\\Application->make('Illuminate\\\\Cook...')
#17 /var/www/html/vendor/laravel/framework/src/Illuminate/Pipeline/Pipeline.php(126): Illuminate\\Pipeline\\Pipeline->Illuminate\\Pipeline\\{closure}(Object(Illuminate\\Http\\Request))
#18 /var/www/html/vendor/laravel/framework/src/Illuminate/Routing/Router.php(807): Illuminate\\Pipeline\\Pipeline->then(Object(Closure))
#19 /var/www/html/vendor/laravel/framework/src/Illuminate/Routing/Router.php(786): Illuminate\\Routing\\Router->runRouteWithinStack(Object(Illuminate\\Routing\\Route), Object(Illuminate\\Http\\Request))
#20 /var/www/html/vendor/laravel/framework/src/Illuminate/Routing/Router.php(750): Illuminate\\Routing\\Router->runRoute(Object(Illuminate\\Http\\Request), Object(Illuminate\\Routing\\Route))
#21 /var/www/html/vendor/laravel/framework/src/Illuminate/Routing/Router.php(739): Illuminate\\Routing\\Router->dispatchToRoute(Object(Illuminate\\Http\\Request))
#22 /var/www/html/vendor/laravel/framework/src/Illuminate/Foundation/Http/Kernel.php(200): Illuminate\\Routing\\Router->dispatch(Object(Illuminate\\Http\\Request))
#23 /var/www/html/vendor/laravel/framework/src/Illuminate/Pipeline/Pipeline.php(169): Illuminate\\Foundation\\Http\\Kernel->Illuminate\\Foundation\\Http\\{closure}(Object(Illuminate\\Http\\Request))
#24 /var/www/html/vendor/laravel/framework/src/Illuminate/Foundation/Http/Middleware/TransformsRequest.php(21): Illuminate\\Pipeline\\Pipeline->Illuminate\\Pipeline\\{closure}(Object(Illuminate\\Http\\Request))
#25 /var/www/html/vendor/laravel/framework/src/Illuminate/Foundation/Http/Middleware/ConvertEmptyStringsToNull.php(31): Illuminate\\Foundation\\Http\\Middleware\\TransformsRequest->handle(Object(Illuminate\\Http\\Request), Object(Closure))
#26 /var/www/html/vendor/laravel/framework/src/Illuminate/Pipeline/Pipeline.php(208): Illuminate\\Foundation\\Http\\Middleware\\ConvertEmptyStringsToNull->handle(Object(Illuminate\\Http\\Request), Object(Closure))
#27 /var/www/html/vendor/laravel/framework/src/Illuminate/Foundation/Http/Middleware/TransformsRequest.php(21): Illuminate\\Pipeline\\Pipeline->Illuminate\\Pipeline\\{closure}(Object(Illuminate\\Http\\Request))
#28 /var/www/html/vendor/laravel/framework/src/Illuminate/Foundation/Http/Middleware/TrimStrings.php(51): Illuminate\\Foundation\\Http\\Middleware\\TransformsRequest->handle(Object(Illuminate\\Http\\Request), Object(Closure))
#29 /var/www/html/vendor/laravel/framework/src/Illuminate/Pipeline/Pipeline.php(208): Illuminate\\Foundation\\Http\\Middleware\\TrimStrings->handle(Object(Illuminate\\Http\\Request), Object(Closure))
#30 /var/www/html/vendor/laravel/framework/src/Illuminate/Http/Middleware/ValidatePostSize.php(27): Illuminate\\Pipeline\\Pipeline->Illuminate\\Pipeline\\{closure}(Object(Illuminate\\Http\\Request))
#31 /var/www/html/vendor/laravel/framework/src/Illuminate/Pipeline/Pipeline.php(208): Illuminate\\Http\\Middleware\\ValidatePostSize->handle(Object(Illuminate\\Http\\Request), Object(Closure))
#32 /var/www/html/vendor/laravel/framework/src/Illuminate/Foundation/Http/Middleware/PreventRequestsDuringMaintenance.php(109): Illuminate\\Pipeline\\Pipeline->Illuminate\\Pipeline\\{closure}(Object(Illuminate\\Http\\Request))
#33 /var/www/html/vendor/laravel/framework/src/Illuminate/Pipeline/Pipeline.php(208): Illuminate\\Foundation\\Http\\Middleware\\PreventRequestsDuringMaintenance->handle(Object(Illuminate\\Http\\Request), Object(Closure))
#34 /var/www/html/vendor/laravel/framework/src/Illuminate/Http/Middleware/HandleCors.php(48): Illuminate\\Pipeline\\Pipeline->Illuminate\\Pipeline\\{closure}(Object(Illuminate\\Http\\Request))
#35 /var/www/html/vendor/laravel/framework/src/Illuminate/Pipeline/Pipeline.php(208): Illuminate\\Http\\Middleware\\HandleCors->handle(Object(Illuminate\\Http\\Request), Object(Closure))
#36 /var/www/html/vendor/laravel/framework/src/Illuminate/Http/Middleware/TrustProxies.php(58): Illuminate\\Pipeline\\Pipeline->Illuminate\\Pipeline\\{closure}(Object(Illuminate\\Http\\Request))
#37 /var/www/html/vendor/laravel/framework/src/Illuminate/Pipeline/Pipeline.php(208): Illuminate\\Http\\Middleware\\TrustProxies->handle(Object(Illuminate\\Http\\Request), Object(Closure))
#38 /var/www/html/vendor/laravel/framework/src/Illuminate/Foundation/Http/Middleware/InvokeDeferredCallbacks.php(22): Illuminate\\Pipeline\\Pipeline->Illuminate\\Pipeline\\{closure}(Object(Illuminate\\Http\\Request))
#39 /var/www/html/vendor/laravel/framework/src/Illuminate/Pipeline/Pipeline.php(208): Illuminate\\Foundation\\Http\\Middleware\\InvokeDeferredCallbacks->handle(Object(Illuminate\\Http\\Request), Object(Closure))
#40 /var/www/html/vendor/laravel/framework/src/Illuminate/Http/Middleware/ValidatePathEncoding.php(26): Illuminate\\Pipeline\\Pipeline->Illuminate\\Pipeline\\{closure}(Object(Illuminate\\Http\\Request))
#41 /var/www/html/vendor/laravel/framework/src/Illuminate/Pipeline/Pipeline.php(208): Illuminate\\Http\\Middleware\\ValidatePathEncoding->handle(Object(Illuminate\\Http\\Request), Object(Closure))
#42 /var/www/html/vendor/laravel/framework/src/Illuminate/Pipeline/Pipeline.php(126): Illuminate\\Pipeline\\Pipeline->Illuminate\\Pipeline\\{closure}(Object(Illuminate\\Http\\Request))
#43 /var/www/html/vendor/laravel/framework/src/Illuminate/Foundation/Http/Kernel.php(175): Illuminate\\Pipeline\\Pipeline->then(Object(Closure))
#44 /var/www/html/vendor/laravel/framework/src/Illuminate/Foundation/Http/Kernel.php(144): Illuminate\\Foundation\\Http\\Kernel->sendRequestThroughRouter(Object(Illuminate\\Http\\Request))
#45 /var/www/html/vendor/laravel/framework/src/Illuminate/Foundation/Application.php(1219): Illuminate\\Foundation\\Http\\Kernel->handle(Object(Illuminate\\Http\\Request))
#46 /var/www/html/public/index.php(20): Illuminate\\Foundation\\Application->handleRequest(Object(Illuminate\\Http\\Request))
#47 {main}
"} 
[2025-05-10 02:07:41] production.ERROR: No application encryption key has been specified. {"exception":"[object] (Illuminate\\Encryption\\MissingAppKeyException(code: 0): No application encryption key has been specified. at /var/www/html/vendor/laravel/framework/src/Illuminate/Encryption/EncryptionServiceProvider.php:83)
[stacktrace]
#0 /var/www/html/vendor/laravel/framework/src/Illuminate/Support/helpers.php(399): Illuminate\\Encryption\\EncryptionServiceProvider->Illuminate\\Encryption\\{closure}(NULL)
#1 /var/www/html/vendor/laravel/framework/src/Illuminate/Encryption/EncryptionServiceProvider.php(81): tap(NULL, Object(Closure))
#2 /var/www/html/vendor/laravel/framework/src/Illuminate/Encryption/EncryptionServiceProvider.php(64): Illuminate\\Encryption\\EncryptionServiceProvider->key(Array)
#3 /var/www/html/vendor/laravel/framework/src/Illuminate/Encryption/EncryptionServiceProvider.php(32): Illuminate\\Encryption\\EncryptionServiceProvider->parseKey(Array)
#4 /var/www/html/vendor/laravel/framework/src/Illuminate/Container/Container.php(1010): Illuminate\\Encryption\\EncryptionServiceProvider->Illuminate\\Encryption\\{closure}(Object(Illuminate\\Foundation\\Application), Array)
#5 /var/www/html/vendor/laravel/framework/src/Illuminate/Container/Container.php(890): Illuminate\\Container\\Container->build(Object(Closure))
#6 /var/www/html/vendor/laravel/framework/src/Illuminate/Foundation/Application.php(1077): Illuminate\\Container\\Container->resolve('encrypter', Array, true)
#7 /var/www/html/vendor/laravel/framework/src/Illuminate/Container/Container.php(821): Illuminate\\Foundation\\Application->resolve('encrypter', Array)
#8 /var/www/html/vendor/laravel/framework/src/Illuminate/Foundation/Application.php(1057): Illuminate\\Container\\Container->make('encrypter', Array)
#9 /var/www/html/vendor/laravel/framework/src/Illuminate/Container/Container.php(1202): Illuminate\\Foundation\\Application->make('encrypter')
#10 /var/www/html/vendor/laravel/framework/src/Illuminate/Container/Container.php(1101): Illuminate\\Container\\Container->resolveClass(Object(ReflectionParameter))
#11 /var/www/html/vendor/laravel/framework/src/Illuminate/Container/Container.php(1052): Illuminate\\Container\\Container->resolveDependencies(Array)
#12 /var/www/html/vendor/laravel/framework/src/Illuminate/Container/Container.php(890): Illuminate\\Container\\Container->build('Illuminate\\\\Cook...')
#13 /var/www/html/vendor/laravel/framework/src/Illuminate/Foundation/Application.php(1077): Illuminate\\Container\\Container->resolve('Illuminate\\\\Cook...', Array, true)
#14 /var/www/html/vendor/laravel/framework/src/Illuminate/Container/Container.php(821): Illuminate\\Foundation\\Application->resolve('Illuminate\\\\Cook...', Array)
#15 /var/www/html/vendor/laravel/framework/src/Illuminate/Foundation/Application.php(1057): Illuminate\\Container\\Container->make('Illuminate\\\\Cook...', Array)
#16 /var/www/html/vendor/laravel/framework/src/Illuminate/Foundation/Http/Kernel.php(257): Illuminate\\Foundation\\Application->make('Illuminate\\\\Cook...')
#17 /var/www/html/vendor/laravel/framework/src/Illuminate/Foundation/Http/Kernel.php(215): Illuminate\\Foundation\\Http\\Kernel->terminateMiddleware(Object(Illuminate\\Http\\Request), Object(Illuminate\\Http\\Response))
#18 /var/www/html/vendor/laravel/framework/src/Illuminate/Foundation/Application.php(1221): Illuminate\\Foundation\\Http\\Kernel->terminate(Object(Illuminate\\Http\\Request), Object(Illuminate\\Http\\Response))
#19 /var/www/html/public/index.php(20): Illuminate\\Foundation\\Application->handleRequest(Object(Illuminate\\Http\\Request))
#20 {main}
"} 
[2025-05-10 02:25:34] local.ERROR: Unable to locate file in Vite manifest: resources/js/admindashboard.js. (View: /var/www/html/resources/views/admin/dashboard.blade.php) {"userId":2,"exception":"[object] (Illuminate\\View\\ViewException(code: 0): Unable to locate file in Vite manifest: resources/js/admindashboard.js. (View: /var/www/html/resources/views/admin/dashboard.blade.php) at /var/www/html/vendor/laravel/framework/src/Illuminate/Foundation/Vite.php:987)
[stacktrace]
#0 /var/www/html/vendor/laravel/framework/src/Illuminate/View/Engines/PhpEngine.php(59): Illuminate\\View\\Engines\\CompilerEngine->handleViewException(Object(Illuminate\\Foundation\\ViteException), 0)
#1 /var/www/html/vendor/laravel/framework/src/Illuminate/View/Engines/CompilerEngine.php(74): Illuminate\\View\\Engines\\PhpEngine->evaluatePath('/var/www/html/s...', Array)
#2 /var/www/html/vendor/laravel/framework/src/Illuminate/View/View.php(208): Illuminate\\View\\Engines\\CompilerEngine->get('/var/www/html/r...', Array)
#3 /var/www/html/vendor/laravel/framework/src/Illuminate/View/View.php(191): Illuminate\\View\\View->getContents()
#4 /var/www/html/vendor/laravel/framework/src/Illuminate/View/View.php(160): Illuminate\\View\\View->renderContents()
#5 /var/www/html/vendor/laravel/framework/src/Illuminate/Http/Response.php(78): Illuminate\\View\\View->render()
#6 /var/www/html/vendor/laravel/framework/src/Illuminate/Http/Response.php(34): Illuminate\\Http\\Response->setContent(Object(Illuminate\\View\\View))
#7 /var/www/html/vendor/laravel/framework/src/Illuminate/Routing/Router.php(924): Illuminate\\Http\\Response->__construct(Object(Illuminate\\View\\View), 200, Array)
#8 /var/www/html/vendor/laravel/framework/src/Illuminate/Routing/Router.php(891): Illuminate\\Routing\\Router::toResponse(Object(Illuminate\\Http\\Request), Object(Illuminate\\View\\View))
#9 /var/www/html/vendor/laravel/framework/src/Illuminate/Routing/Router.php(807): Illuminate\\Routing\\Router->prepareResponse(Object(Illuminate\\Http\\Request), Object(Illuminate\\View\\View))
#10 /var/www/html/vendor/laravel/framework/src/Illuminate/Pipeline/Pipeline.php(169): Illuminate\\Routing\\Router->Illuminate\\Routing\\{closure}(Object(Illuminate\\Http\\Request))
#11 /var/www/html/vendor/laravel/framework/src/Illuminate/Routing/Middleware/SubstituteBindings.php(50): Illuminate\\Pipeline\\Pipeline->Illuminate\\Pipeline\\{closure}(Object(Illuminate\\Http\\Request))
#12 /var/www/html/vendor/laravel/framework/src/Illuminate/Pipeline/Pipeline.php(208): Illuminate\\Routing\\Middleware\\SubstituteBindings->handle(Object(Illuminate\\Http\\Request), Object(Closure))
#13 /var/www/html/vendor/laravel/framework/src/Illuminate/Auth/Middleware/Authenticate.php(63): Illuminate\\Pipeline\\Pipeline->Illuminate\\Pipeline\\{closure}(Object(Illuminate\\Http\\Request))
#14 /var/www/html/vendor/laravel/framework/src/Illuminate/Pipeline/Pipeline.php(208): Illuminate\\Auth\\Middleware\\Authenticate->handle(Object(Illuminate\\Http\\Request), Object(Closure))
#15 /var/www/html/vendor/laravel/framework/src/Illuminate/Foundation/Http/Middleware/VerifyCsrfToken.php(87): Illuminate\\Pipeline\\Pipeline->Illuminate\\Pipeline\\{closure}(Object(Illuminate\\Http\\Request))
#16 /var/www/html/vendor/laravel/framework/src/Illuminate/Pipeline/Pipeline.php(208): Illuminate\\Foundation\\Http\\Middleware\\VerifyCsrfToken->handle(Object(Illuminate\\Http\\Request), Object(Closure))
#17 /var/www/html/vendor/laravel/framework/src/Illuminate/View/Middleware/ShareErrorsFromSession.php(48): Illuminate\\Pipeline\\Pipeline->Illuminate\\Pipeline\\{closure}(Object(Illuminate\\Http\\Request))
#18 /var/www/html/vendor/laravel/framework/src/Illuminate/Pipeline/Pipeline.php(208): Illuminate\\View\\Middleware\\ShareErrorsFromSession->handle(Object(Illuminate\\Http\\Request), Object(Closure))
#19 /var/www/html/vendor/laravel/framework/src/Illuminate/Session/Middleware/StartSession.php(120): Illuminate\\Pipeline\\Pipeline->Illuminate\\Pipeline\\{closure}(Object(Illuminate\\Http\\Request))
#20 /var/www/html/vendor/laravel/framework/src/Illuminate/Session/Middleware/StartSession.php(63): Illuminate\\Session\\Middleware\\StartSession->handleStatefulRequest(Object(Illuminate\\Http\\Request), Object(Illuminate\\Session\\Store), Object(Closure))
#21 /var/www/html/vendor/laravel/framework/src/Illuminate/Pipeline/Pipeline.php(208): Illuminate\\Session\\Middleware\\StartSession->handle(Object(Illuminate\\Http\\Request), Object(Closure))
#22 /var/www/html/vendor/laravel/framework/src/Illuminate/Cookie/Middleware/AddQueuedCookiesToResponse.php(36): Illuminate\\Pipeline\\Pipeline->Illuminate\\Pipeline\\{closure}(Object(Illuminate\\Http\\Request))
#23 /var/www/html/vendor/laravel/framework/src/Illuminate/Pipeline/Pipeline.php(208): Illuminate\\Cookie\\Middleware\\AddQueuedCookiesToResponse->handle(Object(Illuminate\\Http\\Request), Object(Closure))
#24 /var/www/html/vendor/laravel/framework/src/Illuminate/Cookie/Middleware/EncryptCookies.php(74): Illuminate\\Pipeline\\Pipeline->Illuminate\\Pipeline\\{closure}(Object(Illuminate\\Http\\Request))
#25 /var/www/html/vendor/laravel/framework/src/Illuminate/Pipeline/Pipeline.php(208): Illuminate\\Cookie\\Middleware\\EncryptCookies->handle(Object(Illuminate\\Http\\Request), Object(Closure))
#26 /var/www/html/vendor/laravel/framework/src/Illuminate/Pipeline/Pipeline.php(126): Illuminate\\Pipeline\\Pipeline->Illuminate\\Pipeline\\{closure}(Object(Illuminate\\Http\\Request))
#27 /var/www/html/vendor/laravel/framework/src/Illuminate/Routing/Router.php(807): Illuminate\\Pipeline\\Pipeline->then(Object(Closure))
#28 /var/www/html/vendor/laravel/framework/src/Illuminate/Routing/Router.php(786): Illuminate\\Routing\\Router->runRouteWithinStack(Object(Illuminate\\Routing\\Route), Object(Illuminate\\Http\\Request))
#29 /var/www/html/vendor/laravel/framework/src/Illuminate/Routing/Router.php(750): Illuminate\\Routing\\Router->runRoute(Object(Illuminate\\Http\\Request), Object(Illuminate\\Routing\\Route))
#30 /var/www/html/vendor/laravel/framework/src/Illuminate/Routing/Router.php(739): Illuminate\\Routing\\Router->dispatchToRoute(Object(Illuminate\\Http\\Request))
#31 /var/www/html/vendor/laravel/framework/src/Illuminate/Foundation/Http/Kernel.php(200): Illuminate\\Routing\\Router->dispatch(Object(Illuminate\\Http\\Request))
#32 /var/www/html/vendor/laravel/framework/src/Illuminate/Pipeline/Pipeline.php(169): Illuminate\\Foundation\\Http\\Kernel->Illuminate\\Foundation\\Http\\{closure}(Object(Illuminate\\Http\\Request))
#33 /var/www/html/vendor/laravel/framework/src/Illuminate/Foundation/Http/Middleware/TransformsRequest.php(21): Illuminate\\Pipeline\\Pipeline->Illuminate\\Pipeline\\{closure}(Object(Illuminate\\Http\\Request))
#34 /var/www/html/vendor/laravel/framework/src/Illuminate/Foundation/Http/Middleware/ConvertEmptyStringsToNull.php(31): Illuminate\\Foundation\\Http\\Middleware\\TransformsRequest->handle(Object(Illuminate\\Http\\Request), Object(Closure))
#35 /var/www/html/vendor/laravel/framework/src/Illuminate/Pipeline/Pipeline.php(208): Illuminate\\Foundation\\Http\\Middleware\\ConvertEmptyStringsToNull->handle(Object(Illuminate\\Http\\Request), Object(Closure))
#36 /var/www/html/vendor/laravel/framework/src/Illuminate/Foundation/Http/Middleware/TransformsRequest.php(21): Illuminate\\Pipeline\\Pipeline->Illuminate\\Pipeline\\{closure}(Object(Illuminate\\Http\\Request))
#37 /var/www/html/vendor/laravel/framework/src/Illuminate/Foundation/Http/Middleware/TrimStrings.php(51): Illuminate\\Foundation\\Http\\Middleware\\TransformsRequest->handle(Object(Illuminate\\Http\\Request), Object(Closure))
#38 /var/www/html/vendor/laravel/framework/src/Illuminate/Pipeline/Pipeline.php(208): Illuminate\\Foundation\\Http\\Middleware\\TrimStrings->handle(Object(Illuminate\\Http\\Request), Object(Closure))
#39 /var/www/html/vendor/laravel/framework/src/Illuminate/Http/Middleware/ValidatePostSize.php(27): Illuminate\\Pipeline\\Pipeline->Illuminate\\Pipeline\\{closure}(Object(Illuminate\\Http\\Request))
#40 /var/www/html/vendor/laravel/framework/src/Illuminate/Pipeline/Pipeline.php(208): Illuminate\\Http\\Middleware\\ValidatePostSize->handle(Object(Illuminate\\Http\\Request), Object(Closure))
#41 /var/www/html/vendor/laravel/framework/src/Illuminate/Foundation/Http/Middleware/PreventRequestsDuringMaintenance.php(109): Illuminate\\Pipeline\\Pipeline->Illuminate\\Pipeline\\{closure}(Object(Illuminate\\Http\\Request))
#42 /var/www/html/vendor/laravel/framework/src/Illuminate/Pipeline/Pipeline.php(208): Illuminate\\Foundation\\Http\\Middleware\\PreventRequestsDuringMaintenance->handle(Object(Illuminate\\Http\\Request), Object(Closure))
#43 /var/www/html/vendor/laravel/framework/src/Illuminate/Http/Middleware/HandleCors.php(48): Illuminate\\Pipeline\\Pipeline->Illuminate\\Pipeline\\{closure}(Object(Illuminate\\Http\\Request))
#44 /var/www/html/vendor/laravel/framework/src/Illuminate/Pipeline/Pipeline.php(208): Illuminate\\Http\\Middleware\\HandleCors->handle(Object(Illuminate\\Http\\Request), Object(Closure))
#45 /var/www/html/vendor/laravel/framework/src/Illuminate/Http/Middleware/TrustProxies.php(58): Illuminate\\Pipeline\\Pipeline->Illuminate\\Pipeline\\{closure}(Object(Illuminate\\Http\\Request))
#46 /var/www/html/vendor/laravel/framework/src/Illuminate/Pipeline/Pipeline.php(208): Illuminate\\Http\\Middleware\\TrustProxies->handle(Object(Illuminate\\Http\\Request), Object(Closure))
#47 /var/www/html/vendor/laravel/framework/src/Illuminate/Foundation/Http/Middleware/InvokeDeferredCallbacks.php(22): Illuminate\\Pipeline\\Pipeline->Illuminate\\Pipeline\\{closure}(Object(Illuminate\\Http\\Request))
#48 /var/www/html/vendor/laravel/framework/src/Illuminate/Pipeline/Pipeline.php(208): Illuminate\\Foundation\\Http\\Middleware\\InvokeDeferredCallbacks->handle(Object(Illuminate\\Http\\Request), Object(Closure))
#49 /var/www/html/vendor/laravel/framework/src/Illuminate/Http/Middleware/ValidatePathEncoding.php(26): Illuminate\\Pipeline\\Pipeline->Illuminate\\Pipeline\\{closure}(Object(Illuminate\\Http\\Request))
#50 /var/www/html/vendor/laravel/framework/src/Illuminate/Pipeline/Pipeline.php(208): Illuminate\\Http\\Middleware\\ValidatePathEncoding->handle(Object(Illuminate\\Http\\Request), Object(Closure))
#51 /var/www/html/vendor/laravel/framework/src/Illuminate/Pipeline/Pipeline.php(126): Illuminate\\Pipeline\\Pipeline->Illuminate\\Pipeline\\{closure}(Object(Illuminate\\Http\\Request))
#52 /var/www/html/vendor/laravel/framework/src/Illuminate/Foundation/Http/Kernel.php(175): Illuminate\\Pipeline\\Pipeline->then(Object(Closure))
#53 /var/www/html/vendor/laravel/framework/src/Illuminate/Foundation/Http/Kernel.php(144): Illuminate\\Foundation\\Http\\Kernel->sendRequestThroughRouter(Object(Illuminate\\Http\\Request))
#54 /var/www/html/vendor/laravel/framework/src/Illuminate/Foundation/Application.php(1219): Illuminate\\Foundation\\Http\\Kernel->handle(Object(Illuminate\\Http\\Request))
#55 /var/www/html/public/index.php(20): Illuminate\\Foundation\\Application->handleRequest(Object(Illuminate\\Http\\Request))
#56 {main}

[previous exception] [object] (Illuminate\\Foundation\\ViteException(code: 0): Unable to locate file in Vite manifest: resources/js/admindashboard.js. at /var/www/html/vendor/laravel/framework/src/Illuminate/Foundation/Vite.php:987)
[stacktrace]
#0 /var/www/html/vendor/laravel/framework/src/Illuminate/Foundation/Vite.php(390): Illuminate\\Foundation\\Vite->chunk(Array, 'resources/js/ad...')
#1 /var/www/html/storage/framework/views/de54b63ec3ab71aaa6d71eb783fbdb15.php(2): Illuminate\\Foundation\\Vite->__invoke(Object(Illuminate\\Support\\Collection))
#2 /var/www/html/vendor/laravel/framework/src/Illuminate/Filesystem/Filesystem.php(123): require('/var/www/html/s...')
#3 /var/www/html/vendor/laravel/framework/src/Illuminate/Filesystem/Filesystem.php(124): Illuminate\\Filesystem\\Filesystem::Illuminate\\Filesystem\\{closure}()
#4 /var/www/html/vendor/laravel/framework/src/Illuminate/View/Engines/PhpEngine.php(57): Illuminate\\Filesystem\\Filesystem->getRequire('/var/www/html/s...', Array)
#5 /var/www/html/vendor/laravel/framework/src/Illuminate/View/Engines/CompilerEngine.php(74): Illuminate\\View\\Engines\\PhpEngine->evaluatePath('/var/www/html/s...', Array)
#6 /var/www/html/vendor/laravel/framework/src/Illuminate/View/View.php(208): Illuminate\\View\\Engines\\CompilerEngine->get('/var/www/html/r...', Array)
#7 /var/www/html/vendor/laravel/framework/src/Illuminate/View/View.php(191): Illuminate\\View\\View->getContents()
#8 /var/www/html/vendor/laravel/framework/src/Illuminate/View/View.php(160): Illuminate\\View\\View->renderContents()
#9 /var/www/html/vendor/laravel/framework/src/Illuminate/Http/Response.php(78): Illuminate\\View\\View->render()
#10 /var/www/html/vendor/laravel/framework/src/Illuminate/Http/Response.php(34): Illuminate\\Http\\Response->setContent(Object(Illuminate\\View\\View))
#11 /var/www/html/vendor/laravel/framework/src/Illuminate/Routing/Router.php(924): Illuminate\\Http\\Response->__construct(Object(Illuminate\\View\\View), 200, Array)
#12 /var/www/html/vendor/laravel/framework/src/Illuminate/Routing/Router.php(891): Illuminate\\Routing\\Router::toResponse(Object(Illuminate\\Http\\Request), Object(Illuminate\\View\\View))
#13 /var/www/html/vendor/laravel/framework/src/Illuminate/Routing/Router.php(807): Illuminate\\Routing\\Router->prepareResponse(Object(Illuminate\\Http\\Request), Object(Illuminate\\View\\View))
#14 /var/www/html/vendor/laravel/framework/src/Illuminate/Pipeline/Pipeline.php(169): Illuminate\\Routing\\Router->Illuminate\\Routing\\{closure}(Object(Illuminate\\Http\\Request))
#15 /var/www/html/vendor/laravel/framework/src/Illuminate/Routing/Middleware/SubstituteBindings.php(50): Illuminate\\Pipeline\\Pipeline->Illuminate\\Pipeline\\{closure}(Object(Illuminate\\Http\\Request))
#16 /var/www/html/vendor/laravel/framework/src/Illuminate/Pipeline/Pipeline.php(208): Illuminate\\Routing\\Middleware\\SubstituteBindings->handle(Object(Illuminate\\Http\\Request), Object(Closure))
#17 /var/www/html/vendor/laravel/framework/src/Illuminate/Auth/Middleware/Authenticate.php(63): Illuminate\\Pipeline\\Pipeline->Illuminate\\Pipeline\\{closure}(Object(Illuminate\\Http\\Request))
#18 /var/www/html/vendor/laravel/framework/src/Illuminate/Pipeline/Pipeline.php(208): Illuminate\\Auth\\Middleware\\Authenticate->handle(Object(Illuminate\\Http\\Request), Object(Closure))
#19 /var/www/html/vendor/laravel/framework/src/Illuminate/Foundation/Http/Middleware/VerifyCsrfToken.php(87): Illuminate\\Pipeline\\Pipeline->Illuminate\\Pipeline\\{closure}(Object(Illuminate\\Http\\Request))
#20 /var/www/html/vendor/laravel/framework/src/Illuminate/Pipeline/Pipeline.php(208): Illuminate\\Foundation\\Http\\Middleware\\VerifyCsrfToken->handle(Object(Illuminate\\Http\\Request), Object(Closure))
#21 /var/www/html/vendor/laravel/framework/src/Illuminate/View/Middleware/ShareErrorsFromSession.php(48): Illuminate\\Pipeline\\Pipeline->Illuminate\\Pipeline\\{closure}(Object(Illuminate\\Http\\Request))
#22 /var/www/html/vendor/laravel/framework/src/Illuminate/Pipeline/Pipeline.php(208): Illuminate\\View\\Middleware\\ShareErrorsFromSession->handle(Object(Illuminate\\Http\\Request), Object(Closure))
#23 /var/www/html/vendor/laravel/framework/src/Illuminate/Session/Middleware/StartSession.php(120): Illuminate\\Pipeline\\Pipeline->Illuminate\\Pipeline\\{closure}(Object(Illuminate\\Http\\Request))
#24 /var/www/html/vendor/laravel/framework/src/Illuminate/Session/Middleware/StartSession.php(63): Illuminate\\Session\\Middleware\\StartSession->handleStatefulRequest(Object(Illuminate\\Http\\Request), Object(Illuminate\\Session\\Store), Object(Closure))
#25 /var/www/html/vendor/laravel/framework/src/Illuminate/Pipeline/Pipeline.php(208): Illuminate\\Session\\Middleware\\StartSession->handle(Object(Illuminate\\Http\\Request), Object(Closure))
#26 /var/www/html/vendor/laravel/framework/src/Illuminate/Cookie/Middleware/AddQueuedCookiesToResponse.php(36): Illuminate\\Pipeline\\Pipeline->Illuminate\\Pipeline\\{closure}(Object(Illuminate\\Http\\Request))
#27 /var/www/html/vendor/laravel/framework/src/Illuminate/Pipeline/Pipeline.php(208): Illuminate\\Cookie\\Middleware\\AddQueuedCookiesToResponse->handle(Object(Illuminate\\Http\\Request), Object(Closure))
#28 /var/www/html/vendor/laravel/framework/src/Illuminate/Cookie/Middleware/EncryptCookies.php(74): Illuminate\\Pipeline\\Pipeline->Illuminate\\Pipeline\\{closure}(Object(Illuminate\\Http\\Request))
#29 /var/www/html/vendor/laravel/framework/src/Illuminate/Pipeline/Pipeline.php(208): Illuminate\\Cookie\\Middleware\\EncryptCookies->handle(Object(Illuminate\\Http\\Request), Object(Closure))
#30 /var/www/html/vendor/laravel/framework/src/Illuminate/Pipeline/Pipeline.php(126): Illuminate\\Pipeline\\Pipeline->Illuminate\\Pipeline\\{closure}(Object(Illuminate\\Http\\Request))
#31 /var/www/html/vendor/laravel/framework/src/Illuminate/Routing/Router.php(807): Illuminate\\Pipeline\\Pipeline->then(Object(Closure))
#32 /var/www/html/vendor/laravel/framework/src/Illuminate/Routing/Router.php(786): Illuminate\\Routing\\Router->runRouteWithinStack(Object(Illuminate\\Routing\\Route), Object(Illuminate\\Http\\Request))
#33 /var/www/html/vendor/laravel/framework/src/Illuminate/Routing/Router.php(750): Illuminate\\Routing\\Router->runRoute(Object(Illuminate\\Http\\Request), Object(Illuminate\\Routing\\Route))
#34 /var/www/html/vendor/laravel/framework/src/Illuminate/Routing/Router.php(739): Illuminate\\Routing\\Router->dispatchToRoute(Object(Illuminate\\Http\\Request))
#35 /var/www/html/vendor/laravel/framework/src/Illuminate/Foundation/Http/Kernel.php(200): Illuminate\\Routing\\Router->dispatch(Object(Illuminate\\Http\\Request))
#36 /var/www/html/vendor/laravel/framework/src/Illuminate/Pipeline/Pipeline.php(169): Illuminate\\Foundation\\Http\\Kernel->Illuminate\\Foundation\\Http\\{closure}(Object(Illuminate\\Http\\Request))
#37 /var/www/html/vendor/laravel/framework/src/Illuminate/Foundation/Http/Middleware/TransformsRequest.php(21): Illuminate\\Pipeline\\Pipeline->Illuminate\\Pipeline\\{closure}(Object(Illuminate\\Http\\Request))
#38 /var/www/html/vendor/laravel/framework/src/Illuminate/Foundation/Http/Middleware/ConvertEmptyStringsToNull.php(31): Illuminate\\Foundation\\Http\\Middleware\\TransformsRequest->handle(Object(Illuminate\\Http\\Request), Object(Closure))
#39 /var/www/html/vendor/laravel/framework/src/Illuminate/Pipeline/Pipeline.php(208): Illuminate\\Foundation\\Http\\Middleware\\ConvertEmptyStringsToNull->handle(Object(Illuminate\\Http\\Request), Object(Closure))
#40 /var/www/html/vendor/laravel/framework/src/Illuminate/Foundation/Http/Middleware/TransformsRequest.php(21): Illuminate\\Pipeline\\Pipeline->Illuminate\\Pipeline\\{closure}(Object(Illuminate\\Http\\Request))
#41 /var/www/html/vendor/laravel/framework/src/Illuminate/Foundation/Http/Middleware/TrimStrings.php(51): Illuminate\\Foundation\\Http\\Middleware\\TransformsRequest->handle(Object(Illuminate\\Http\\Request), Object(Closure))
#42 /var/www/html/vendor/laravel/framework/src/Illuminate/Pipeline/Pipeline.php(208): Illuminate\\Foundation\\Http\\Middleware\\TrimStrings->handle(Object(Illuminate\\Http\\Request), Object(Closure))
#43 /var/www/html/vendor/laravel/framework/src/Illuminate/Http/Middleware/ValidatePostSize.php(27): Illuminate\\Pipeline\\Pipeline->Illuminate\\Pipeline\\{closure}(Object(Illuminate\\Http\\Request))
#44 /var/www/html/vendor/laravel/framework/src/Illuminate/Pipeline/Pipeline.php(208): Illuminate\\Http\\Middleware\\ValidatePostSize->handle(Object(Illuminate\\Http\\Request), Object(Closure))
#45 /var/www/html/vendor/laravel/framework/src/Illuminate/Foundation/Http/Middleware/PreventRequestsDuringMaintenance.php(109): Illuminate\\Pipeline\\Pipeline->Illuminate\\Pipeline\\{closure}(Object(Illuminate\\Http\\Request))
#46 /var/www/html/vendor/laravel/framework/src/Illuminate/Pipeline/Pipeline.php(208): Illuminate\\Foundation\\Http\\Middleware\\PreventRequestsDuringMaintenance->handle(Object(Illuminate\\Http\\Request), Object(Closure))
#47 /var/www/html/vendor/laravel/framework/src/Illuminate/Http/Middleware/HandleCors.php(48): Illuminate\\Pipeline\\Pipeline->Illuminate\\Pipeline\\{closure}(Object(Illuminate\\Http\\Request))
#48 /var/www/html/vendor/laravel/framework/src/Illuminate/Pipeline/Pipeline.php(208): Illuminate\\Http\\Middleware\\HandleCors->handle(Object(Illuminate\\Http\\Request), Object(Closure))
#49 /var/www/html/vendor/laravel/framework/src/Illuminate/Http/Middleware/TrustProxies.php(58): Illuminate\\Pipeline\\Pipeline->Illuminate\\Pipeline\\{closure}(Object(Illuminate\\Http\\Request))
#50 /var/www/html/vendor/laravel/framework/src/Illuminate/Pipeline/Pipeline.php(208): Illuminate\\Http\\Middleware\\TrustProxies->handle(Object(Illuminate\\Http\\Request), Object(Closure))
#51 /var/www/html/vendor/laravel/framework/src/Illuminate/Foundation/Http/Middleware/InvokeDeferredCallbacks.php(22): Illuminate\\Pipeline\\Pipeline->Illuminate\\Pipeline\\{closure}(Object(Illuminate\\Http\\Request))
#52 /var/www/html/vendor/laravel/framework/src/Illuminate/Pipeline/Pipeline.php(208): Illuminate\\Foundation\\Http\\Middleware\\InvokeDeferredCallbacks->handle(Object(Illuminate\\Http\\Request), Object(Closure))
#53 /var/www/html/vendor/laravel/framework/src/Illuminate/Http/Middleware/ValidatePathEncoding.php(26): Illuminate\\Pipeline\\Pipeline->Illuminate\\Pipeline\\{closure}(Object(Illuminate\\Http\\Request))
#54 /var/www/html/vendor/laravel/framework/src/Illuminate/Pipeline/Pipeline.php(208): Illuminate\\Http\\Middleware\\ValidatePathEncoding->handle(Object(Illuminate\\Http\\Request), Object(Closure))
#55 /var/www/html/vendor/laravel/framework/src/Illuminate/Pipeline/Pipeline.php(126): Illuminate\\Pipeline\\Pipeline->Illuminate\\Pipeline\\{closure}(Object(Illuminate\\Http\\Request))
#56 /var/www/html/vendor/laravel/framework/src/Illuminate/Foundation/Http/Kernel.php(175): Illuminate\\Pipeline\\Pipeline->then(Object(Closure))
#57 /var/www/html/vendor/laravel/framework/src/Illuminate/Foundation/Http/Kernel.php(144): Illuminate\\Foundation\\Http\\Kernel->sendRequestThroughRouter(Object(Illuminate\\Http\\Request))
#58 /var/www/html/vendor/laravel/framework/src/Illuminate/Foundation/Application.php(1219): Illuminate\\Foundation\\Http\\Kernel->handle(Object(Illuminate\\Http\\Request))
#59 /var/www/html/public/index.php(20): Illuminate\\Foundation\\Application->handleRequest(Object(Illuminate\\Http\\Request))
#60 {main}
"} 
[2025-05-10 02:25:47] local.ERROR: Unable to locate file in Vite manifest: resources/js/admindashboard.js. (View: /var/www/html/resources/views/admin/dashboard.blade.php) {"userId":2,"exception":"[object] (Illuminate\\View\\ViewException(code: 0): Unable to locate file in Vite manifest: resources/js/admindashboard.js. (View: /var/www/html/resources/views/admin/dashboard.blade.php) at /var/www/html/vendor/laravel/framework/src/Illuminate/Foundation/Vite.php:987)
[stacktrace]
#0 /var/www/html/vendor/laravel/framework/src/Illuminate/View/Engines/PhpEngine.php(59): Illuminate\\View\\Engines\\CompilerEngine->handleViewException(Object(Illuminate\\Foundation\\ViteException), 0)
#1 /var/www/html/vendor/laravel/framework/src/Illuminate/View/Engines/CompilerEngine.php(74): Illuminate\\View\\Engines\\PhpEngine->evaluatePath('/var/www/html/s...', Array)
#2 /var/www/html/vendor/laravel/framework/src/Illuminate/View/View.php(208): Illuminate\\View\\Engines\\CompilerEngine->get('/var/www/html/r...', Array)
#3 /var/www/html/vendor/laravel/framework/src/Illuminate/View/View.php(191): Illuminate\\View\\View->getContents()
#4 /var/www/html/vendor/laravel/framework/src/Illuminate/View/View.php(160): Illuminate\\View\\View->renderContents()
#5 /var/www/html/vendor/laravel/framework/src/Illuminate/Http/Response.php(78): Illuminate\\View\\View->render()
#6 /var/www/html/vendor/laravel/framework/src/Illuminate/Http/Response.php(34): Illuminate\\Http\\Response->setContent(Object(Illuminate\\View\\View))
#7 /var/www/html/vendor/laravel/framework/src/Illuminate/Routing/Router.php(924): Illuminate\\Http\\Response->__construct(Object(Illuminate\\View\\View), 200, Array)
#8 /var/www/html/vendor/laravel/framework/src/Illuminate/Routing/Router.php(891): Illuminate\\Routing\\Router::toResponse(Object(Illuminate\\Http\\Request), Object(Illuminate\\View\\View))
#9 /var/www/html/vendor/laravel/framework/src/Illuminate/Routing/Router.php(807): Illuminate\\Routing\\Router->prepareResponse(Object(Illuminate\\Http\\Request), Object(Illuminate\\View\\View))
#10 /var/www/html/vendor/laravel/framework/src/Illuminate/Pipeline/Pipeline.php(169): Illuminate\\Routing\\Router->Illuminate\\Routing\\{closure}(Object(Illuminate\\Http\\Request))
#11 /var/www/html/vendor/laravel/framework/src/Illuminate/Routing/Middleware/SubstituteBindings.php(50): Illuminate\\Pipeline\\Pipeline->Illuminate\\Pipeline\\{closure}(Object(Illuminate\\Http\\Request))
#12 /var/www/html/vendor/laravel/framework/src/Illuminate/Pipeline/Pipeline.php(208): Illuminate\\Routing\\Middleware\\SubstituteBindings->handle(Object(Illuminate\\Http\\Request), Object(Closure))
#13 /var/www/html/vendor/laravel/framework/src/Illuminate/Auth/Middleware/Authenticate.php(63): Illuminate\\Pipeline\\Pipeline->Illuminate\\Pipeline\\{closure}(Object(Illuminate\\Http\\Request))
#14 /var/www/html/vendor/laravel/framework/src/Illuminate/Pipeline/Pipeline.php(208): Illuminate\\Auth\\Middleware\\Authenticate->handle(Object(Illuminate\\Http\\Request), Object(Closure))
#15 /var/www/html/vendor/laravel/framework/src/Illuminate/Foundation/Http/Middleware/VerifyCsrfToken.php(87): Illuminate\\Pipeline\\Pipeline->Illuminate\\Pipeline\\{closure}(Object(Illuminate\\Http\\Request))
#16 /var/www/html/vendor/laravel/framework/src/Illuminate/Pipeline/Pipeline.php(208): Illuminate\\Foundation\\Http\\Middleware\\VerifyCsrfToken->handle(Object(Illuminate\\Http\\Request), Object(Closure))
#17 /var/www/html/vendor/laravel/framework/src/Illuminate/View/Middleware/ShareErrorsFromSession.php(48): Illuminate\\Pipeline\\Pipeline->Illuminate\\Pipeline\\{closure}(Object(Illuminate\\Http\\Request))
#18 /var/www/html/vendor/laravel/framework/src/Illuminate/Pipeline/Pipeline.php(208): Illuminate\\View\\Middleware\\ShareErrorsFromSession->handle(Object(Illuminate\\Http\\Request), Object(Closure))
#19 /var/www/html/vendor/laravel/framework/src/Illuminate/Session/Middleware/StartSession.php(120): Illuminate\\Pipeline\\Pipeline->Illuminate\\Pipeline\\{closure}(Object(Illuminate\\Http\\Request))
#20 /var/www/html/vendor/laravel/framework/src/Illuminate/Session/Middleware/StartSession.php(63): Illuminate\\Session\\Middleware\\StartSession->handleStatefulRequest(Object(Illuminate\\Http\\Request), Object(Illuminate\\Session\\Store), Object(Closure))
#21 /var/www/html/vendor/laravel/framework/src/Illuminate/Pipeline/Pipeline.php(208): Illuminate\\Session\\Middleware\\StartSession->handle(Object(Illuminate\\Http\\Request), Object(Closure))
#22 /var/www/html/vendor/laravel/framework/src/Illuminate/Cookie/Middleware/AddQueuedCookiesToResponse.php(36): Illuminate\\Pipeline\\Pipeline->Illuminate\\Pipeline\\{closure}(Object(Illuminate\\Http\\Request))
#23 /var/www/html/vendor/laravel/framework/src/Illuminate/Pipeline/Pipeline.php(208): Illuminate\\Cookie\\Middleware\\AddQueuedCookiesToResponse->handle(Object(Illuminate\\Http\\Request), Object(Closure))
#24 /var/www/html/vendor/laravel/framework/src/Illuminate/Cookie/Middleware/EncryptCookies.php(74): Illuminate\\Pipeline\\Pipeline->Illuminate\\Pipeline\\{closure}(Object(Illuminate\\Http\\Request))
#25 /var/www/html/vendor/laravel/framework/src/Illuminate/Pipeline/Pipeline.php(208): Illuminate\\Cookie\\Middleware\\EncryptCookies->handle(Object(Illuminate\\Http\\Request), Object(Closure))
#26 /var/www/html/vendor/laravel/framework/src/Illuminate/Pipeline/Pipeline.php(126): Illuminate\\Pipeline\\Pipeline->Illuminate\\Pipeline\\{closure}(Object(Illuminate\\Http\\Request))
#27 /var/www/html/vendor/laravel/framework/src/Illuminate/Routing/Router.php(807): Illuminate\\Pipeline\\Pipeline->then(Object(Closure))
#28 /var/www/html/vendor/laravel/framework/src/Illuminate/Routing/Router.php(786): Illuminate\\Routing\\Router->runRouteWithinStack(Object(Illuminate\\Routing\\Route), Object(Illuminate\\Http\\Request))
#29 /var/www/html/vendor/laravel/framework/src/Illuminate/Routing/Router.php(750): Illuminate\\Routing\\Router->runRoute(Object(Illuminate\\Http\\Request), Object(Illuminate\\Routing\\Route))
#30 /var/www/html/vendor/laravel/framework/src/Illuminate/Routing/Router.php(739): Illuminate\\Routing\\Router->dispatchToRoute(Object(Illuminate\\Http\\Request))
#31 /var/www/html/vendor/laravel/framework/src/Illuminate/Foundation/Http/Kernel.php(200): Illuminate\\Routing\\Router->dispatch(Object(Illuminate\\Http\\Request))
#32 /var/www/html/vendor/laravel/framework/src/Illuminate/Pipeline/Pipeline.php(169): Illuminate\\Foundation\\Http\\Kernel->Illuminate\\Foundation\\Http\\{closure}(Object(Illuminate\\Http\\Request))
#33 /var/www/html/vendor/laravel/framework/src/Illuminate/Foundation/Http/Middleware/TransformsRequest.php(21): Illuminate\\Pipeline\\Pipeline->Illuminate\\Pipeline\\{closure}(Object(Illuminate\\Http\\Request))
#34 /var/www/html/vendor/laravel/framework/src/Illuminate/Foundation/Http/Middleware/ConvertEmptyStringsToNull.php(31): Illuminate\\Foundation\\Http\\Middleware\\TransformsRequest->handle(Object(Illuminate\\Http\\Request), Object(Closure))
#35 /var/www/html/vendor/laravel/framework/src/Illuminate/Pipeline/Pipeline.php(208): Illuminate\\Foundation\\Http\\Middleware\\ConvertEmptyStringsToNull->handle(Object(Illuminate\\Http\\Request), Object(Closure))
#36 /var/www/html/vendor/laravel/framework/src/Illuminate/Foundation/Http/Middleware/TransformsRequest.php(21): Illuminate\\Pipeline\\Pipeline->Illuminate\\Pipeline\\{closure}(Object(Illuminate\\Http\\Request))
#37 /var/www/html/vendor/laravel/framework/src/Illuminate/Foundation/Http/Middleware/TrimStrings.php(51): Illuminate\\Foundation\\Http\\Middleware\\TransformsRequest->handle(Object(Illuminate\\Http\\Request), Object(Closure))
#38 /var/www/html/vendor/laravel/framework/src/Illuminate/Pipeline/Pipeline.php(208): Illuminate\\Foundation\\Http\\Middleware\\TrimStrings->handle(Object(Illuminate\\Http\\Request), Object(Closure))
#39 /var/www/html/vendor/laravel/framework/src/Illuminate/Http/Middleware/ValidatePostSize.php(27): Illuminate\\Pipeline\\Pipeline->Illuminate\\Pipeline\\{closure}(Object(Illuminate\\Http\\Request))
#40 /var/www/html/vendor/laravel/framework/src/Illuminate/Pipeline/Pipeline.php(208): Illuminate\\Http\\Middleware\\ValidatePostSize->handle(Object(Illuminate\\Http\\Request), Object(Closure))
#41 /var/www/html/vendor/laravel/framework/src/Illuminate/Foundation/Http/Middleware/PreventRequestsDuringMaintenance.php(109): Illuminate\\Pipeline\\Pipeline->Illuminate\\Pipeline\\{closure}(Object(Illuminate\\Http\\Request))
#42 /var/www/html/vendor/laravel/framework/src/Illuminate/Pipeline/Pipeline.php(208): Illuminate\\Foundation\\Http\\Middleware\\PreventRequestsDuringMaintenance->handle(Object(Illuminate\\Http\\Request), Object(Closure))
#43 /var/www/html/vendor/laravel/framework/src/Illuminate/Http/Middleware/HandleCors.php(48): Illuminate\\Pipeline\\Pipeline->Illuminate\\Pipeline\\{closure}(Object(Illuminate\\Http\\Request))
#44 /var/www/html/vendor/laravel/framework/src/Illuminate/Pipeline/Pipeline.php(208): Illuminate\\Http\\Middleware\\HandleCors->handle(Object(Illuminate\\Http\\Request), Object(Closure))
#45 /var/www/html/vendor/laravel/framework/src/Illuminate/Http/Middleware/TrustProxies.php(58): Illuminate\\Pipeline\\Pipeline->Illuminate\\Pipeline\\{closure}(Object(Illuminate\\Http\\Request))
#46 /var/www/html/vendor/laravel/framework/src/Illuminate/Pipeline/Pipeline.php(208): Illuminate\\Http\\Middleware\\TrustProxies->handle(Object(Illuminate\\Http\\Request), Object(Closure))
#47 /var/www/html/vendor/laravel/framework/src/Illuminate/Foundation/Http/Middleware/InvokeDeferredCallbacks.php(22): Illuminate\\Pipeline\\Pipeline->Illuminate\\Pipeline\\{closure}(Object(Illuminate\\Http\\Request))
#48 /var/www/html/vendor/laravel/framework/src/Illuminate/Pipeline/Pipeline.php(208): Illuminate\\Foundation\\Http\\Middleware\\InvokeDeferredCallbacks->handle(Object(Illuminate\\Http\\Request), Object(Closure))
#49 /var/www/html/vendor/laravel/framework/src/Illuminate/Http/Middleware/ValidatePathEncoding.php(26): Illuminate\\Pipeline\\Pipeline->Illuminate\\Pipeline\\{closure}(Object(Illuminate\\Http\\Request))
#50 /var/www/html/vendor/laravel/framework/src/Illuminate/Pipeline/Pipeline.php(208): Illuminate\\Http\\Middleware\\ValidatePathEncoding->handle(Object(Illuminate\\Http\\Request), Object(Closure))
#51 /var/www/html/vendor/laravel/framework/src/Illuminate/Pipeline/Pipeline.php(126): Illuminate\\Pipeline\\Pipeline->Illuminate\\Pipeline\\{closure}(Object(Illuminate\\Http\\Request))
#52 /var/www/html/vendor/laravel/framework/src/Illuminate/Foundation/Http/Kernel.php(175): Illuminate\\Pipeline\\Pipeline->then(Object(Closure))
#53 /var/www/html/vendor/laravel/framework/src/Illuminate/Foundation/Http/Kernel.php(144): Illuminate\\Foundation\\Http\\Kernel->sendRequestThroughRouter(Object(Illuminate\\Http\\Request))
#54 /var/www/html/vendor/laravel/framework/src/Illuminate/Foundation/Application.php(1219): Illuminate\\Foundation\\Http\\Kernel->handle(Object(Illuminate\\Http\\Request))
#55 /var/www/html/public/index.php(20): Illuminate\\Foundation\\Application->handleRequest(Object(Illuminate\\Http\\Request))
#56 {main}

[previous exception] [object] (Illuminate\\Foundation\\ViteException(code: 0): Unable to locate file in Vite manifest: resources/js/admindashboard.js. at /var/www/html/vendor/laravel/framework/src/Illuminate/Foundation/Vite.php:987)
[stacktrace]
#0 /var/www/html/vendor/laravel/framework/src/Illuminate/Foundation/Vite.php(390): Illuminate\\Foundation\\Vite->chunk(Array, 'resources/js/ad...')
#1 /var/www/html/storage/framework/views/de54b63ec3ab71aaa6d71eb783fbdb15.php(2): Illuminate\\Foundation\\Vite->__invoke(Object(Illuminate\\Support\\Collection))
#2 /var/www/html/vendor/laravel/framework/src/Illuminate/Filesystem/Filesystem.php(123): require('/var/www/html/s...')
#3 /var/www/html/vendor/laravel/framework/src/Illuminate/Filesystem/Filesystem.php(124): Illuminate\\Filesystem\\Filesystem::Illuminate\\Filesystem\\{closure}()
#4 /var/www/html/vendor/laravel/framework/src/Illuminate/View/Engines/PhpEngine.php(57): Illuminate\\Filesystem\\Filesystem->getRequire('/var/www/html/s...', Array)
#5 /var/www/html/vendor/laravel/framework/src/Illuminate/View/Engines/CompilerEngine.php(74): Illuminate\\View\\Engines\\PhpEngine->evaluatePath('/var/www/html/s...', Array)
#6 /var/www/html/vendor/laravel/framework/src/Illuminate/View/View.php(208): Illuminate\\View\\Engines\\CompilerEngine->get('/var/www/html/r...', Array)
#7 /var/www/html/vendor/laravel/framework/src/Illuminate/View/View.php(191): Illuminate\\View\\View->getContents()
#8 /var/www/html/vendor/laravel/framework/src/Illuminate/View/View.php(160): Illuminate\\View\\View->renderContents()
#9 /var/www/html/vendor/laravel/framework/src/Illuminate/Http/Response.php(78): Illuminate\\View\\View->render()
#10 /var/www/html/vendor/laravel/framework/src/Illuminate/Http/Response.php(34): Illuminate\\Http\\Response->setContent(Object(Illuminate\\View\\View))
#11 /var/www/html/vendor/laravel/framework/src/Illuminate/Routing/Router.php(924): Illuminate\\Http\\Response->__construct(Object(Illuminate\\View\\View), 200, Array)
#12 /var/www/html/vendor/laravel/framework/src/Illuminate/Routing/Router.php(891): Illuminate\\Routing\\Router::toResponse(Object(Illuminate\\Http\\Request), Object(Illuminate\\View\\View))
#13 /var/www/html/vendor/laravel/framework/src/Illuminate/Routing/Router.php(807): Illuminate\\Routing\\Router->prepareResponse(Object(Illuminate\\Http\\Request), Object(Illuminate\\View\\View))
#14 /var/www/html/vendor/laravel/framework/src/Illuminate/Pipeline/Pipeline.php(169): Illuminate\\Routing\\Router->Illuminate\\Routing\\{closure}(Object(Illuminate\\Http\\Request))
#15 /var/www/html/vendor/laravel/framework/src/Illuminate/Routing/Middleware/SubstituteBindings.php(50): Illuminate\\Pipeline\\Pipeline->Illuminate\\Pipeline\\{closure}(Object(Illuminate\\Http\\Request))
#16 /var/www/html/vendor/laravel/framework/src/Illuminate/Pipeline/Pipeline.php(208): Illuminate\\Routing\\Middleware\\SubstituteBindings->handle(Object(Illuminate\\Http\\Request), Object(Closure))
#17 /var/www/html/vendor/laravel/framework/src/Illuminate/Auth/Middleware/Authenticate.php(63): Illuminate\\Pipeline\\Pipeline->Illuminate\\Pipeline\\{closure}(Object(Illuminate\\Http\\Request))
#18 /var/www/html/vendor/laravel/framework/src/Illuminate/Pipeline/Pipeline.php(208): Illuminate\\Auth\\Middleware\\Authenticate->handle(Object(Illuminate\\Http\\Request), Object(Closure))
#19 /var/www/html/vendor/laravel/framework/src/Illuminate/Foundation/Http/Middleware/VerifyCsrfToken.php(87): Illuminate\\Pipeline\\Pipeline->Illuminate\\Pipeline\\{closure}(Object(Illuminate\\Http\\Request))
#20 /var/www/html/vendor/laravel/framework/src/Illuminate/Pipeline/Pipeline.php(208): Illuminate\\Foundation\\Http\\Middleware\\VerifyCsrfToken->handle(Object(Illuminate\\Http\\Request), Object(Closure))
#21 /var/www/html/vendor/laravel/framework/src/Illuminate/View/Middleware/ShareErrorsFromSession.php(48): Illuminate\\Pipeline\\Pipeline->Illuminate\\Pipeline\\{closure}(Object(Illuminate\\Http\\Request))
#22 /var/www/html/vendor/laravel/framework/src/Illuminate/Pipeline/Pipeline.php(208): Illuminate\\View\\Middleware\\ShareErrorsFromSession->handle(Object(Illuminate\\Http\\Request), Object(Closure))
#23 /var/www/html/vendor/laravel/framework/src/Illuminate/Session/Middleware/StartSession.php(120): Illuminate\\Pipeline\\Pipeline->Illuminate\\Pipeline\\{closure}(Object(Illuminate\\Http\\Request))
#24 /var/www/html/vendor/laravel/framework/src/Illuminate/Session/Middleware/StartSession.php(63): Illuminate\\Session\\Middleware\\StartSession->handleStatefulRequest(Object(Illuminate\\Http\\Request), Object(Illuminate\\Session\\Store), Object(Closure))
#25 /var/www/html/vendor/laravel/framework/src/Illuminate/Pipeline/Pipeline.php(208): Illuminate\\Session\\Middleware\\StartSession->handle(Object(Illuminate\\Http\\Request), Object(Closure))
#26 /var/www/html/vendor/laravel/framework/src/Illuminate/Cookie/Middleware/AddQueuedCookiesToResponse.php(36): Illuminate\\Pipeline\\Pipeline->Illuminate\\Pipeline\\{closure}(Object(Illuminate\\Http\\Request))
#27 /var/www/html/vendor/laravel/framework/src/Illuminate/Pipeline/Pipeline.php(208): Illuminate\\Cookie\\Middleware\\AddQueuedCookiesToResponse->handle(Object(Illuminate\\Http\\Request), Object(Closure))
#28 /var/www/html/vendor/laravel/framework/src/Illuminate/Cookie/Middleware/EncryptCookies.php(74): Illuminate\\Pipeline\\Pipeline->Illuminate\\Pipeline\\{closure}(Object(Illuminate\\Http\\Request))
#29 /var/www/html/vendor/laravel/framework/src/Illuminate/Pipeline/Pipeline.php(208): Illuminate\\Cookie\\Middleware\\EncryptCookies->handle(Object(Illuminate\\Http\\Request), Object(Closure))
#30 /var/www/html/vendor/laravel/framework/src/Illuminate/Pipeline/Pipeline.php(126): Illuminate\\Pipeline\\Pipeline->Illuminate\\Pipeline\\{closure}(Object(Illuminate\\Http\\Request))
#31 /var/www/html/vendor/laravel/framework/src/Illuminate/Routing/Router.php(807): Illuminate\\Pipeline\\Pipeline->then(Object(Closure))
#32 /var/www/html/vendor/laravel/framework/src/Illuminate/Routing/Router.php(786): Illuminate\\Routing\\Router->runRouteWithinStack(Object(Illuminate\\Routing\\Route), Object(Illuminate\\Http\\Request))
#33 /var/www/html/vendor/laravel/framework/src/Illuminate/Routing/Router.php(750): Illuminate\\Routing\\Router->runRoute(Object(Illuminate\\Http\\Request), Object(Illuminate\\Routing\\Route))
#34 /var/www/html/vendor/laravel/framework/src/Illuminate/Routing/Router.php(739): Illuminate\\Routing\\Router->dispatchToRoute(Object(Illuminate\\Http\\Request))
#35 /var/www/html/vendor/laravel/framework/src/Illuminate/Foundation/Http/Kernel.php(200): Illuminate\\Routing\\Router->dispatch(Object(Illuminate\\Http\\Request))
#36 /var/www/html/vendor/laravel/framework/src/Illuminate/Pipeline/Pipeline.php(169): Illuminate\\Foundation\\Http\\Kernel->Illuminate\\Foundation\\Http\\{closure}(Object(Illuminate\\Http\\Request))
#37 /var/www/html/vendor/laravel/framework/src/Illuminate/Foundation/Http/Middleware/TransformsRequest.php(21): Illuminate\\Pipeline\\Pipeline->Illuminate\\Pipeline\\{closure}(Object(Illuminate\\Http\\Request))
#38 /var/www/html/vendor/laravel/framework/src/Illuminate/Foundation/Http/Middleware/ConvertEmptyStringsToNull.php(31): Illuminate\\Foundation\\Http\\Middleware\\TransformsRequest->handle(Object(Illuminate\\Http\\Request), Object(Closure))
#39 /var/www/html/vendor/laravel/framework/src/Illuminate/Pipeline/Pipeline.php(208): Illuminate\\Foundation\\Http\\Middleware\\ConvertEmptyStringsToNull->handle(Object(Illuminate\\Http\\Request), Object(Closure))
#40 /var/www/html/vendor/laravel/framework/src/Illuminate/Foundation/Http/Middleware/TransformsRequest.php(21): Illuminate\\Pipeline\\Pipeline->Illuminate\\Pipeline\\{closure}(Object(Illuminate\\Http\\Request))
#41 /var/www/html/vendor/laravel/framework/src/Illuminate/Foundation/Http/Middleware/TrimStrings.php(51): Illuminate\\Foundation\\Http\\Middleware\\TransformsRequest->handle(Object(Illuminate\\Http\\Request), Object(Closure))
#42 /var/www/html/vendor/laravel/framework/src/Illuminate/Pipeline/Pipeline.php(208): Illuminate\\Foundation\\Http\\Middleware\\TrimStrings->handle(Object(Illuminate\\Http\\Request), Object(Closure))
#43 /var/www/html/vendor/laravel/framework/src/Illuminate/Http/Middleware/ValidatePostSize.php(27): Illuminate\\Pipeline\\Pipeline->Illuminate\\Pipeline\\{closure}(Object(Illuminate\\Http\\Request))
#44 /var/www/html/vendor/laravel/framework/src/Illuminate/Pipeline/Pipeline.php(208): Illuminate\\Http\\Middleware\\ValidatePostSize->handle(Object(Illuminate\\Http\\Request), Object(Closure))
#45 /var/www/html/vendor/laravel/framework/src/Illuminate/Foundation/Http/Middleware/PreventRequestsDuringMaintenance.php(109): Illuminate\\Pipeline\\Pipeline->Illuminate\\Pipeline\\{closure}(Object(Illuminate\\Http\\Request))
#46 /var/www/html/vendor/laravel/framework/src/Illuminate/Pipeline/Pipeline.php(208): Illuminate\\Foundation\\Http\\Middleware\\PreventRequestsDuringMaintenance->handle(Object(Illuminate\\Http\\Request), Object(Closure))
#47 /var/www/html/vendor/laravel/framework/src/Illuminate/Http/Middleware/HandleCors.php(48): Illuminate\\Pipeline\\Pipeline->Illuminate\\Pipeline\\{closure}(Object(Illuminate\\Http\\Request))
#48 /var/www/html/vendor/laravel/framework/src/Illuminate/Pipeline/Pipeline.php(208): Illuminate\\Http\\Middleware\\HandleCors->handle(Object(Illuminate\\Http\\Request), Object(Closure))
#49 /var/www/html/vendor/laravel/framework/src/Illuminate/Http/Middleware/TrustProxies.php(58): Illuminate\\Pipeline\\Pipeline->Illuminate\\Pipeline\\{closure}(Object(Illuminate\\Http\\Request))
#50 /var/www/html/vendor/laravel/framework/src/Illuminate/Pipeline/Pipeline.php(208): Illuminate\\Http\\Middleware\\TrustProxies->handle(Object(Illuminate\\Http\\Request), Object(Closure))
#51 /var/www/html/vendor/laravel/framework/src/Illuminate/Foundation/Http/Middleware/InvokeDeferredCallbacks.php(22): Illuminate\\Pipeline\\Pipeline->Illuminate\\Pipeline\\{closure}(Object(Illuminate\\Http\\Request))
#52 /var/www/html/vendor/laravel/framework/src/Illuminate/Pipeline/Pipeline.php(208): Illuminate\\Foundation\\Http\\Middleware\\InvokeDeferredCallbacks->handle(Object(Illuminate\\Http\\Request), Object(Closure))
#53 /var/www/html/vendor/laravel/framework/src/Illuminate/Http/Middleware/ValidatePathEncoding.php(26): Illuminate\\Pipeline\\Pipeline->Illuminate\\Pipeline\\{closure}(Object(Illuminate\\Http\\Request))
#54 /var/www/html/vendor/laravel/framework/src/Illuminate/Pipeline/Pipeline.php(208): Illuminate\\Http\\Middleware\\ValidatePathEncoding->handle(Object(Illuminate\\Http\\Request), Object(Closure))
#55 /var/www/html/vendor/laravel/framework/src/Illuminate/Pipeline/Pipeline.php(126): Illuminate\\Pipeline\\Pipeline->Illuminate\\Pipeline\\{closure}(Object(Illuminate\\Http\\Request))
#56 /var/www/html/vendor/laravel/framework/src/Illuminate/Foundation/Http/Kernel.php(175): Illuminate\\Pipeline\\Pipeline->then(Object(Closure))
#57 /var/www/html/vendor/laravel/framework/src/Illuminate/Foundation/Http/Kernel.php(144): Illuminate\\Foundation\\Http\\Kernel->sendRequestThroughRouter(Object(Illuminate\\Http\\Request))
#58 /var/www/html/vendor/laravel/framework/src/Illuminate/Foundation/Application.php(1219): Illuminate\\Foundation\\Http\\Kernel->handle(Object(Illuminate\\Http\\Request))
#59 /var/www/html/public/index.php(20): Illuminate\\Foundation\\Application->handleRequest(Object(Illuminate\\Http\\Request))
#60 {main}
"} 
[2025-05-10 02:25:53] local.ERROR: Unable to locate file in Vite manifest: resources/js/campaigns.js. (View: /var/www/html/resources/views/admin/campaigns/index.blade.php) {"userId":2,"exception":"[object] (Illuminate\\View\\ViewException(code: 0): Unable to locate file in Vite manifest: resources/js/campaigns.js. (View: /var/www/html/resources/views/admin/campaigns/index.blade.php) at /var/www/html/vendor/laravel/framework/src/Illuminate/Foundation/Vite.php:987)
[stacktrace]
#0 /var/www/html/vendor/laravel/framework/src/Illuminate/View/Engines/PhpEngine.php(59): Illuminate\\View\\Engines\\CompilerEngine->handleViewException(Object(Illuminate\\Foundation\\ViteException), 0)
#1 /var/www/html/vendor/laravel/framework/src/Illuminate/View/Engines/CompilerEngine.php(74): Illuminate\\View\\Engines\\PhpEngine->evaluatePath('/var/www/html/s...', Array)
#2 /var/www/html/vendor/laravel/framework/src/Illuminate/View/View.php(208): Illuminate\\View\\Engines\\CompilerEngine->get('/var/www/html/r...', Array)
#3 /var/www/html/vendor/laravel/framework/src/Illuminate/View/View.php(191): Illuminate\\View\\View->getContents()
#4 /var/www/html/vendor/laravel/framework/src/Illuminate/View/View.php(160): Illuminate\\View\\View->renderContents()
#5 /var/www/html/vendor/laravel/framework/src/Illuminate/Http/Response.php(78): Illuminate\\View\\View->render()
#6 /var/www/html/vendor/laravel/framework/src/Illuminate/Http/Response.php(34): Illuminate\\Http\\Response->setContent(Object(Illuminate\\View\\View))
#7 /var/www/html/vendor/laravel/framework/src/Illuminate/Routing/Router.php(924): Illuminate\\Http\\Response->__construct(Object(Illuminate\\View\\View), 200, Array)
#8 /var/www/html/vendor/laravel/framework/src/Illuminate/Routing/Router.php(891): Illuminate\\Routing\\Router::toResponse(Object(Illuminate\\Http\\Request), Object(Illuminate\\View\\View))
#9 /var/www/html/vendor/laravel/framework/src/Illuminate/Routing/Router.php(807): Illuminate\\Routing\\Router->prepareResponse(Object(Illuminate\\Http\\Request), Object(Illuminate\\View\\View))
#10 /var/www/html/vendor/laravel/framework/src/Illuminate/Pipeline/Pipeline.php(169): Illuminate\\Routing\\Router->Illuminate\\Routing\\{closure}(Object(Illuminate\\Http\\Request))
#11 /var/www/html/vendor/laravel/framework/src/Illuminate/Routing/Middleware/SubstituteBindings.php(50): Illuminate\\Pipeline\\Pipeline->Illuminate\\Pipeline\\{closure}(Object(Illuminate\\Http\\Request))
#12 /var/www/html/vendor/laravel/framework/src/Illuminate/Pipeline/Pipeline.php(208): Illuminate\\Routing\\Middleware\\SubstituteBindings->handle(Object(Illuminate\\Http\\Request), Object(Closure))
#13 /var/www/html/vendor/laravel/framework/src/Illuminate/Auth/Middleware/Authenticate.php(63): Illuminate\\Pipeline\\Pipeline->Illuminate\\Pipeline\\{closure}(Object(Illuminate\\Http\\Request))
#14 /var/www/html/vendor/laravel/framework/src/Illuminate/Pipeline/Pipeline.php(208): Illuminate\\Auth\\Middleware\\Authenticate->handle(Object(Illuminate\\Http\\Request), Object(Closure))
#15 /var/www/html/vendor/laravel/framework/src/Illuminate/Foundation/Http/Middleware/VerifyCsrfToken.php(87): Illuminate\\Pipeline\\Pipeline->Illuminate\\Pipeline\\{closure}(Object(Illuminate\\Http\\Request))
#16 /var/www/html/vendor/laravel/framework/src/Illuminate/Pipeline/Pipeline.php(208): Illuminate\\Foundation\\Http\\Middleware\\VerifyCsrfToken->handle(Object(Illuminate\\Http\\Request), Object(Closure))
#17 /var/www/html/vendor/laravel/framework/src/Illuminate/View/Middleware/ShareErrorsFromSession.php(48): Illuminate\\Pipeline\\Pipeline->Illuminate\\Pipeline\\{closure}(Object(Illuminate\\Http\\Request))
#18 /var/www/html/vendor/laravel/framework/src/Illuminate/Pipeline/Pipeline.php(208): Illuminate\\View\\Middleware\\ShareErrorsFromSession->handle(Object(Illuminate\\Http\\Request), Object(Closure))
#19 /var/www/html/vendor/laravel/framework/src/Illuminate/Session/Middleware/StartSession.php(120): Illuminate\\Pipeline\\Pipeline->Illuminate\\Pipeline\\{closure}(Object(Illuminate\\Http\\Request))
#20 /var/www/html/vendor/laravel/framework/src/Illuminate/Session/Middleware/StartSession.php(63): Illuminate\\Session\\Middleware\\StartSession->handleStatefulRequest(Object(Illuminate\\Http\\Request), Object(Illuminate\\Session\\Store), Object(Closure))
#21 /var/www/html/vendor/laravel/framework/src/Illuminate/Pipeline/Pipeline.php(208): Illuminate\\Session\\Middleware\\StartSession->handle(Object(Illuminate\\Http\\Request), Object(Closure))
#22 /var/www/html/vendor/laravel/framework/src/Illuminate/Cookie/Middleware/AddQueuedCookiesToResponse.php(36): Illuminate\\Pipeline\\Pipeline->Illuminate\\Pipeline\\{closure}(Object(Illuminate\\Http\\Request))
#23 /var/www/html/vendor/laravel/framework/src/Illuminate/Pipeline/Pipeline.php(208): Illuminate\\Cookie\\Middleware\\AddQueuedCookiesToResponse->handle(Object(Illuminate\\Http\\Request), Object(Closure))
#24 /var/www/html/vendor/laravel/framework/src/Illuminate/Cookie/Middleware/EncryptCookies.php(74): Illuminate\\Pipeline\\Pipeline->Illuminate\\Pipeline\\{closure}(Object(Illuminate\\Http\\Request))
#25 /var/www/html/vendor/laravel/framework/src/Illuminate/Pipeline/Pipeline.php(208): Illuminate\\Cookie\\Middleware\\EncryptCookies->handle(Object(Illuminate\\Http\\Request), Object(Closure))
#26 /var/www/html/vendor/laravel/framework/src/Illuminate/Pipeline/Pipeline.php(126): Illuminate\\Pipeline\\Pipeline->Illuminate\\Pipeline\\{closure}(Object(Illuminate\\Http\\Request))
#27 /var/www/html/vendor/laravel/framework/src/Illuminate/Routing/Router.php(807): Illuminate\\Pipeline\\Pipeline->then(Object(Closure))
#28 /var/www/html/vendor/laravel/framework/src/Illuminate/Routing/Router.php(786): Illuminate\\Routing\\Router->runRouteWithinStack(Object(Illuminate\\Routing\\Route), Object(Illuminate\\Http\\Request))
#29 /var/www/html/vendor/laravel/framework/src/Illuminate/Routing/Router.php(750): Illuminate\\Routing\\Router->runRoute(Object(Illuminate\\Http\\Request), Object(Illuminate\\Routing\\Route))
#30 /var/www/html/vendor/laravel/framework/src/Illuminate/Routing/Router.php(739): Illuminate\\Routing\\Router->dispatchToRoute(Object(Illuminate\\Http\\Request))
#31 /var/www/html/vendor/laravel/framework/src/Illuminate/Foundation/Http/Kernel.php(200): Illuminate\\Routing\\Router->dispatch(Object(Illuminate\\Http\\Request))
#32 /var/www/html/vendor/laravel/framework/src/Illuminate/Pipeline/Pipeline.php(169): Illuminate\\Foundation\\Http\\Kernel->Illuminate\\Foundation\\Http\\{closure}(Object(Illuminate\\Http\\Request))
#33 /var/www/html/vendor/laravel/framework/src/Illuminate/Foundation/Http/Middleware/TransformsRequest.php(21): Illuminate\\Pipeline\\Pipeline->Illuminate\\Pipeline\\{closure}(Object(Illuminate\\Http\\Request))
#34 /var/www/html/vendor/laravel/framework/src/Illuminate/Foundation/Http/Middleware/ConvertEmptyStringsToNull.php(31): Illuminate\\Foundation\\Http\\Middleware\\TransformsRequest->handle(Object(Illuminate\\Http\\Request), Object(Closure))
#35 /var/www/html/vendor/laravel/framework/src/Illuminate/Pipeline/Pipeline.php(208): Illuminate\\Foundation\\Http\\Middleware\\ConvertEmptyStringsToNull->handle(Object(Illuminate\\Http\\Request), Object(Closure))
#36 /var/www/html/vendor/laravel/framework/src/Illuminate/Foundation/Http/Middleware/TransformsRequest.php(21): Illuminate\\Pipeline\\Pipeline->Illuminate\\Pipeline\\{closure}(Object(Illuminate\\Http\\Request))
#37 /var/www/html/vendor/laravel/framework/src/Illuminate/Foundation/Http/Middleware/TrimStrings.php(51): Illuminate\\Foundation\\Http\\Middleware\\TransformsRequest->handle(Object(Illuminate\\Http\\Request), Object(Closure))
#38 /var/www/html/vendor/laravel/framework/src/Illuminate/Pipeline/Pipeline.php(208): Illuminate\\Foundation\\Http\\Middleware\\TrimStrings->handle(Object(Illuminate\\Http\\Request), Object(Closure))
#39 /var/www/html/vendor/laravel/framework/src/Illuminate/Http/Middleware/ValidatePostSize.php(27): Illuminate\\Pipeline\\Pipeline->Illuminate\\Pipeline\\{closure}(Object(Illuminate\\Http\\Request))
#40 /var/www/html/vendor/laravel/framework/src/Illuminate/Pipeline/Pipeline.php(208): Illuminate\\Http\\Middleware\\ValidatePostSize->handle(Object(Illuminate\\Http\\Request), Object(Closure))
#41 /var/www/html/vendor/laravel/framework/src/Illuminate/Foundation/Http/Middleware/PreventRequestsDuringMaintenance.php(109): Illuminate\\Pipeline\\Pipeline->Illuminate\\Pipeline\\{closure}(Object(Illuminate\\Http\\Request))
#42 /var/www/html/vendor/laravel/framework/src/Illuminate/Pipeline/Pipeline.php(208): Illuminate\\Foundation\\Http\\Middleware\\PreventRequestsDuringMaintenance->handle(Object(Illuminate\\Http\\Request), Object(Closure))
#43 /var/www/html/vendor/laravel/framework/src/Illuminate/Http/Middleware/HandleCors.php(48): Illuminate\\Pipeline\\Pipeline->Illuminate\\Pipeline\\{closure}(Object(Illuminate\\Http\\Request))
#44 /var/www/html/vendor/laravel/framework/src/Illuminate/Pipeline/Pipeline.php(208): Illuminate\\Http\\Middleware\\HandleCors->handle(Object(Illuminate\\Http\\Request), Object(Closure))
#45 /var/www/html/vendor/laravel/framework/src/Illuminate/Http/Middleware/TrustProxies.php(58): Illuminate\\Pipeline\\Pipeline->Illuminate\\Pipeline\\{closure}(Object(Illuminate\\Http\\Request))
#46 /var/www/html/vendor/laravel/framework/src/Illuminate/Pipeline/Pipeline.php(208): Illuminate\\Http\\Middleware\\TrustProxies->handle(Object(Illuminate\\Http\\Request), Object(Closure))
#47 /var/www/html/vendor/laravel/framework/src/Illuminate/Foundation/Http/Middleware/InvokeDeferredCallbacks.php(22): Illuminate\\Pipeline\\Pipeline->Illuminate\\Pipeline\\{closure}(Object(Illuminate\\Http\\Request))
#48 /var/www/html/vendor/laravel/framework/src/Illuminate/Pipeline/Pipeline.php(208): Illuminate\\Foundation\\Http\\Middleware\\InvokeDeferredCallbacks->handle(Object(Illuminate\\Http\\Request), Object(Closure))
#49 /var/www/html/vendor/laravel/framework/src/Illuminate/Http/Middleware/ValidatePathEncoding.php(26): Illuminate\\Pipeline\\Pipeline->Illuminate\\Pipeline\\{closure}(Object(Illuminate\\Http\\Request))
#50 /var/www/html/vendor/laravel/framework/src/Illuminate/Pipeline/Pipeline.php(208): Illuminate\\Http\\Middleware\\ValidatePathEncoding->handle(Object(Illuminate\\Http\\Request), Object(Closure))
#51 /var/www/html/vendor/laravel/framework/src/Illuminate/Pipeline/Pipeline.php(126): Illuminate\\Pipeline\\Pipeline->Illuminate\\Pipeline\\{closure}(Object(Illuminate\\Http\\Request))
#52 /var/www/html/vendor/laravel/framework/src/Illuminate/Foundation/Http/Kernel.php(175): Illuminate\\Pipeline\\Pipeline->then(Object(Closure))
#53 /var/www/html/vendor/laravel/framework/src/Illuminate/Foundation/Http/Kernel.php(144): Illuminate\\Foundation\\Http\\Kernel->sendRequestThroughRouter(Object(Illuminate\\Http\\Request))
#54 /var/www/html/vendor/laravel/framework/src/Illuminate/Foundation/Application.php(1219): Illuminate\\Foundation\\Http\\Kernel->handle(Object(Illuminate\\Http\\Request))
#55 /var/www/html/public/index.php(20): Illuminate\\Foundation\\Application->handleRequest(Object(Illuminate\\Http\\Request))
#56 {main}

[previous exception] [object] (Illuminate\\Foundation\\ViteException(code: 0): Unable to locate file in Vite manifest: resources/js/campaigns.js. at /var/www/html/vendor/laravel/framework/src/Illuminate/Foundation/Vite.php:987)
[stacktrace]
#0 /var/www/html/vendor/laravel/framework/src/Illuminate/Foundation/Vite.php(390): Illuminate\\Foundation\\Vite->chunk(Array, 'resources/js/ca...')
#1 /var/www/html/storage/framework/views/75f2633bf8da5f0574dcd5e087700c15.php(3): Illuminate\\Foundation\\Vite->__invoke(Object(Illuminate\\Support\\Collection))
#2 /var/www/html/vendor/laravel/framework/src/Illuminate/Filesystem/Filesystem.php(123): require('/var/www/html/s...')
#3 /var/www/html/vendor/laravel/framework/src/Illuminate/Filesystem/Filesystem.php(124): Illuminate\\Filesystem\\Filesystem::Illuminate\\Filesystem\\{closure}()
#4 /var/www/html/vendor/laravel/framework/src/Illuminate/View/Engines/PhpEngine.php(57): Illuminate\\Filesystem\\Filesystem->getRequire('/var/www/html/s...', Array)
#5 /var/www/html/vendor/laravel/framework/src/Illuminate/View/Engines/CompilerEngine.php(74): Illuminate\\View\\Engines\\PhpEngine->evaluatePath('/var/www/html/s...', Array)
#6 /var/www/html/vendor/laravel/framework/src/Illuminate/View/View.php(208): Illuminate\\View\\Engines\\CompilerEngine->get('/var/www/html/r...', Array)
#7 /var/www/html/vendor/laravel/framework/src/Illuminate/View/View.php(191): Illuminate\\View\\View->getContents()
#8 /var/www/html/vendor/laravel/framework/src/Illuminate/View/View.php(160): Illuminate\\View\\View->renderContents()
#9 /var/www/html/vendor/laravel/framework/src/Illuminate/Http/Response.php(78): Illuminate\\View\\View->render()
#10 /var/www/html/vendor/laravel/framework/src/Illuminate/Http/Response.php(34): Illuminate\\Http\\Response->setContent(Object(Illuminate\\View\\View))
#11 /var/www/html/vendor/laravel/framework/src/Illuminate/Routing/Router.php(924): Illuminate\\Http\\Response->__construct(Object(Illuminate\\View\\View), 200, Array)
#12 /var/www/html/vendor/laravel/framework/src/Illuminate/Routing/Router.php(891): Illuminate\\Routing\\Router::toResponse(Object(Illuminate\\Http\\Request), Object(Illuminate\\View\\View))
#13 /var/www/html/vendor/laravel/framework/src/Illuminate/Routing/Router.php(807): Illuminate\\Routing\\Router->prepareResponse(Object(Illuminate\\Http\\Request), Object(Illuminate\\View\\View))
#14 /var/www/html/vendor/laravel/framework/src/Illuminate/Pipeline/Pipeline.php(169): Illuminate\\Routing\\Router->Illuminate\\Routing\\{closure}(Object(Illuminate\\Http\\Request))
#15 /var/www/html/vendor/laravel/framework/src/Illuminate/Routing/Middleware/SubstituteBindings.php(50): Illuminate\\Pipeline\\Pipeline->Illuminate\\Pipeline\\{closure}(Object(Illuminate\\Http\\Request))
#16 /var/www/html/vendor/laravel/framework/src/Illuminate/Pipeline/Pipeline.php(208): Illuminate\\Routing\\Middleware\\SubstituteBindings->handle(Object(Illuminate\\Http\\Request), Object(Closure))
#17 /var/www/html/vendor/laravel/framework/src/Illuminate/Auth/Middleware/Authenticate.php(63): Illuminate\\Pipeline\\Pipeline->Illuminate\\Pipeline\\{closure}(Object(Illuminate\\Http\\Request))
#18 /var/www/html/vendor/laravel/framework/src/Illuminate/Pipeline/Pipeline.php(208): Illuminate\\Auth\\Middleware\\Authenticate->handle(Object(Illuminate\\Http\\Request), Object(Closure))
#19 /var/www/html/vendor/laravel/framework/src/Illuminate/Foundation/Http/Middleware/VerifyCsrfToken.php(87): Illuminate\\Pipeline\\Pipeline->Illuminate\\Pipeline\\{closure}(Object(Illuminate\\Http\\Request))
#20 /var/www/html/vendor/laravel/framework/src/Illuminate/Pipeline/Pipeline.php(208): Illuminate\\Foundation\\Http\\Middleware\\VerifyCsrfToken->handle(Object(Illuminate\\Http\\Request), Object(Closure))
#21 /var/www/html/vendor/laravel/framework/src/Illuminate/View/Middleware/ShareErrorsFromSession.php(48): Illuminate\\Pipeline\\Pipeline->Illuminate\\Pipeline\\{closure}(Object(Illuminate\\Http\\Request))
#22 /var/www/html/vendor/laravel/framework/src/Illuminate/Pipeline/Pipeline.php(208): Illuminate\\View\\Middleware\\ShareErrorsFromSession->handle(Object(Illuminate\\Http\\Request), Object(Closure))
#23 /var/www/html/vendor/laravel/framework/src/Illuminate/Session/Middleware/StartSession.php(120): Illuminate\\Pipeline\\Pipeline->Illuminate\\Pipeline\\{closure}(Object(Illuminate\\Http\\Request))
#24 /var/www/html/vendor/laravel/framework/src/Illuminate/Session/Middleware/StartSession.php(63): Illuminate\\Session\\Middleware\\StartSession->handleStatefulRequest(Object(Illuminate\\Http\\Request), Object(Illuminate\\Session\\Store), Object(Closure))
#25 /var/www/html/vendor/laravel/framework/src/Illuminate/Pipeline/Pipeline.php(208): Illuminate\\Session\\Middleware\\StartSession->handle(Object(Illuminate\\Http\\Request), Object(Closure))
#26 /var/www/html/vendor/laravel/framework/src/Illuminate/Cookie/Middleware/AddQueuedCookiesToResponse.php(36): Illuminate\\Pipeline\\Pipeline->Illuminate\\Pipeline\\{closure}(Object(Illuminate\\Http\\Request))
#27 /var/www/html/vendor/laravel/framework/src/Illuminate/Pipeline/Pipeline.php(208): Illuminate\\Cookie\\Middleware\\AddQueuedCookiesToResponse->handle(Object(Illuminate\\Http\\Request), Object(Closure))
#28 /var/www/html/vendor/laravel/framework/src/Illuminate/Cookie/Middleware/EncryptCookies.php(74): Illuminate\\Pipeline\\Pipeline->Illuminate\\Pipeline\\{closure}(Object(Illuminate\\Http\\Request))
#29 /var/www/html/vendor/laravel/framework/src/Illuminate/Pipeline/Pipeline.php(208): Illuminate\\Cookie\\Middleware\\EncryptCookies->handle(Object(Illuminate\\Http\\Request), Object(Closure))
#30 /var/www/html/vendor/laravel/framework/src/Illuminate/Pipeline/Pipeline.php(126): Illuminate\\Pipeline\\Pipeline->Illuminate\\Pipeline\\{closure}(Object(Illuminate\\Http\\Request))
#31 /var/www/html/vendor/laravel/framework/src/Illuminate/Routing/Router.php(807): Illuminate\\Pipeline\\Pipeline->then(Object(Closure))
#32 /var/www/html/vendor/laravel/framework/src/Illuminate/Routing/Router.php(786): Illuminate\\Routing\\Router->runRouteWithinStack(Object(Illuminate\\Routing\\Route), Object(Illuminate\\Http\\Request))
#33 /var/www/html/vendor/laravel/framework/src/Illuminate/Routing/Router.php(750): Illuminate\\Routing\\Router->runRoute(Object(Illuminate\\Http\\Request), Object(Illuminate\\Routing\\Route))
#34 /var/www/html/vendor/laravel/framework/src/Illuminate/Routing/Router.php(739): Illuminate\\Routing\\Router->dispatchToRoute(Object(Illuminate\\Http\\Request))
#35 /var/www/html/vendor/laravel/framework/src/Illuminate/Foundation/Http/Kernel.php(200): Illuminate\\Routing\\Router->dispatch(Object(Illuminate\\Http\\Request))
#36 /var/www/html/vendor/laravel/framework/src/Illuminate/Pipeline/Pipeline.php(169): Illuminate\\Foundation\\Http\\Kernel->Illuminate\\Foundation\\Http\\{closure}(Object(Illuminate\\Http\\Request))
#37 /var/www/html/vendor/laravel/framework/src/Illuminate/Foundation/Http/Middleware/TransformsRequest.php(21): Illuminate\\Pipeline\\Pipeline->Illuminate\\Pipeline\\{closure}(Object(Illuminate\\Http\\Request))
#38 /var/www/html/vendor/laravel/framework/src/Illuminate/Foundation/Http/Middleware/ConvertEmptyStringsToNull.php(31): Illuminate\\Foundation\\Http\\Middleware\\TransformsRequest->handle(Object(Illuminate\\Http\\Request), Object(Closure))
#39 /var/www/html/vendor/laravel/framework/src/Illuminate/Pipeline/Pipeline.php(208): Illuminate\\Foundation\\Http\\Middleware\\ConvertEmptyStringsToNull->handle(Object(Illuminate\\Http\\Request), Object(Closure))
#40 /var/www/html/vendor/laravel/framework/src/Illuminate/Foundation/Http/Middleware/TransformsRequest.php(21): Illuminate\\Pipeline\\Pipeline->Illuminate\\Pipeline\\{closure}(Object(Illuminate\\Http\\Request))
#41 /var/www/html/vendor/laravel/framework/src/Illuminate/Foundation/Http/Middleware/TrimStrings.php(51): Illuminate\\Foundation\\Http\\Middleware\\TransformsRequest->handle(Object(Illuminate\\Http\\Request), Object(Closure))
#42 /var/www/html/vendor/laravel/framework/src/Illuminate/Pipeline/Pipeline.php(208): Illuminate\\Foundation\\Http\\Middleware\\TrimStrings->handle(Object(Illuminate\\Http\\Request), Object(Closure))
#43 /var/www/html/vendor/laravel/framework/src/Illuminate/Http/Middleware/ValidatePostSize.php(27): Illuminate\\Pipeline\\Pipeline->Illuminate\\Pipeline\\{closure}(Object(Illuminate\\Http\\Request))
#44 /var/www/html/vendor/laravel/framework/src/Illuminate/Pipeline/Pipeline.php(208): Illuminate\\Http\\Middleware\\ValidatePostSize->handle(Object(Illuminate\\Http\\Request), Object(Closure))
#45 /var/www/html/vendor/laravel/framework/src/Illuminate/Foundation/Http/Middleware/PreventRequestsDuringMaintenance.php(109): Illuminate\\Pipeline\\Pipeline->Illuminate\\Pipeline\\{closure}(Object(Illuminate\\Http\\Request))
#46 /var/www/html/vendor/laravel/framework/src/Illuminate/Pipeline/Pipeline.php(208): Illuminate\\Foundation\\Http\\Middleware\\PreventRequestsDuringMaintenance->handle(Object(Illuminate\\Http\\Request), Object(Closure))
#47 /var/www/html/vendor/laravel/framework/src/Illuminate/Http/Middleware/HandleCors.php(48): Illuminate\\Pipeline\\Pipeline->Illuminate\\Pipeline\\{closure}(Object(Illuminate\\Http\\Request))
#48 /var/www/html/vendor/laravel/framework/src/Illuminate/Pipeline/Pipeline.php(208): Illuminate\\Http\\Middleware\\HandleCors->handle(Object(Illuminate\\Http\\Request), Object(Closure))
#49 /var/www/html/vendor/laravel/framework/src/Illuminate/Http/Middleware/TrustProxies.php(58): Illuminate\\Pipeline\\Pipeline->Illuminate\\Pipeline\\{closure}(Object(Illuminate\\Http\\Request))
#50 /var/www/html/vendor/laravel/framework/src/Illuminate/Pipeline/Pipeline.php(208): Illuminate\\Http\\Middleware\\TrustProxies->handle(Object(Illuminate\\Http\\Request), Object(Closure))
#51 /var/www/html/vendor/laravel/framework/src/Illuminate/Foundation/Http/Middleware/InvokeDeferredCallbacks.php(22): Illuminate\\Pipeline\\Pipeline->Illuminate\\Pipeline\\{closure}(Object(Illuminate\\Http\\Request))
#52 /var/www/html/vendor/laravel/framework/src/Illuminate/Pipeline/Pipeline.php(208): Illuminate\\Foundation\\Http\\Middleware\\InvokeDeferredCallbacks->handle(Object(Illuminate\\Http\\Request), Object(Closure))
#53 /var/www/html/vendor/laravel/framework/src/Illuminate/Http/Middleware/ValidatePathEncoding.php(26): Illuminate\\Pipeline\\Pipeline->Illuminate\\Pipeline\\{closure}(Object(Illuminate\\Http\\Request))
#54 /var/www/html/vendor/laravel/framework/src/Illuminate/Pipeline/Pipeline.php(208): Illuminate\\Http\\Middleware\\ValidatePathEncoding->handle(Object(Illuminate\\Http\\Request), Object(Closure))
#55 /var/www/html/vendor/laravel/framework/src/Illuminate/Pipeline/Pipeline.php(126): Illuminate\\Pipeline\\Pipeline->Illuminate\\Pipeline\\{closure}(Object(Illuminate\\Http\\Request))
#56 /var/www/html/vendor/laravel/framework/src/Illuminate/Foundation/Http/Kernel.php(175): Illuminate\\Pipeline\\Pipeline->then(Object(Closure))
#57 /var/www/html/vendor/laravel/framework/src/Illuminate/Foundation/Http/Kernel.php(144): Illuminate\\Foundation\\Http\\Kernel->sendRequestThroughRouter(Object(Illuminate\\Http\\Request))
#58 /var/www/html/vendor/laravel/framework/src/Illuminate/Foundation/Application.php(1219): Illuminate\\Foundation\\Http\\Kernel->handle(Object(Illuminate\\Http\\Request))
#59 /var/www/html/public/index.php(20): Illuminate\\Foundation\\Application->handleRequest(Object(Illuminate\\Http\\Request))
#60 {main}
"} 
[2025-05-10 02:25:57] local.ERROR: Unable to locate file in Vite manifest: resources/js/admindashboard.js. (View: /var/www/html/resources/views/admin/dashboard.blade.php) {"userId":2,"exception":"[object] (Illuminate\\View\\ViewException(code: 0): Unable to locate file in Vite manifest: resources/js/admindashboard.js. (View: /var/www/html/resources/views/admin/dashboard.blade.php) at /var/www/html/vendor/laravel/framework/src/Illuminate/Foundation/Vite.php:987)
[stacktrace]
#0 /var/www/html/vendor/laravel/framework/src/Illuminate/View/Engines/PhpEngine.php(59): Illuminate\\View\\Engines\\CompilerEngine->handleViewException(Object(Illuminate\\Foundation\\ViteException), 0)
#1 /var/www/html/vendor/laravel/framework/src/Illuminate/View/Engines/CompilerEngine.php(74): Illuminate\\View\\Engines\\PhpEngine->evaluatePath('/var/www/html/s...', Array)
#2 /var/www/html/vendor/laravel/framework/src/Illuminate/View/View.php(208): Illuminate\\View\\Engines\\CompilerEngine->get('/var/www/html/r...', Array)
#3 /var/www/html/vendor/laravel/framework/src/Illuminate/View/View.php(191): Illuminate\\View\\View->getContents()
#4 /var/www/html/vendor/laravel/framework/src/Illuminate/View/View.php(160): Illuminate\\View\\View->renderContents()
#5 /var/www/html/vendor/laravel/framework/src/Illuminate/Http/Response.php(78): Illuminate\\View\\View->render()
#6 /var/www/html/vendor/laravel/framework/src/Illuminate/Http/Response.php(34): Illuminate\\Http\\Response->setContent(Object(Illuminate\\View\\View))
#7 /var/www/html/vendor/laravel/framework/src/Illuminate/Routing/Router.php(924): Illuminate\\Http\\Response->__construct(Object(Illuminate\\View\\View), 200, Array)
#8 /var/www/html/vendor/laravel/framework/src/Illuminate/Routing/Router.php(891): Illuminate\\Routing\\Router::toResponse(Object(Illuminate\\Http\\Request), Object(Illuminate\\View\\View))
#9 /var/www/html/vendor/laravel/framework/src/Illuminate/Routing/Router.php(807): Illuminate\\Routing\\Router->prepareResponse(Object(Illuminate\\Http\\Request), Object(Illuminate\\View\\View))
#10 /var/www/html/vendor/laravel/framework/src/Illuminate/Pipeline/Pipeline.php(169): Illuminate\\Routing\\Router->Illuminate\\Routing\\{closure}(Object(Illuminate\\Http\\Request))
#11 /var/www/html/vendor/laravel/framework/src/Illuminate/Routing/Middleware/SubstituteBindings.php(50): Illuminate\\Pipeline\\Pipeline->Illuminate\\Pipeline\\{closure}(Object(Illuminate\\Http\\Request))
#12 /var/www/html/vendor/laravel/framework/src/Illuminate/Pipeline/Pipeline.php(208): Illuminate\\Routing\\Middleware\\SubstituteBindings->handle(Object(Illuminate\\Http\\Request), Object(Closure))
#13 /var/www/html/vendor/laravel/framework/src/Illuminate/Auth/Middleware/Authenticate.php(63): Illuminate\\Pipeline\\Pipeline->Illuminate\\Pipeline\\{closure}(Object(Illuminate\\Http\\Request))
#14 /var/www/html/vendor/laravel/framework/src/Illuminate/Pipeline/Pipeline.php(208): Illuminate\\Auth\\Middleware\\Authenticate->handle(Object(Illuminate\\Http\\Request), Object(Closure))
#15 /var/www/html/vendor/laravel/framework/src/Illuminate/Foundation/Http/Middleware/VerifyCsrfToken.php(87): Illuminate\\Pipeline\\Pipeline->Illuminate\\Pipeline\\{closure}(Object(Illuminate\\Http\\Request))
#16 /var/www/html/vendor/laravel/framework/src/Illuminate/Pipeline/Pipeline.php(208): Illuminate\\Foundation\\Http\\Middleware\\VerifyCsrfToken->handle(Object(Illuminate\\Http\\Request), Object(Closure))
#17 /var/www/html/vendor/laravel/framework/src/Illuminate/View/Middleware/ShareErrorsFromSession.php(48): Illuminate\\Pipeline\\Pipeline->Illuminate\\Pipeline\\{closure}(Object(Illuminate\\Http\\Request))
#18 /var/www/html/vendor/laravel/framework/src/Illuminate/Pipeline/Pipeline.php(208): Illuminate\\View\\Middleware\\ShareErrorsFromSession->handle(Object(Illuminate\\Http\\Request), Object(Closure))
#19 /var/www/html/vendor/laravel/framework/src/Illuminate/Session/Middleware/StartSession.php(120): Illuminate\\Pipeline\\Pipeline->Illuminate\\Pipeline\\{closure}(Object(Illuminate\\Http\\Request))
#20 /var/www/html/vendor/laravel/framework/src/Illuminate/Session/Middleware/StartSession.php(63): Illuminate\\Session\\Middleware\\StartSession->handleStatefulRequest(Object(Illuminate\\Http\\Request), Object(Illuminate\\Session\\Store), Object(Closure))
#21 /var/www/html/vendor/laravel/framework/src/Illuminate/Pipeline/Pipeline.php(208): Illuminate\\Session\\Middleware\\StartSession->handle(Object(Illuminate\\Http\\Request), Object(Closure))
#22 /var/www/html/vendor/laravel/framework/src/Illuminate/Cookie/Middleware/AddQueuedCookiesToResponse.php(36): Illuminate\\Pipeline\\Pipeline->Illuminate\\Pipeline\\{closure}(Object(Illuminate\\Http\\Request))
#23 /var/www/html/vendor/laravel/framework/src/Illuminate/Pipeline/Pipeline.php(208): Illuminate\\Cookie\\Middleware\\AddQueuedCookiesToResponse->handle(Object(Illuminate\\Http\\Request), Object(Closure))
#24 /var/www/html/vendor/laravel/framework/src/Illuminate/Cookie/Middleware/EncryptCookies.php(74): Illuminate\\Pipeline\\Pipeline->Illuminate\\Pipeline\\{closure}(Object(Illuminate\\Http\\Request))
#25 /var/www/html/vendor/laravel/framework/src/Illuminate/Pipeline/Pipeline.php(208): Illuminate\\Cookie\\Middleware\\EncryptCookies->handle(Object(Illuminate\\Http\\Request), Object(Closure))
#26 /var/www/html/vendor/laravel/framework/src/Illuminate/Pipeline/Pipeline.php(126): Illuminate\\Pipeline\\Pipeline->Illuminate\\Pipeline\\{closure}(Object(Illuminate\\Http\\Request))
#27 /var/www/html/vendor/laravel/framework/src/Illuminate/Routing/Router.php(807): Illuminate\\Pipeline\\Pipeline->then(Object(Closure))
#28 /var/www/html/vendor/laravel/framework/src/Illuminate/Routing/Router.php(786): Illuminate\\Routing\\Router->runRouteWithinStack(Object(Illuminate\\Routing\\Route), Object(Illuminate\\Http\\Request))
#29 /var/www/html/vendor/laravel/framework/src/Illuminate/Routing/Router.php(750): Illuminate\\Routing\\Router->runRoute(Object(Illuminate\\Http\\Request), Object(Illuminate\\Routing\\Route))
#30 /var/www/html/vendor/laravel/framework/src/Illuminate/Routing/Router.php(739): Illuminate\\Routing\\Router->dispatchToRoute(Object(Illuminate\\Http\\Request))
#31 /var/www/html/vendor/laravel/framework/src/Illuminate/Foundation/Http/Kernel.php(200): Illuminate\\Routing\\Router->dispatch(Object(Illuminate\\Http\\Request))
#32 /var/www/html/vendor/laravel/framework/src/Illuminate/Pipeline/Pipeline.php(169): Illuminate\\Foundation\\Http\\Kernel->Illuminate\\Foundation\\Http\\{closure}(Object(Illuminate\\Http\\Request))
#33 /var/www/html/vendor/laravel/framework/src/Illuminate/Foundation/Http/Middleware/TransformsRequest.php(21): Illuminate\\Pipeline\\Pipeline->Illuminate\\Pipeline\\{closure}(Object(Illuminate\\Http\\Request))
#34 /var/www/html/vendor/laravel/framework/src/Illuminate/Foundation/Http/Middleware/ConvertEmptyStringsToNull.php(31): Illuminate\\Foundation\\Http\\Middleware\\TransformsRequest->handle(Object(Illuminate\\Http\\Request), Object(Closure))
#35 /var/www/html/vendor/laravel/framework/src/Illuminate/Pipeline/Pipeline.php(208): Illuminate\\Foundation\\Http\\Middleware\\ConvertEmptyStringsToNull->handle(Object(Illuminate\\Http\\Request), Object(Closure))
#36 /var/www/html/vendor/laravel/framework/src/Illuminate/Foundation/Http/Middleware/TransformsRequest.php(21): Illuminate\\Pipeline\\Pipeline->Illuminate\\Pipeline\\{closure}(Object(Illuminate\\Http\\Request))
#37 /var/www/html/vendor/laravel/framework/src/Illuminate/Foundation/Http/Middleware/TrimStrings.php(51): Illuminate\\Foundation\\Http\\Middleware\\TransformsRequest->handle(Object(Illuminate\\Http\\Request), Object(Closure))
#38 /var/www/html/vendor/laravel/framework/src/Illuminate/Pipeline/Pipeline.php(208): Illuminate\\Foundation\\Http\\Middleware\\TrimStrings->handle(Object(Illuminate\\Http\\Request), Object(Closure))
#39 /var/www/html/vendor/laravel/framework/src/Illuminate/Http/Middleware/ValidatePostSize.php(27): Illuminate\\Pipeline\\Pipeline->Illuminate\\Pipeline\\{closure}(Object(Illuminate\\Http\\Request))
#40 /var/www/html/vendor/laravel/framework/src/Illuminate/Pipeline/Pipeline.php(208): Illuminate\\Http\\Middleware\\ValidatePostSize->handle(Object(Illuminate\\Http\\Request), Object(Closure))
#41 /var/www/html/vendor/laravel/framework/src/Illuminate/Foundation/Http/Middleware/PreventRequestsDuringMaintenance.php(109): Illuminate\\Pipeline\\Pipeline->Illuminate\\Pipeline\\{closure}(Object(Illuminate\\Http\\Request))
#42 /var/www/html/vendor/laravel/framework/src/Illuminate/Pipeline/Pipeline.php(208): Illuminate\\Foundation\\Http\\Middleware\\PreventRequestsDuringMaintenance->handle(Object(Illuminate\\Http\\Request), Object(Closure))
#43 /var/www/html/vendor/laravel/framework/src/Illuminate/Http/Middleware/HandleCors.php(48): Illuminate\\Pipeline\\Pipeline->Illuminate\\Pipeline\\{closure}(Object(Illuminate\\Http\\Request))
#44 /var/www/html/vendor/laravel/framework/src/Illuminate/Pipeline/Pipeline.php(208): Illuminate\\Http\\Middleware\\HandleCors->handle(Object(Illuminate\\Http\\Request), Object(Closure))
#45 /var/www/html/vendor/laravel/framework/src/Illuminate/Http/Middleware/TrustProxies.php(58): Illuminate\\Pipeline\\Pipeline->Illuminate\\Pipeline\\{closure}(Object(Illuminate\\Http\\Request))
#46 /var/www/html/vendor/laravel/framework/src/Illuminate/Pipeline/Pipeline.php(208): Illuminate\\Http\\Middleware\\TrustProxies->handle(Object(Illuminate\\Http\\Request), Object(Closure))
#47 /var/www/html/vendor/laravel/framework/src/Illuminate/Foundation/Http/Middleware/InvokeDeferredCallbacks.php(22): Illuminate\\Pipeline\\Pipeline->Illuminate\\Pipeline\\{closure}(Object(Illuminate\\Http\\Request))
#48 /var/www/html/vendor/laravel/framework/src/Illuminate/Pipeline/Pipeline.php(208): Illuminate\\Foundation\\Http\\Middleware\\InvokeDeferredCallbacks->handle(Object(Illuminate\\Http\\Request), Object(Closure))
#49 /var/www/html/vendor/laravel/framework/src/Illuminate/Http/Middleware/ValidatePathEncoding.php(26): Illuminate\\Pipeline\\Pipeline->Illuminate\\Pipeline\\{closure}(Object(Illuminate\\Http\\Request))
#50 /var/www/html/vendor/laravel/framework/src/Illuminate/Pipeline/Pipeline.php(208): Illuminate\\Http\\Middleware\\ValidatePathEncoding->handle(Object(Illuminate\\Http\\Request), Object(Closure))
#51 /var/www/html/vendor/laravel/framework/src/Illuminate/Pipeline/Pipeline.php(126): Illuminate\\Pipeline\\Pipeline->Illuminate\\Pipeline\\{closure}(Object(Illuminate\\Http\\Request))
#52 /var/www/html/vendor/laravel/framework/src/Illuminate/Foundation/Http/Kernel.php(175): Illuminate\\Pipeline\\Pipeline->then(Object(Closure))
#53 /var/www/html/vendor/laravel/framework/src/Illuminate/Foundation/Http/Kernel.php(144): Illuminate\\Foundation\\Http\\Kernel->sendRequestThroughRouter(Object(Illuminate\\Http\\Request))
#54 /var/www/html/vendor/laravel/framework/src/Illuminate/Foundation/Application.php(1219): Illuminate\\Foundation\\Http\\Kernel->handle(Object(Illuminate\\Http\\Request))
#55 /var/www/html/public/index.php(20): Illuminate\\Foundation\\Application->handleRequest(Object(Illuminate\\Http\\Request))
#56 {main}

[previous exception] [object] (Illuminate\\Foundation\\ViteException(code: 0): Unable to locate file in Vite manifest: resources/js/admindashboard.js. at /var/www/html/vendor/laravel/framework/src/Illuminate/Foundation/Vite.php:987)
[stacktrace]
#0 /var/www/html/vendor/laravel/framework/src/Illuminate/Foundation/Vite.php(390): Illuminate\\Foundation\\Vite->chunk(Array, 'resources/js/ad...')
#1 /var/www/html/storage/framework/views/de54b63ec3ab71aaa6d71eb783fbdb15.php(2): Illuminate\\Foundation\\Vite->__invoke(Object(Illuminate\\Support\\Collection))
#2 /var/www/html/vendor/laravel/framework/src/Illuminate/Filesystem/Filesystem.php(123): require('/var/www/html/s...')
#3 /var/www/html/vendor/laravel/framework/src/Illuminate/Filesystem/Filesystem.php(124): Illuminate\\Filesystem\\Filesystem::Illuminate\\Filesystem\\{closure}()
#4 /var/www/html/vendor/laravel/framework/src/Illuminate/View/Engines/PhpEngine.php(57): Illuminate\\Filesystem\\Filesystem->getRequire('/var/www/html/s...', Array)
#5 /var/www/html/vendor/laravel/framework/src/Illuminate/View/Engines/CompilerEngine.php(74): Illuminate\\View\\Engines\\PhpEngine->evaluatePath('/var/www/html/s...', Array)
#6 /var/www/html/vendor/laravel/framework/src/Illuminate/View/View.php(208): Illuminate\\View\\Engines\\CompilerEngine->get('/var/www/html/r...', Array)
#7 /var/www/html/vendor/laravel/framework/src/Illuminate/View/View.php(191): Illuminate\\View\\View->getContents()
#8 /var/www/html/vendor/laravel/framework/src/Illuminate/View/View.php(160): Illuminate\\View\\View->renderContents()
#9 /var/www/html/vendor/laravel/framework/src/Illuminate/Http/Response.php(78): Illuminate\\View\\View->render()
#10 /var/www/html/vendor/laravel/framework/src/Illuminate/Http/Response.php(34): Illuminate\\Http\\Response->setContent(Object(Illuminate\\View\\View))
#11 /var/www/html/vendor/laravel/framework/src/Illuminate/Routing/Router.php(924): Illuminate\\Http\\Response->__construct(Object(Illuminate\\View\\View), 200, Array)
#12 /var/www/html/vendor/laravel/framework/src/Illuminate/Routing/Router.php(891): Illuminate\\Routing\\Router::toResponse(Object(Illuminate\\Http\\Request), Object(Illuminate\\View\\View))
#13 /var/www/html/vendor/laravel/framework/src/Illuminate/Routing/Router.php(807): Illuminate\\Routing\\Router->prepareResponse(Object(Illuminate\\Http\\Request), Object(Illuminate\\View\\View))
#14 /var/www/html/vendor/laravel/framework/src/Illuminate/Pipeline/Pipeline.php(169): Illuminate\\Routing\\Router->Illuminate\\Routing\\{closure}(Object(Illuminate\\Http\\Request))
#15 /var/www/html/vendor/laravel/framework/src/Illuminate/Routing/Middleware/SubstituteBindings.php(50): Illuminate\\Pipeline\\Pipeline->Illuminate\\Pipeline\\{closure}(Object(Illuminate\\Http\\Request))
#16 /var/www/html/vendor/laravel/framework/src/Illuminate/Pipeline/Pipeline.php(208): Illuminate\\Routing\\Middleware\\SubstituteBindings->handle(Object(Illuminate\\Http\\Request), Object(Closure))
#17 /var/www/html/vendor/laravel/framework/src/Illuminate/Auth/Middleware/Authenticate.php(63): Illuminate\\Pipeline\\Pipeline->Illuminate\\Pipeline\\{closure}(Object(Illuminate\\Http\\Request))
#18 /var/www/html/vendor/laravel/framework/src/Illuminate/Pipeline/Pipeline.php(208): Illuminate\\Auth\\Middleware\\Authenticate->handle(Object(Illuminate\\Http\\Request), Object(Closure))
#19 /var/www/html/vendor/laravel/framework/src/Illuminate/Foundation/Http/Middleware/VerifyCsrfToken.php(87): Illuminate\\Pipeline\\Pipeline->Illuminate\\Pipeline\\{closure}(Object(Illuminate\\Http\\Request))
#20 /var/www/html/vendor/laravel/framework/src/Illuminate/Pipeline/Pipeline.php(208): Illuminate\\Foundation\\Http\\Middleware\\VerifyCsrfToken->handle(Object(Illuminate\\Http\\Request), Object(Closure))
#21 /var/www/html/vendor/laravel/framework/src/Illuminate/View/Middleware/ShareErrorsFromSession.php(48): Illuminate\\Pipeline\\Pipeline->Illuminate\\Pipeline\\{closure}(Object(Illuminate\\Http\\Request))
#22 /var/www/html/vendor/laravel/framework/src/Illuminate/Pipeline/Pipeline.php(208): Illuminate\\View\\Middleware\\ShareErrorsFromSession->handle(Object(Illuminate\\Http\\Request), Object(Closure))
#23 /var/www/html/vendor/laravel/framework/src/Illuminate/Session/Middleware/StartSession.php(120): Illuminate\\Pipeline\\Pipeline->Illuminate\\Pipeline\\{closure}(Object(Illuminate\\Http\\Request))
#24 /var/www/html/vendor/laravel/framework/src/Illuminate/Session/Middleware/StartSession.php(63): Illuminate\\Session\\Middleware\\StartSession->handleStatefulRequest(Object(Illuminate\\Http\\Request), Object(Illuminate\\Session\\Store), Object(Closure))
#25 /var/www/html/vendor/laravel/framework/src/Illuminate/Pipeline/Pipeline.php(208): Illuminate\\Session\\Middleware\\StartSession->handle(Object(Illuminate\\Http\\Request), Object(Closure))
#26 /var/www/html/vendor/laravel/framework/src/Illuminate/Cookie/Middleware/AddQueuedCookiesToResponse.php(36): Illuminate\\Pipeline\\Pipeline->Illuminate\\Pipeline\\{closure}(Object(Illuminate\\Http\\Request))
#27 /var/www/html/vendor/laravel/framework/src/Illuminate/Pipeline/Pipeline.php(208): Illuminate\\Cookie\\Middleware\\AddQueuedCookiesToResponse->handle(Object(Illuminate\\Http\\Request), Object(Closure))
#28 /var/www/html/vendor/laravel/framework/src/Illuminate/Cookie/Middleware/EncryptCookies.php(74): Illuminate\\Pipeline\\Pipeline->Illuminate\\Pipeline\\{closure}(Object(Illuminate\\Http\\Request))
#29 /var/www/html/vendor/laravel/framework/src/Illuminate/Pipeline/Pipeline.php(208): Illuminate\\Cookie\\Middleware\\EncryptCookies->handle(Object(Illuminate\\Http\\Request), Object(Closure))
#30 /var/www/html/vendor/laravel/framework/src/Illuminate/Pipeline/Pipeline.php(126): Illuminate\\Pipeline\\Pipeline->Illuminate\\Pipeline\\{closure}(Object(Illuminate\\Http\\Request))
#31 /var/www/html/vendor/laravel/framework/src/Illuminate/Routing/Router.php(807): Illuminate\\Pipeline\\Pipeline->then(Object(Closure))
#32 /var/www/html/vendor/laravel/framework/src/Illuminate/Routing/Router.php(786): Illuminate\\Routing\\Router->runRouteWithinStack(Object(Illuminate\\Routing\\Route), Object(Illuminate\\Http\\Request))
#33 /var/www/html/vendor/laravel/framework/src/Illuminate/Routing/Router.php(750): Illuminate\\Routing\\Router->runRoute(Object(Illuminate\\Http\\Request), Object(Illuminate\\Routing\\Route))
#34 /var/www/html/vendor/laravel/framework/src/Illuminate/Routing/Router.php(739): Illuminate\\Routing\\Router->dispatchToRoute(Object(Illuminate\\Http\\Request))
#35 /var/www/html/vendor/laravel/framework/src/Illuminate/Foundation/Http/Kernel.php(200): Illuminate\\Routing\\Router->dispatch(Object(Illuminate\\Http\\Request))
#36 /var/www/html/vendor/laravel/framework/src/Illuminate/Pipeline/Pipeline.php(169): Illuminate\\Foundation\\Http\\Kernel->Illuminate\\Foundation\\Http\\{closure}(Object(Illuminate\\Http\\Request))
#37 /var/www/html/vendor/laravel/framework/src/Illuminate/Foundation/Http/Middleware/TransformsRequest.php(21): Illuminate\\Pipeline\\Pipeline->Illuminate\\Pipeline\\{closure}(Object(Illuminate\\Http\\Request))
#38 /var/www/html/vendor/laravel/framework/src/Illuminate/Foundation/Http/Middleware/ConvertEmptyStringsToNull.php(31): Illuminate\\Foundation\\Http\\Middleware\\TransformsRequest->handle(Object(Illuminate\\Http\\Request), Object(Closure))
#39 /var/www/html/vendor/laravel/framework/src/Illuminate/Pipeline/Pipeline.php(208): Illuminate\\Foundation\\Http\\Middleware\\ConvertEmptyStringsToNull->handle(Object(Illuminate\\Http\\Request), Object(Closure))
#40 /var/www/html/vendor/laravel/framework/src/Illuminate/Foundation/Http/Middleware/TransformsRequest.php(21): Illuminate\\Pipeline\\Pipeline->Illuminate\\Pipeline\\{closure}(Object(Illuminate\\Http\\Request))
#41 /var/www/html/vendor/laravel/framework/src/Illuminate/Foundation/Http/Middleware/TrimStrings.php(51): Illuminate\\Foundation\\Http\\Middleware\\TransformsRequest->handle(Object(Illuminate\\Http\\Request), Object(Closure))
#42 /var/www/html/vendor/laravel/framework/src/Illuminate/Pipeline/Pipeline.php(208): Illuminate\\Foundation\\Http\\Middleware\\TrimStrings->handle(Object(Illuminate\\Http\\Request), Object(Closure))
#43 /var/www/html/vendor/laravel/framework/src/Illuminate/Http/Middleware/ValidatePostSize.php(27): Illuminate\\Pipeline\\Pipeline->Illuminate\\Pipeline\\{closure}(Object(Illuminate\\Http\\Request))
#44 /var/www/html/vendor/laravel/framework/src/Illuminate/Pipeline/Pipeline.php(208): Illuminate\\Http\\Middleware\\ValidatePostSize->handle(Object(Illuminate\\Http\\Request), Object(Closure))
#45 /var/www/html/vendor/laravel/framework/src/Illuminate/Foundation/Http/Middleware/PreventRequestsDuringMaintenance.php(109): Illuminate\\Pipeline\\Pipeline->Illuminate\\Pipeline\\{closure}(Object(Illuminate\\Http\\Request))
#46 /var/www/html/vendor/laravel/framework/src/Illuminate/Pipeline/Pipeline.php(208): Illuminate\\Foundation\\Http\\Middleware\\PreventRequestsDuringMaintenance->handle(Object(Illuminate\\Http\\Request), Object(Closure))
#47 /var/www/html/vendor/laravel/framework/src/Illuminate/Http/Middleware/HandleCors.php(48): Illuminate\\Pipeline\\Pipeline->Illuminate\\Pipeline\\{closure}(Object(Illuminate\\Http\\Request))
#48 /var/www/html/vendor/laravel/framework/src/Illuminate/Pipeline/Pipeline.php(208): Illuminate\\Http\\Middleware\\HandleCors->handle(Object(Illuminate\\Http\\Request), Object(Closure))
#49 /var/www/html/vendor/laravel/framework/src/Illuminate/Http/Middleware/TrustProxies.php(58): Illuminate\\Pipeline\\Pipeline->Illuminate\\Pipeline\\{closure}(Object(Illuminate\\Http\\Request))
#50 /var/www/html/vendor/laravel/framework/src/Illuminate/Pipeline/Pipeline.php(208): Illuminate\\Http\\Middleware\\TrustProxies->handle(Object(Illuminate\\Http\\Request), Object(Closure))
#51 /var/www/html/vendor/laravel/framework/src/Illuminate/Foundation/Http/Middleware/InvokeDeferredCallbacks.php(22): Illuminate\\Pipeline\\Pipeline->Illuminate\\Pipeline\\{closure}(Object(Illuminate\\Http\\Request))
#52 /var/www/html/vendor/laravel/framework/src/Illuminate/Pipeline/Pipeline.php(208): Illuminate\\Foundation\\Http\\Middleware\\InvokeDeferredCallbacks->handle(Object(Illuminate\\Http\\Request), Object(Closure))
#53 /var/www/html/vendor/laravel/framework/src/Illuminate/Http/Middleware/ValidatePathEncoding.php(26): Illuminate\\Pipeline\\Pipeline->Illuminate\\Pipeline\\{closure}(Object(Illuminate\\Http\\Request))
#54 /var/www/html/vendor/laravel/framework/src/Illuminate/Pipeline/Pipeline.php(208): Illuminate\\Http\\Middleware\\ValidatePathEncoding->handle(Object(Illuminate\\Http\\Request), Object(Closure))
#55 /var/www/html/vendor/laravel/framework/src/Illuminate/Pipeline/Pipeline.php(126): Illuminate\\Pipeline\\Pipeline->Illuminate\\Pipeline\\{closure}(Object(Illuminate\\Http\\Request))
#56 /var/www/html/vendor/laravel/framework/src/Illuminate/Foundation/Http/Kernel.php(175): Illuminate\\Pipeline\\Pipeline->then(Object(Closure))
#57 /var/www/html/vendor/laravel/framework/src/Illuminate/Foundation/Http/Kernel.php(144): Illuminate\\Foundation\\Http\\Kernel->sendRequestThroughRouter(Object(Illuminate\\Http\\Request))
#58 /var/www/html/vendor/laravel/framework/src/Illuminate/Foundation/Application.php(1219): Illuminate\\Foundation\\Http\\Kernel->handle(Object(Illuminate\\Http\\Request))
#59 /var/www/html/public/index.php(20): Illuminate\\Foundation\\Application->handleRequest(Object(Illuminate\\Http\\Request))
#60 {main}
"} 
[2025-05-10 02:26:01] local.ERROR: Unable to locate file in Vite manifest: resources/js/campaigns.js. (View: /var/www/html/resources/views/admin/campaigns/index.blade.php) {"userId":2,"exception":"[object] (Illuminate\\View\\ViewException(code: 0): Unable to locate file in Vite manifest: resources/js/campaigns.js. (View: /var/www/html/resources/views/admin/campaigns/index.blade.php) at /var/www/html/vendor/laravel/framework/src/Illuminate/Foundation/Vite.php:987)
[stacktrace]
#0 /var/www/html/vendor/laravel/framework/src/Illuminate/View/Engines/PhpEngine.php(59): Illuminate\\View\\Engines\\CompilerEngine->handleViewException(Object(Illuminate\\Foundation\\ViteException), 0)
#1 /var/www/html/vendor/laravel/framework/src/Illuminate/View/Engines/CompilerEngine.php(74): Illuminate\\View\\Engines\\PhpEngine->evaluatePath('/var/www/html/s...', Array)
#2 /var/www/html/vendor/laravel/framework/src/Illuminate/View/View.php(208): Illuminate\\View\\Engines\\CompilerEngine->get('/var/www/html/r...', Array)
#3 /var/www/html/vendor/laravel/framework/src/Illuminate/View/View.php(191): Illuminate\\View\\View->getContents()
#4 /var/www/html/vendor/laravel/framework/src/Illuminate/View/View.php(160): Illuminate\\View\\View->renderContents()
#5 /var/www/html/vendor/laravel/framework/src/Illuminate/Http/Response.php(78): Illuminate\\View\\View->render()
#6 /var/www/html/vendor/laravel/framework/src/Illuminate/Http/Response.php(34): Illuminate\\Http\\Response->setContent(Object(Illuminate\\View\\View))
#7 /var/www/html/vendor/laravel/framework/src/Illuminate/Routing/Router.php(924): Illuminate\\Http\\Response->__construct(Object(Illuminate\\View\\View), 200, Array)
#8 /var/www/html/vendor/laravel/framework/src/Illuminate/Routing/Router.php(891): Illuminate\\Routing\\Router::toResponse(Object(Illuminate\\Http\\Request), Object(Illuminate\\View\\View))
#9 /var/www/html/vendor/laravel/framework/src/Illuminate/Routing/Router.php(807): Illuminate\\Routing\\Router->prepareResponse(Object(Illuminate\\Http\\Request), Object(Illuminate\\View\\View))
#10 /var/www/html/vendor/laravel/framework/src/Illuminate/Pipeline/Pipeline.php(169): Illuminate\\Routing\\Router->Illuminate\\Routing\\{closure}(Object(Illuminate\\Http\\Request))
#11 /var/www/html/vendor/laravel/framework/src/Illuminate/Routing/Middleware/SubstituteBindings.php(50): Illuminate\\Pipeline\\Pipeline->Illuminate\\Pipeline\\{closure}(Object(Illuminate\\Http\\Request))
#12 /var/www/html/vendor/laravel/framework/src/Illuminate/Pipeline/Pipeline.php(208): Illuminate\\Routing\\Middleware\\SubstituteBindings->handle(Object(Illuminate\\Http\\Request), Object(Closure))
#13 /var/www/html/vendor/laravel/framework/src/Illuminate/Auth/Middleware/Authenticate.php(63): Illuminate\\Pipeline\\Pipeline->Illuminate\\Pipeline\\{closure}(Object(Illuminate\\Http\\Request))
#14 /var/www/html/vendor/laravel/framework/src/Illuminate/Pipeline/Pipeline.php(208): Illuminate\\Auth\\Middleware\\Authenticate->handle(Object(Illuminate\\Http\\Request), Object(Closure))
#15 /var/www/html/vendor/laravel/framework/src/Illuminate/Foundation/Http/Middleware/VerifyCsrfToken.php(87): Illuminate\\Pipeline\\Pipeline->Illuminate\\Pipeline\\{closure}(Object(Illuminate\\Http\\Request))
#16 /var/www/html/vendor/laravel/framework/src/Illuminate/Pipeline/Pipeline.php(208): Illuminate\\Foundation\\Http\\Middleware\\VerifyCsrfToken->handle(Object(Illuminate\\Http\\Request), Object(Closure))
#17 /var/www/html/vendor/laravel/framework/src/Illuminate/View/Middleware/ShareErrorsFromSession.php(48): Illuminate\\Pipeline\\Pipeline->Illuminate\\Pipeline\\{closure}(Object(Illuminate\\Http\\Request))
#18 /var/www/html/vendor/laravel/framework/src/Illuminate/Pipeline/Pipeline.php(208): Illuminate\\View\\Middleware\\ShareErrorsFromSession->handle(Object(Illuminate\\Http\\Request), Object(Closure))
#19 /var/www/html/vendor/laravel/framework/src/Illuminate/Session/Middleware/StartSession.php(120): Illuminate\\Pipeline\\Pipeline->Illuminate\\Pipeline\\{closure}(Object(Illuminate\\Http\\Request))
#20 /var/www/html/vendor/laravel/framework/src/Illuminate/Session/Middleware/StartSession.php(63): Illuminate\\Session\\Middleware\\StartSession->handleStatefulRequest(Object(Illuminate\\Http\\Request), Object(Illuminate\\Session\\Store), Object(Closure))
#21 /var/www/html/vendor/laravel/framework/src/Illuminate/Pipeline/Pipeline.php(208): Illuminate\\Session\\Middleware\\StartSession->handle(Object(Illuminate\\Http\\Request), Object(Closure))
#22 /var/www/html/vendor/laravel/framework/src/Illuminate/Cookie/Middleware/AddQueuedCookiesToResponse.php(36): Illuminate\\Pipeline\\Pipeline->Illuminate\\Pipeline\\{closure}(Object(Illuminate\\Http\\Request))
#23 /var/www/html/vendor/laravel/framework/src/Illuminate/Pipeline/Pipeline.php(208): Illuminate\\Cookie\\Middleware\\AddQueuedCookiesToResponse->handle(Object(Illuminate\\Http\\Request), Object(Closure))
#24 /var/www/html/vendor/laravel/framework/src/Illuminate/Cookie/Middleware/EncryptCookies.php(74): Illuminate\\Pipeline\\Pipeline->Illuminate\\Pipeline\\{closure}(Object(Illuminate\\Http\\Request))
#25 /var/www/html/vendor/laravel/framework/src/Illuminate/Pipeline/Pipeline.php(208): Illuminate\\Cookie\\Middleware\\EncryptCookies->handle(Object(Illuminate\\Http\\Request), Object(Closure))
#26 /var/www/html/vendor/laravel/framework/src/Illuminate/Pipeline/Pipeline.php(126): Illuminate\\Pipeline\\Pipeline->Illuminate\\Pipeline\\{closure}(Object(Illuminate\\Http\\Request))
#27 /var/www/html/vendor/laravel/framework/src/Illuminate/Routing/Router.php(807): Illuminate\\Pipeline\\Pipeline->then(Object(Closure))
#28 /var/www/html/vendor/laravel/framework/src/Illuminate/Routing/Router.php(786): Illuminate\\Routing\\Router->runRouteWithinStack(Object(Illuminate\\Routing\\Route), Object(Illuminate\\Http\\Request))
#29 /var/www/html/vendor/laravel/framework/src/Illuminate/Routing/Router.php(750): Illuminate\\Routing\\Router->runRoute(Object(Illuminate\\Http\\Request), Object(Illuminate\\Routing\\Route))
#30 /var/www/html/vendor/laravel/framework/src/Illuminate/Routing/Router.php(739): Illuminate\\Routing\\Router->dispatchToRoute(Object(Illuminate\\Http\\Request))
#31 /var/www/html/vendor/laravel/framework/src/Illuminate/Foundation/Http/Kernel.php(200): Illuminate\\Routing\\Router->dispatch(Object(Illuminate\\Http\\Request))
#32 /var/www/html/vendor/laravel/framework/src/Illuminate/Pipeline/Pipeline.php(169): Illuminate\\Foundation\\Http\\Kernel->Illuminate\\Foundation\\Http\\{closure}(Object(Illuminate\\Http\\Request))
#33 /var/www/html/vendor/laravel/framework/src/Illuminate/Foundation/Http/Middleware/TransformsRequest.php(21): Illuminate\\Pipeline\\Pipeline->Illuminate\\Pipeline\\{closure}(Object(Illuminate\\Http\\Request))
#34 /var/www/html/vendor/laravel/framework/src/Illuminate/Foundation/Http/Middleware/ConvertEmptyStringsToNull.php(31): Illuminate\\Foundation\\Http\\Middleware\\TransformsRequest->handle(Object(Illuminate\\Http\\Request), Object(Closure))
#35 /var/www/html/vendor/laravel/framework/src/Illuminate/Pipeline/Pipeline.php(208): Illuminate\\Foundation\\Http\\Middleware\\ConvertEmptyStringsToNull->handle(Object(Illuminate\\Http\\Request), Object(Closure))
#36 /var/www/html/vendor/laravel/framework/src/Illuminate/Foundation/Http/Middleware/TransformsRequest.php(21): Illuminate\\Pipeline\\Pipeline->Illuminate\\Pipeline\\{closure}(Object(Illuminate\\Http\\Request))
#37 /var/www/html/vendor/laravel/framework/src/Illuminate/Foundation/Http/Middleware/TrimStrings.php(51): Illuminate\\Foundation\\Http\\Middleware\\TransformsRequest->handle(Object(Illuminate\\Http\\Request), Object(Closure))
#38 /var/www/html/vendor/laravel/framework/src/Illuminate/Pipeline/Pipeline.php(208): Illuminate\\Foundation\\Http\\Middleware\\TrimStrings->handle(Object(Illuminate\\Http\\Request), Object(Closure))
#39 /var/www/html/vendor/laravel/framework/src/Illuminate/Http/Middleware/ValidatePostSize.php(27): Illuminate\\Pipeline\\Pipeline->Illuminate\\Pipeline\\{closure}(Object(Illuminate\\Http\\Request))
#40 /var/www/html/vendor/laravel/framework/src/Illuminate/Pipeline/Pipeline.php(208): Illuminate\\Http\\Middleware\\ValidatePostSize->handle(Object(Illuminate\\Http\\Request), Object(Closure))
#41 /var/www/html/vendor/laravel/framework/src/Illuminate/Foundation/Http/Middleware/PreventRequestsDuringMaintenance.php(109): Illuminate\\Pipeline\\Pipeline->Illuminate\\Pipeline\\{closure}(Object(Illuminate\\Http\\Request))
#42 /var/www/html/vendor/laravel/framework/src/Illuminate/Pipeline/Pipeline.php(208): Illuminate\\Foundation\\Http\\Middleware\\PreventRequestsDuringMaintenance->handle(Object(Illuminate\\Http\\Request), Object(Closure))
#43 /var/www/html/vendor/laravel/framework/src/Illuminate/Http/Middleware/HandleCors.php(48): Illuminate\\Pipeline\\Pipeline->Illuminate\\Pipeline\\{closure}(Object(Illuminate\\Http\\Request))
#44 /var/www/html/vendor/laravel/framework/src/Illuminate/Pipeline/Pipeline.php(208): Illuminate\\Http\\Middleware\\HandleCors->handle(Object(Illuminate\\Http\\Request), Object(Closure))
#45 /var/www/html/vendor/laravel/framework/src/Illuminate/Http/Middleware/TrustProxies.php(58): Illuminate\\Pipeline\\Pipeline->Illuminate\\Pipeline\\{closure}(Object(Illuminate\\Http\\Request))
#46 /var/www/html/vendor/laravel/framework/src/Illuminate/Pipeline/Pipeline.php(208): Illuminate\\Http\\Middleware\\TrustProxies->handle(Object(Illuminate\\Http\\Request), Object(Closure))
#47 /var/www/html/vendor/laravel/framework/src/Illuminate/Foundation/Http/Middleware/InvokeDeferredCallbacks.php(22): Illuminate\\Pipeline\\Pipeline->Illuminate\\Pipeline\\{closure}(Object(Illuminate\\Http\\Request))
#48 /var/www/html/vendor/laravel/framework/src/Illuminate/Pipeline/Pipeline.php(208): Illuminate\\Foundation\\Http\\Middleware\\InvokeDeferredCallbacks->handle(Object(Illuminate\\Http\\Request), Object(Closure))
#49 /var/www/html/vendor/laravel/framework/src/Illuminate/Http/Middleware/ValidatePathEncoding.php(26): Illuminate\\Pipeline\\Pipeline->Illuminate\\Pipeline\\{closure}(Object(Illuminate\\Http\\Request))
#50 /var/www/html/vendor/laravel/framework/src/Illuminate/Pipeline/Pipeline.php(208): Illuminate\\Http\\Middleware\\ValidatePathEncoding->handle(Object(Illuminate\\Http\\Request), Object(Closure))
#51 /var/www/html/vendor/laravel/framework/src/Illuminate/Pipeline/Pipeline.php(126): Illuminate\\Pipeline\\Pipeline->Illuminate\\Pipeline\\{closure}(Object(Illuminate\\Http\\Request))
#52 /var/www/html/vendor/laravel/framework/src/Illuminate/Foundation/Http/Kernel.php(175): Illuminate\\Pipeline\\Pipeline->then(Object(Closure))
#53 /var/www/html/vendor/laravel/framework/src/Illuminate/Foundation/Http/Kernel.php(144): Illuminate\\Foundation\\Http\\Kernel->sendRequestThroughRouter(Object(Illuminate\\Http\\Request))
#54 /var/www/html/vendor/laravel/framework/src/Illuminate/Foundation/Application.php(1219): Illuminate\\Foundation\\Http\\Kernel->handle(Object(Illuminate\\Http\\Request))
#55 /var/www/html/public/index.php(20): Illuminate\\Foundation\\Application->handleRequest(Object(Illuminate\\Http\\Request))
#56 {main}

[previous exception] [object] (Illuminate\\Foundation\\ViteException(code: 0): Unable to locate file in Vite manifest: resources/js/campaigns.js. at /var/www/html/vendor/laravel/framework/src/Illuminate/Foundation/Vite.php:987)
[stacktrace]
#0 /var/www/html/vendor/laravel/framework/src/Illuminate/Foundation/Vite.php(390): Illuminate\\Foundation\\Vite->chunk(Array, 'resources/js/ca...')
#1 /var/www/html/storage/framework/views/75f2633bf8da5f0574dcd5e087700c15.php(3): Illuminate\\Foundation\\Vite->__invoke(Object(Illuminate\\Support\\Collection))
#2 /var/www/html/vendor/laravel/framework/src/Illuminate/Filesystem/Filesystem.php(123): require('/var/www/html/s...')
#3 /var/www/html/vendor/laravel/framework/src/Illuminate/Filesystem/Filesystem.php(124): Illuminate\\Filesystem\\Filesystem::Illuminate\\Filesystem\\{closure}()
#4 /var/www/html/vendor/laravel/framework/src/Illuminate/View/Engines/PhpEngine.php(57): Illuminate\\Filesystem\\Filesystem->getRequire('/var/www/html/s...', Array)
#5 /var/www/html/vendor/laravel/framework/src/Illuminate/View/Engines/CompilerEngine.php(74): Illuminate\\View\\Engines\\PhpEngine->evaluatePath('/var/www/html/s...', Array)
#6 /var/www/html/vendor/laravel/framework/src/Illuminate/View/View.php(208): Illuminate\\View\\Engines\\CompilerEngine->get('/var/www/html/r...', Array)
#7 /var/www/html/vendor/laravel/framework/src/Illuminate/View/View.php(191): Illuminate\\View\\View->getContents()
#8 /var/www/html/vendor/laravel/framework/src/Illuminate/View/View.php(160): Illuminate\\View\\View->renderContents()
#9 /var/www/html/vendor/laravel/framework/src/Illuminate/Http/Response.php(78): Illuminate\\View\\View->render()
#10 /var/www/html/vendor/laravel/framework/src/Illuminate/Http/Response.php(34): Illuminate\\Http\\Response->setContent(Object(Illuminate\\View\\View))
#11 /var/www/html/vendor/laravel/framework/src/Illuminate/Routing/Router.php(924): Illuminate\\Http\\Response->__construct(Object(Illuminate\\View\\View), 200, Array)
#12 /var/www/html/vendor/laravel/framework/src/Illuminate/Routing/Router.php(891): Illuminate\\Routing\\Router::toResponse(Object(Illuminate\\Http\\Request), Object(Illuminate\\View\\View))
#13 /var/www/html/vendor/laravel/framework/src/Illuminate/Routing/Router.php(807): Illuminate\\Routing\\Router->prepareResponse(Object(Illuminate\\Http\\Request), Object(Illuminate\\View\\View))
#14 /var/www/html/vendor/laravel/framework/src/Illuminate/Pipeline/Pipeline.php(169): Illuminate\\Routing\\Router->Illuminate\\Routing\\{closure}(Object(Illuminate\\Http\\Request))
#15 /var/www/html/vendor/laravel/framework/src/Illuminate/Routing/Middleware/SubstituteBindings.php(50): Illuminate\\Pipeline\\Pipeline->Illuminate\\Pipeline\\{closure}(Object(Illuminate\\Http\\Request))
#16 /var/www/html/vendor/laravel/framework/src/Illuminate/Pipeline/Pipeline.php(208): Illuminate\\Routing\\Middleware\\SubstituteBindings->handle(Object(Illuminate\\Http\\Request), Object(Closure))
#17 /var/www/html/vendor/laravel/framework/src/Illuminate/Auth/Middleware/Authenticate.php(63): Illuminate\\Pipeline\\Pipeline->Illuminate\\Pipeline\\{closure}(Object(Illuminate\\Http\\Request))
#18 /var/www/html/vendor/laravel/framework/src/Illuminate/Pipeline/Pipeline.php(208): Illuminate\\Auth\\Middleware\\Authenticate->handle(Object(Illuminate\\Http\\Request), Object(Closure))
#19 /var/www/html/vendor/laravel/framework/src/Illuminate/Foundation/Http/Middleware/VerifyCsrfToken.php(87): Illuminate\\Pipeline\\Pipeline->Illuminate\\Pipeline\\{closure}(Object(Illuminate\\Http\\Request))
#20 /var/www/html/vendor/laravel/framework/src/Illuminate/Pipeline/Pipeline.php(208): Illuminate\\Foundation\\Http\\Middleware\\VerifyCsrfToken->handle(Object(Illuminate\\Http\\Request), Object(Closure))
#21 /var/www/html/vendor/laravel/framework/src/Illuminate/View/Middleware/ShareErrorsFromSession.php(48): Illuminate\\Pipeline\\Pipeline->Illuminate\\Pipeline\\{closure}(Object(Illuminate\\Http\\Request))
#22 /var/www/html/vendor/laravel/framework/src/Illuminate/Pipeline/Pipeline.php(208): Illuminate\\View\\Middleware\\ShareErrorsFromSession->handle(Object(Illuminate\\Http\\Request), Object(Closure))
#23 /var/www/html/vendor/laravel/framework/src/Illuminate/Session/Middleware/StartSession.php(120): Illuminate\\Pipeline\\Pipeline->Illuminate\\Pipeline\\{closure}(Object(Illuminate\\Http\\Request))
#24 /var/www/html/vendor/laravel/framework/src/Illuminate/Session/Middleware/StartSession.php(63): Illuminate\\Session\\Middleware\\StartSession->handleStatefulRequest(Object(Illuminate\\Http\\Request), Object(Illuminate\\Session\\Store), Object(Closure))
#25 /var/www/html/vendor/laravel/framework/src/Illuminate/Pipeline/Pipeline.php(208): Illuminate\\Session\\Middleware\\StartSession->handle(Object(Illuminate\\Http\\Request), Object(Closure))
#26 /var/www/html/vendor/laravel/framework/src/Illuminate/Cookie/Middleware/AddQueuedCookiesToResponse.php(36): Illuminate\\Pipeline\\Pipeline->Illuminate\\Pipeline\\{closure}(Object(Illuminate\\Http\\Request))
#27 /var/www/html/vendor/laravel/framework/src/Illuminate/Pipeline/Pipeline.php(208): Illuminate\\Cookie\\Middleware\\AddQueuedCookiesToResponse->handle(Object(Illuminate\\Http\\Request), Object(Closure))
#28 /var/www/html/vendor/laravel/framework/src/Illuminate/Cookie/Middleware/EncryptCookies.php(74): Illuminate\\Pipeline\\Pipeline->Illuminate\\Pipeline\\{closure}(Object(Illuminate\\Http\\Request))
#29 /var/www/html/vendor/laravel/framework/src/Illuminate/Pipeline/Pipeline.php(208): Illuminate\\Cookie\\Middleware\\EncryptCookies->handle(Object(Illuminate\\Http\\Request), Object(Closure))
#30 /var/www/html/vendor/laravel/framework/src/Illuminate/Pipeline/Pipeline.php(126): Illuminate\\Pipeline\\Pipeline->Illuminate\\Pipeline\\{closure}(Object(Illuminate\\Http\\Request))
#31 /var/www/html/vendor/laravel/framework/src/Illuminate/Routing/Router.php(807): Illuminate\\Pipeline\\Pipeline->then(Object(Closure))
#32 /var/www/html/vendor/laravel/framework/src/Illuminate/Routing/Router.php(786): Illuminate\\Routing\\Router->runRouteWithinStack(Object(Illuminate\\Routing\\Route), Object(Illuminate\\Http\\Request))
#33 /var/www/html/vendor/laravel/framework/src/Illuminate/Routing/Router.php(750): Illuminate\\Routing\\Router->runRoute(Object(Illuminate\\Http\\Request), Object(Illuminate\\Routing\\Route))
#34 /var/www/html/vendor/laravel/framework/src/Illuminate/Routing/Router.php(739): Illuminate\\Routing\\Router->dispatchToRoute(Object(Illuminate\\Http\\Request))
#35 /var/www/html/vendor/laravel/framework/src/Illuminate/Foundation/Http/Kernel.php(200): Illuminate\\Routing\\Router->dispatch(Object(Illuminate\\Http\\Request))
#36 /var/www/html/vendor/laravel/framework/src/Illuminate/Pipeline/Pipeline.php(169): Illuminate\\Foundation\\Http\\Kernel->Illuminate\\Foundation\\Http\\{closure}(Object(Illuminate\\Http\\Request))
#37 /var/www/html/vendor/laravel/framework/src/Illuminate/Foundation/Http/Middleware/TransformsRequest.php(21): Illuminate\\Pipeline\\Pipeline->Illuminate\\Pipeline\\{closure}(Object(Illuminate\\Http\\Request))
#38 /var/www/html/vendor/laravel/framework/src/Illuminate/Foundation/Http/Middleware/ConvertEmptyStringsToNull.php(31): Illuminate\\Foundation\\Http\\Middleware\\TransformsRequest->handle(Object(Illuminate\\Http\\Request), Object(Closure))
#39 /var/www/html/vendor/laravel/framework/src/Illuminate/Pipeline/Pipeline.php(208): Illuminate\\Foundation\\Http\\Middleware\\ConvertEmptyStringsToNull->handle(Object(Illuminate\\Http\\Request), Object(Closure))
#40 /var/www/html/vendor/laravel/framework/src/Illuminate/Foundation/Http/Middleware/TransformsRequest.php(21): Illuminate\\Pipeline\\Pipeline->Illuminate\\Pipeline\\{closure}(Object(Illuminate\\Http\\Request))
#41 /var/www/html/vendor/laravel/framework/src/Illuminate/Foundation/Http/Middleware/TrimStrings.php(51): Illuminate\\Foundation\\Http\\Middleware\\TransformsRequest->handle(Object(Illuminate\\Http\\Request), Object(Closure))
#42 /var/www/html/vendor/laravel/framework/src/Illuminate/Pipeline/Pipeline.php(208): Illuminate\\Foundation\\Http\\Middleware\\TrimStrings->handle(Object(Illuminate\\Http\\Request), Object(Closure))
#43 /var/www/html/vendor/laravel/framework/src/Illuminate/Http/Middleware/ValidatePostSize.php(27): Illuminate\\Pipeline\\Pipeline->Illuminate\\Pipeline\\{closure}(Object(Illuminate\\Http\\Request))
#44 /var/www/html/vendor/laravel/framework/src/Illuminate/Pipeline/Pipeline.php(208): Illuminate\\Http\\Middleware\\ValidatePostSize->handle(Object(Illuminate\\Http\\Request), Object(Closure))
#45 /var/www/html/vendor/laravel/framework/src/Illuminate/Foundation/Http/Middleware/PreventRequestsDuringMaintenance.php(109): Illuminate\\Pipeline\\Pipeline->Illuminate\\Pipeline\\{closure}(Object(Illuminate\\Http\\Request))
#46 /var/www/html/vendor/laravel/framework/src/Illuminate/Pipeline/Pipeline.php(208): Illuminate\\Foundation\\Http\\Middleware\\PreventRequestsDuringMaintenance->handle(Object(Illuminate\\Http\\Request), Object(Closure))
#47 /var/www/html/vendor/laravel/framework/src/Illuminate/Http/Middleware/HandleCors.php(48): Illuminate\\Pipeline\\Pipeline->Illuminate\\Pipeline\\{closure}(Object(Illuminate\\Http\\Request))
#48 /var/www/html/vendor/laravel/framework/src/Illuminate/Pipeline/Pipeline.php(208): Illuminate\\Http\\Middleware\\HandleCors->handle(Object(Illuminate\\Http\\Request), Object(Closure))
#49 /var/www/html/vendor/laravel/framework/src/Illuminate/Http/Middleware/TrustProxies.php(58): Illuminate\\Pipeline\\Pipeline->Illuminate\\Pipeline\\{closure}(Object(Illuminate\\Http\\Request))
#50 /var/www/html/vendor/laravel/framework/src/Illuminate/Pipeline/Pipeline.php(208): Illuminate\\Http\\Middleware\\TrustProxies->handle(Object(Illuminate\\Http\\Request), Object(Closure))
#51 /var/www/html/vendor/laravel/framework/src/Illuminate/Foundation/Http/Middleware/InvokeDeferredCallbacks.php(22): Illuminate\\Pipeline\\Pipeline->Illuminate\\Pipeline\\{closure}(Object(Illuminate\\Http\\Request))
#52 /var/www/html/vendor/laravel/framework/src/Illuminate/Pipeline/Pipeline.php(208): Illuminate\\Foundation\\Http\\Middleware\\InvokeDeferredCallbacks->handle(Object(Illuminate\\Http\\Request), Object(Closure))
#53 /var/www/html/vendor/laravel/framework/src/Illuminate/Http/Middleware/ValidatePathEncoding.php(26): Illuminate\\Pipeline\\Pipeline->Illuminate\\Pipeline\\{closure}(Object(Illuminate\\Http\\Request))
#54 /var/www/html/vendor/laravel/framework/src/Illuminate/Pipeline/Pipeline.php(208): Illuminate\\Http\\Middleware\\ValidatePathEncoding->handle(Object(Illuminate\\Http\\Request), Object(Closure))
#55 /var/www/html/vendor/laravel/framework/src/Illuminate/Pipeline/Pipeline.php(126): Illuminate\\Pipeline\\Pipeline->Illuminate\\Pipeline\\{closure}(Object(Illuminate\\Http\\Request))
#56 /var/www/html/vendor/laravel/framework/src/Illuminate/Foundation/Http/Kernel.php(175): Illuminate\\Pipeline\\Pipeline->then(Object(Closure))
#57 /var/www/html/vendor/laravel/framework/src/Illuminate/Foundation/Http/Kernel.php(144): Illuminate\\Foundation\\Http\\Kernel->sendRequestThroughRouter(Object(Illuminate\\Http\\Request))
#58 /var/www/html/vendor/laravel/framework/src/Illuminate/Foundation/Application.php(1219): Illuminate\\Foundation\\Http\\Kernel->handle(Object(Illuminate\\Http\\Request))
#59 /var/www/html/public/index.php(20): Illuminate\\Foundation\\Application->handleRequest(Object(Illuminate\\Http\\Request))
#60 {main}
"} 
[2025-05-10 09:20:27] local.ERROR: Unable to locate file in Vite manifest: resources/js/admindashboard.js. (View: /var/www/html/resources/views/admin/dashboard.blade.php) {"userId":2,"exception":"[object] (Illuminate\\View\\ViewException(code: 0): Unable to locate file in Vite manifest: resources/js/admindashboard.js. (View: /var/www/html/resources/views/admin/dashboard.blade.php) at /var/www/html/vendor/laravel/framework/src/Illuminate/Foundation/Vite.php:987)
[stacktrace]
#0 /var/www/html/vendor/laravel/framework/src/Illuminate/View/Engines/PhpEngine.php(59): Illuminate\\View\\Engines\\CompilerEngine->handleViewException(Object(Illuminate\\Foundation\\ViteException), 0)
#1 /var/www/html/vendor/laravel/framework/src/Illuminate/View/Engines/CompilerEngine.php(74): Illuminate\\View\\Engines\\PhpEngine->evaluatePath('/var/www/html/s...', Array)
#2 /var/www/html/vendor/laravel/framework/src/Illuminate/View/View.php(208): Illuminate\\View\\Engines\\CompilerEngine->get('/var/www/html/r...', Array)
#3 /var/www/html/vendor/laravel/framework/src/Illuminate/View/View.php(191): Illuminate\\View\\View->getContents()
#4 /var/www/html/vendor/laravel/framework/src/Illuminate/View/View.php(160): Illuminate\\View\\View->renderContents()
#5 /var/www/html/vendor/laravel/framework/src/Illuminate/Http/Response.php(78): Illuminate\\View\\View->render()
#6 /var/www/html/vendor/laravel/framework/src/Illuminate/Http/Response.php(34): Illuminate\\Http\\Response->setContent(Object(Illuminate\\View\\View))
#7 /var/www/html/vendor/laravel/framework/src/Illuminate/Routing/Router.php(924): Illuminate\\Http\\Response->__construct(Object(Illuminate\\View\\View), 200, Array)
#8 /var/www/html/vendor/laravel/framework/src/Illuminate/Routing/Router.php(891): Illuminate\\Routing\\Router::toResponse(Object(Illuminate\\Http\\Request), Object(Illuminate\\View\\View))
#9 /var/www/html/vendor/laravel/framework/src/Illuminate/Routing/Router.php(807): Illuminate\\Routing\\Router->prepareResponse(Object(Illuminate\\Http\\Request), Object(Illuminate\\View\\View))
#10 /var/www/html/vendor/laravel/framework/src/Illuminate/Pipeline/Pipeline.php(169): Illuminate\\Routing\\Router->Illuminate\\Routing\\{closure}(Object(Illuminate\\Http\\Request))
#11 /var/www/html/vendor/laravel/framework/src/Illuminate/Routing/Middleware/SubstituteBindings.php(50): Illuminate\\Pipeline\\Pipeline->Illuminate\\Pipeline\\{closure}(Object(Illuminate\\Http\\Request))
#12 /var/www/html/vendor/laravel/framework/src/Illuminate/Pipeline/Pipeline.php(208): Illuminate\\Routing\\Middleware\\SubstituteBindings->handle(Object(Illuminate\\Http\\Request), Object(Closure))
#13 /var/www/html/vendor/laravel/framework/src/Illuminate/Auth/Middleware/Authenticate.php(63): Illuminate\\Pipeline\\Pipeline->Illuminate\\Pipeline\\{closure}(Object(Illuminate\\Http\\Request))
#14 /var/www/html/vendor/laravel/framework/src/Illuminate/Pipeline/Pipeline.php(208): Illuminate\\Auth\\Middleware\\Authenticate->handle(Object(Illuminate\\Http\\Request), Object(Closure))
#15 /var/www/html/vendor/laravel/framework/src/Illuminate/Foundation/Http/Middleware/VerifyCsrfToken.php(87): Illuminate\\Pipeline\\Pipeline->Illuminate\\Pipeline\\{closure}(Object(Illuminate\\Http\\Request))
#16 /var/www/html/vendor/laravel/framework/src/Illuminate/Pipeline/Pipeline.php(208): Illuminate\\Foundation\\Http\\Middleware\\VerifyCsrfToken->handle(Object(Illuminate\\Http\\Request), Object(Closure))
#17 /var/www/html/vendor/laravel/framework/src/Illuminate/View/Middleware/ShareErrorsFromSession.php(48): Illuminate\\Pipeline\\Pipeline->Illuminate\\Pipeline\\{closure}(Object(Illuminate\\Http\\Request))
#18 /var/www/html/vendor/laravel/framework/src/Illuminate/Pipeline/Pipeline.php(208): Illuminate\\View\\Middleware\\ShareErrorsFromSession->handle(Object(Illuminate\\Http\\Request), Object(Closure))
#19 /var/www/html/vendor/laravel/framework/src/Illuminate/Session/Middleware/StartSession.php(120): Illuminate\\Pipeline\\Pipeline->Illuminate\\Pipeline\\{closure}(Object(Illuminate\\Http\\Request))
#20 /var/www/html/vendor/laravel/framework/src/Illuminate/Session/Middleware/StartSession.php(63): Illuminate\\Session\\Middleware\\StartSession->handleStatefulRequest(Object(Illuminate\\Http\\Request), Object(Illuminate\\Session\\Store), Object(Closure))
#21 /var/www/html/vendor/laravel/framework/src/Illuminate/Pipeline/Pipeline.php(208): Illuminate\\Session\\Middleware\\StartSession->handle(Object(Illuminate\\Http\\Request), Object(Closure))
#22 /var/www/html/vendor/laravel/framework/src/Illuminate/Cookie/Middleware/AddQueuedCookiesToResponse.php(36): Illuminate\\Pipeline\\Pipeline->Illuminate\\Pipeline\\{closure}(Object(Illuminate\\Http\\Request))
#23 /var/www/html/vendor/laravel/framework/src/Illuminate/Pipeline/Pipeline.php(208): Illuminate\\Cookie\\Middleware\\AddQueuedCookiesToResponse->handle(Object(Illuminate\\Http\\Request), Object(Closure))
#24 /var/www/html/vendor/laravel/framework/src/Illuminate/Cookie/Middleware/EncryptCookies.php(74): Illuminate\\Pipeline\\Pipeline->Illuminate\\Pipeline\\{closure}(Object(Illuminate\\Http\\Request))
#25 /var/www/html/vendor/laravel/framework/src/Illuminate/Pipeline/Pipeline.php(208): Illuminate\\Cookie\\Middleware\\EncryptCookies->handle(Object(Illuminate\\Http\\Request), Object(Closure))
#26 /var/www/html/vendor/laravel/framework/src/Illuminate/Pipeline/Pipeline.php(126): Illuminate\\Pipeline\\Pipeline->Illuminate\\Pipeline\\{closure}(Object(Illuminate\\Http\\Request))
#27 /var/www/html/vendor/laravel/framework/src/Illuminate/Routing/Router.php(807): Illuminate\\Pipeline\\Pipeline->then(Object(Closure))
#28 /var/www/html/vendor/laravel/framework/src/Illuminate/Routing/Router.php(786): Illuminate\\Routing\\Router->runRouteWithinStack(Object(Illuminate\\Routing\\Route), Object(Illuminate\\Http\\Request))
#29 /var/www/html/vendor/laravel/framework/src/Illuminate/Routing/Router.php(750): Illuminate\\Routing\\Router->runRoute(Object(Illuminate\\Http\\Request), Object(Illuminate\\Routing\\Route))
#30 /var/www/html/vendor/laravel/framework/src/Illuminate/Routing/Router.php(739): Illuminate\\Routing\\Router->dispatchToRoute(Object(Illuminate\\Http\\Request))
#31 /var/www/html/vendor/laravel/framework/src/Illuminate/Foundation/Http/Kernel.php(200): Illuminate\\Routing\\Router->dispatch(Object(Illuminate\\Http\\Request))
#32 /var/www/html/vendor/laravel/framework/src/Illuminate/Pipeline/Pipeline.php(169): Illuminate\\Foundation\\Http\\Kernel->Illuminate\\Foundation\\Http\\{closure}(Object(Illuminate\\Http\\Request))
#33 /var/www/html/vendor/laravel/framework/src/Illuminate/Foundation/Http/Middleware/TransformsRequest.php(21): Illuminate\\Pipeline\\Pipeline->Illuminate\\Pipeline\\{closure}(Object(Illuminate\\Http\\Request))
#34 /var/www/html/vendor/laravel/framework/src/Illuminate/Foundation/Http/Middleware/ConvertEmptyStringsToNull.php(31): Illuminate\\Foundation\\Http\\Middleware\\TransformsRequest->handle(Object(Illuminate\\Http\\Request), Object(Closure))
#35 /var/www/html/vendor/laravel/framework/src/Illuminate/Pipeline/Pipeline.php(208): Illuminate\\Foundation\\Http\\Middleware\\ConvertEmptyStringsToNull->handle(Object(Illuminate\\Http\\Request), Object(Closure))
#36 /var/www/html/vendor/laravel/framework/src/Illuminate/Foundation/Http/Middleware/TransformsRequest.php(21): Illuminate\\Pipeline\\Pipeline->Illuminate\\Pipeline\\{closure}(Object(Illuminate\\Http\\Request))
#37 /var/www/html/vendor/laravel/framework/src/Illuminate/Foundation/Http/Middleware/TrimStrings.php(51): Illuminate\\Foundation\\Http\\Middleware\\TransformsRequest->handle(Object(Illuminate\\Http\\Request), Object(Closure))
#38 /var/www/html/vendor/laravel/framework/src/Illuminate/Pipeline/Pipeline.php(208): Illuminate\\Foundation\\Http\\Middleware\\TrimStrings->handle(Object(Illuminate\\Http\\Request), Object(Closure))
#39 /var/www/html/vendor/laravel/framework/src/Illuminate/Http/Middleware/ValidatePostSize.php(27): Illuminate\\Pipeline\\Pipeline->Illuminate\\Pipeline\\{closure}(Object(Illuminate\\Http\\Request))
#40 /var/www/html/vendor/laravel/framework/src/Illuminate/Pipeline/Pipeline.php(208): Illuminate\\Http\\Middleware\\ValidatePostSize->handle(Object(Illuminate\\Http\\Request), Object(Closure))
#41 /var/www/html/vendor/laravel/framework/src/Illuminate/Foundation/Http/Middleware/PreventRequestsDuringMaintenance.php(109): Illuminate\\Pipeline\\Pipeline->Illuminate\\Pipeline\\{closure}(Object(Illuminate\\Http\\Request))
#42 /var/www/html/vendor/laravel/framework/src/Illuminate/Pipeline/Pipeline.php(208): Illuminate\\Foundation\\Http\\Middleware\\PreventRequestsDuringMaintenance->handle(Object(Illuminate\\Http\\Request), Object(Closure))
#43 /var/www/html/vendor/laravel/framework/src/Illuminate/Http/Middleware/HandleCors.php(48): Illuminate\\Pipeline\\Pipeline->Illuminate\\Pipeline\\{closure}(Object(Illuminate\\Http\\Request))
#44 /var/www/html/vendor/laravel/framework/src/Illuminate/Pipeline/Pipeline.php(208): Illuminate\\Http\\Middleware\\HandleCors->handle(Object(Illuminate\\Http\\Request), Object(Closure))
#45 /var/www/html/vendor/laravel/framework/src/Illuminate/Http/Middleware/TrustProxies.php(58): Illuminate\\Pipeline\\Pipeline->Illuminate\\Pipeline\\{closure}(Object(Illuminate\\Http\\Request))
#46 /var/www/html/vendor/laravel/framework/src/Illuminate/Pipeline/Pipeline.php(208): Illuminate\\Http\\Middleware\\TrustProxies->handle(Object(Illuminate\\Http\\Request), Object(Closure))
#47 /var/www/html/vendor/laravel/framework/src/Illuminate/Foundation/Http/Middleware/InvokeDeferredCallbacks.php(22): Illuminate\\Pipeline\\Pipeline->Illuminate\\Pipeline\\{closure}(Object(Illuminate\\Http\\Request))
#48 /var/www/html/vendor/laravel/framework/src/Illuminate/Pipeline/Pipeline.php(208): Illuminate\\Foundation\\Http\\Middleware\\InvokeDeferredCallbacks->handle(Object(Illuminate\\Http\\Request), Object(Closure))
#49 /var/www/html/vendor/laravel/framework/src/Illuminate/Http/Middleware/ValidatePathEncoding.php(26): Illuminate\\Pipeline\\Pipeline->Illuminate\\Pipeline\\{closure}(Object(Illuminate\\Http\\Request))
#50 /var/www/html/vendor/laravel/framework/src/Illuminate/Pipeline/Pipeline.php(208): Illuminate\\Http\\Middleware\\ValidatePathEncoding->handle(Object(Illuminate\\Http\\Request), Object(Closure))
#51 /var/www/html/vendor/laravel/framework/src/Illuminate/Pipeline/Pipeline.php(126): Illuminate\\Pipeline\\Pipeline->Illuminate\\Pipeline\\{closure}(Object(Illuminate\\Http\\Request))
#52 /var/www/html/vendor/laravel/framework/src/Illuminate/Foundation/Http/Kernel.php(175): Illuminate\\Pipeline\\Pipeline->then(Object(Closure))
#53 /var/www/html/vendor/laravel/framework/src/Illuminate/Foundation/Http/Kernel.php(144): Illuminate\\Foundation\\Http\\Kernel->sendRequestThroughRouter(Object(Illuminate\\Http\\Request))
#54 /var/www/html/vendor/laravel/framework/src/Illuminate/Foundation/Application.php(1219): Illuminate\\Foundation\\Http\\Kernel->handle(Object(Illuminate\\Http\\Request))
#55 /var/www/html/public/index.php(20): Illuminate\\Foundation\\Application->handleRequest(Object(Illuminate\\Http\\Request))
#56 {main}

[previous exception] [object] (Illuminate\\Foundation\\ViteException(code: 0): Unable to locate file in Vite manifest: resources/js/admindashboard.js. at /var/www/html/vendor/laravel/framework/src/Illuminate/Foundation/Vite.php:987)
[stacktrace]
#0 /var/www/html/vendor/laravel/framework/src/Illuminate/Foundation/Vite.php(390): Illuminate\\Foundation\\Vite->chunk(Array, 'resources/js/ad...')
#1 /var/www/html/storage/framework/views/de54b63ec3ab71aaa6d71eb783fbdb15.php(2): Illuminate\\Foundation\\Vite->__invoke(Object(Illuminate\\Support\\Collection))
#2 /var/www/html/vendor/laravel/framework/src/Illuminate/Filesystem/Filesystem.php(123): require('/var/www/html/s...')
#3 /var/www/html/vendor/laravel/framework/src/Illuminate/Filesystem/Filesystem.php(124): Illuminate\\Filesystem\\Filesystem::Illuminate\\Filesystem\\{closure}()
#4 /var/www/html/vendor/laravel/framework/src/Illuminate/View/Engines/PhpEngine.php(57): Illuminate\\Filesystem\\Filesystem->getRequire('/var/www/html/s...', Array)
#5 /var/www/html/vendor/laravel/framework/src/Illuminate/View/Engines/CompilerEngine.php(74): Illuminate\\View\\Engines\\PhpEngine->evaluatePath('/var/www/html/s...', Array)
#6 /var/www/html/vendor/laravel/framework/src/Illuminate/View/View.php(208): Illuminate\\View\\Engines\\CompilerEngine->get('/var/www/html/r...', Array)
#7 /var/www/html/vendor/laravel/framework/src/Illuminate/View/View.php(191): Illuminate\\View\\View->getContents()
#8 /var/www/html/vendor/laravel/framework/src/Illuminate/View/View.php(160): Illuminate\\View\\View->renderContents()
#9 /var/www/html/vendor/laravel/framework/src/Illuminate/Http/Response.php(78): Illuminate\\View\\View->render()
#10 /var/www/html/vendor/laravel/framework/src/Illuminate/Http/Response.php(34): Illuminate\\Http\\Response->setContent(Object(Illuminate\\View\\View))
#11 /var/www/html/vendor/laravel/framework/src/Illuminate/Routing/Router.php(924): Illuminate\\Http\\Response->__construct(Object(Illuminate\\View\\View), 200, Array)
#12 /var/www/html/vendor/laravel/framework/src/Illuminate/Routing/Router.php(891): Illuminate\\Routing\\Router::toResponse(Object(Illuminate\\Http\\Request), Object(Illuminate\\View\\View))
#13 /var/www/html/vendor/laravel/framework/src/Illuminate/Routing/Router.php(807): Illuminate\\Routing\\Router->prepareResponse(Object(Illuminate\\Http\\Request), Object(Illuminate\\View\\View))
#14 /var/www/html/vendor/laravel/framework/src/Illuminate/Pipeline/Pipeline.php(169): Illuminate\\Routing\\Router->Illuminate\\Routing\\{closure}(Object(Illuminate\\Http\\Request))
#15 /var/www/html/vendor/laravel/framework/src/Illuminate/Routing/Middleware/SubstituteBindings.php(50): Illuminate\\Pipeline\\Pipeline->Illuminate\\Pipeline\\{closure}(Object(Illuminate\\Http\\Request))
#16 /var/www/html/vendor/laravel/framework/src/Illuminate/Pipeline/Pipeline.php(208): Illuminate\\Routing\\Middleware\\SubstituteBindings->handle(Object(Illuminate\\Http\\Request), Object(Closure))
#17 /var/www/html/vendor/laravel/framework/src/Illuminate/Auth/Middleware/Authenticate.php(63): Illuminate\\Pipeline\\Pipeline->Illuminate\\Pipeline\\{closure}(Object(Illuminate\\Http\\Request))
#18 /var/www/html/vendor/laravel/framework/src/Illuminate/Pipeline/Pipeline.php(208): Illuminate\\Auth\\Middleware\\Authenticate->handle(Object(Illuminate\\Http\\Request), Object(Closure))
#19 /var/www/html/vendor/laravel/framework/src/Illuminate/Foundation/Http/Middleware/VerifyCsrfToken.php(87): Illuminate\\Pipeline\\Pipeline->Illuminate\\Pipeline\\{closure}(Object(Illuminate\\Http\\Request))
#20 /var/www/html/vendor/laravel/framework/src/Illuminate/Pipeline/Pipeline.php(208): Illuminate\\Foundation\\Http\\Middleware\\VerifyCsrfToken->handle(Object(Illuminate\\Http\\Request), Object(Closure))
#21 /var/www/html/vendor/laravel/framework/src/Illuminate/View/Middleware/ShareErrorsFromSession.php(48): Illuminate\\Pipeline\\Pipeline->Illuminate\\Pipeline\\{closure}(Object(Illuminate\\Http\\Request))
#22 /var/www/html/vendor/laravel/framework/src/Illuminate/Pipeline/Pipeline.php(208): Illuminate\\View\\Middleware\\ShareErrorsFromSession->handle(Object(Illuminate\\Http\\Request), Object(Closure))
#23 /var/www/html/vendor/laravel/framework/src/Illuminate/Session/Middleware/StartSession.php(120): Illuminate\\Pipeline\\Pipeline->Illuminate\\Pipeline\\{closure}(Object(Illuminate\\Http\\Request))
#24 /var/www/html/vendor/laravel/framework/src/Illuminate/Session/Middleware/StartSession.php(63): Illuminate\\Session\\Middleware\\StartSession->handleStatefulRequest(Object(Illuminate\\Http\\Request), Object(Illuminate\\Session\\Store), Object(Closure))
#25 /var/www/html/vendor/laravel/framework/src/Illuminate/Pipeline/Pipeline.php(208): Illuminate\\Session\\Middleware\\StartSession->handle(Object(Illuminate\\Http\\Request), Object(Closure))
#26 /var/www/html/vendor/laravel/framework/src/Illuminate/Cookie/Middleware/AddQueuedCookiesToResponse.php(36): Illuminate\\Pipeline\\Pipeline->Illuminate\\Pipeline\\{closure}(Object(Illuminate\\Http\\Request))
#27 /var/www/html/vendor/laravel/framework/src/Illuminate/Pipeline/Pipeline.php(208): Illuminate\\Cookie\\Middleware\\AddQueuedCookiesToResponse->handle(Object(Illuminate\\Http\\Request), Object(Closure))
#28 /var/www/html/vendor/laravel/framework/src/Illuminate/Cookie/Middleware/EncryptCookies.php(74): Illuminate\\Pipeline\\Pipeline->Illuminate\\Pipeline\\{closure}(Object(Illuminate\\Http\\Request))
#29 /var/www/html/vendor/laravel/framework/src/Illuminate/Pipeline/Pipeline.php(208): Illuminate\\Cookie\\Middleware\\EncryptCookies->handle(Object(Illuminate\\Http\\Request), Object(Closure))
#30 /var/www/html/vendor/laravel/framework/src/Illuminate/Pipeline/Pipeline.php(126): Illuminate\\Pipeline\\Pipeline->Illuminate\\Pipeline\\{closure}(Object(Illuminate\\Http\\Request))
#31 /var/www/html/vendor/laravel/framework/src/Illuminate/Routing/Router.php(807): Illuminate\\Pipeline\\Pipeline->then(Object(Closure))
#32 /var/www/html/vendor/laravel/framework/src/Illuminate/Routing/Router.php(786): Illuminate\\Routing\\Router->runRouteWithinStack(Object(Illuminate\\Routing\\Route), Object(Illuminate\\Http\\Request))
#33 /var/www/html/vendor/laravel/framework/src/Illuminate/Routing/Router.php(750): Illuminate\\Routing\\Router->runRoute(Object(Illuminate\\Http\\Request), Object(Illuminate\\Routing\\Route))
#34 /var/www/html/vendor/laravel/framework/src/Illuminate/Routing/Router.php(739): Illuminate\\Routing\\Router->dispatchToRoute(Object(Illuminate\\Http\\Request))
#35 /var/www/html/vendor/laravel/framework/src/Illuminate/Foundation/Http/Kernel.php(200): Illuminate\\Routing\\Router->dispatch(Object(Illuminate\\Http\\Request))
#36 /var/www/html/vendor/laravel/framework/src/Illuminate/Pipeline/Pipeline.php(169): Illuminate\\Foundation\\Http\\Kernel->Illuminate\\Foundation\\Http\\{closure}(Object(Illuminate\\Http\\Request))
#37 /var/www/html/vendor/laravel/framework/src/Illuminate/Foundation/Http/Middleware/TransformsRequest.php(21): Illuminate\\Pipeline\\Pipeline->Illuminate\\Pipeline\\{closure}(Object(Illuminate\\Http\\Request))
#38 /var/www/html/vendor/laravel/framework/src/Illuminate/Foundation/Http/Middleware/ConvertEmptyStringsToNull.php(31): Illuminate\\Foundation\\Http\\Middleware\\TransformsRequest->handle(Object(Illuminate\\Http\\Request), Object(Closure))
#39 /var/www/html/vendor/laravel/framework/src/Illuminate/Pipeline/Pipeline.php(208): Illuminate\\Foundation\\Http\\Middleware\\ConvertEmptyStringsToNull->handle(Object(Illuminate\\Http\\Request), Object(Closure))
#40 /var/www/html/vendor/laravel/framework/src/Illuminate/Foundation/Http/Middleware/TransformsRequest.php(21): Illuminate\\Pipeline\\Pipeline->Illuminate\\Pipeline\\{closure}(Object(Illuminate\\Http\\Request))
#41 /var/www/html/vendor/laravel/framework/src/Illuminate/Foundation/Http/Middleware/TrimStrings.php(51): Illuminate\\Foundation\\Http\\Middleware\\TransformsRequest->handle(Object(Illuminate\\Http\\Request), Object(Closure))
#42 /var/www/html/vendor/laravel/framework/src/Illuminate/Pipeline/Pipeline.php(208): Illuminate\\Foundation\\Http\\Middleware\\TrimStrings->handle(Object(Illuminate\\Http\\Request), Object(Closure))
#43 /var/www/html/vendor/laravel/framework/src/Illuminate/Http/Middleware/ValidatePostSize.php(27): Illuminate\\Pipeline\\Pipeline->Illuminate\\Pipeline\\{closure}(Object(Illuminate\\Http\\Request))
#44 /var/www/html/vendor/laravel/framework/src/Illuminate/Pipeline/Pipeline.php(208): Illuminate\\Http\\Middleware\\ValidatePostSize->handle(Object(Illuminate\\Http\\Request), Object(Closure))
#45 /var/www/html/vendor/laravel/framework/src/Illuminate/Foundation/Http/Middleware/PreventRequestsDuringMaintenance.php(109): Illuminate\\Pipeline\\Pipeline->Illuminate\\Pipeline\\{closure}(Object(Illuminate\\Http\\Request))
#46 /var/www/html/vendor/laravel/framework/src/Illuminate/Pipeline/Pipeline.php(208): Illuminate\\Foundation\\Http\\Middleware\\PreventRequestsDuringMaintenance->handle(Object(Illuminate\\Http\\Request), Object(Closure))
#47 /var/www/html/vendor/laravel/framework/src/Illuminate/Http/Middleware/HandleCors.php(48): Illuminate\\Pipeline\\Pipeline->Illuminate\\Pipeline\\{closure}(Object(Illuminate\\Http\\Request))
#48 /var/www/html/vendor/laravel/framework/src/Illuminate/Pipeline/Pipeline.php(208): Illuminate\\Http\\Middleware\\HandleCors->handle(Object(Illuminate\\Http\\Request), Object(Closure))
#49 /var/www/html/vendor/laravel/framework/src/Illuminate/Http/Middleware/TrustProxies.php(58): Illuminate\\Pipeline\\Pipeline->Illuminate\\Pipeline\\{closure}(Object(Illuminate\\Http\\Request))
#50 /var/www/html/vendor/laravel/framework/src/Illuminate/Pipeline/Pipeline.php(208): Illuminate\\Http\\Middleware\\TrustProxies->handle(Object(Illuminate\\Http\\Request), Object(Closure))
#51 /var/www/html/vendor/laravel/framework/src/Illuminate/Foundation/Http/Middleware/InvokeDeferredCallbacks.php(22): Illuminate\\Pipeline\\Pipeline->Illuminate\\Pipeline\\{closure}(Object(Illuminate\\Http\\Request))
#52 /var/www/html/vendor/laravel/framework/src/Illuminate/Pipeline/Pipeline.php(208): Illuminate\\Foundation\\Http\\Middleware\\InvokeDeferredCallbacks->handle(Object(Illuminate\\Http\\Request), Object(Closure))
#53 /var/www/html/vendor/laravel/framework/src/Illuminate/Http/Middleware/ValidatePathEncoding.php(26): Illuminate\\Pipeline\\Pipeline->Illuminate\\Pipeline\\{closure}(Object(Illuminate\\Http\\Request))
#54 /var/www/html/vendor/laravel/framework/src/Illuminate/Pipeline/Pipeline.php(208): Illuminate\\Http\\Middleware\\ValidatePathEncoding->handle(Object(Illuminate\\Http\\Request), Object(Closure))
#55 /var/www/html/vendor/laravel/framework/src/Illuminate/Pipeline/Pipeline.php(126): Illuminate\\Pipeline\\Pipeline->Illuminate\\Pipeline\\{closure}(Object(Illuminate\\Http\\Request))
#56 /var/www/html/vendor/laravel/framework/src/Illuminate/Foundation/Http/Kernel.php(175): Illuminate\\Pipeline\\Pipeline->then(Object(Closure))
#57 /var/www/html/vendor/laravel/framework/src/Illuminate/Foundation/Http/Kernel.php(144): Illuminate\\Foundation\\Http\\Kernel->sendRequestThroughRouter(Object(Illuminate\\Http\\Request))
#58 /var/www/html/vendor/laravel/framework/src/Illuminate/Foundation/Application.php(1219): Illuminate\\Foundation\\Http\\Kernel->handle(Object(Illuminate\\Http\\Request))
#59 /var/www/html/public/index.php(20): Illuminate\\Foundation\\Application->handleRequest(Object(Illuminate\\Http\\Request))
#60 {main}
"} 
[2025-05-10 09:38:47] local.ERROR: Unable to locate file in Vite manifest: resources/js/admindashboard.js. (View: /var/www/html/resources/views/admin/dashboard.blade.php) {"userId":2,"exception":"[object] (Illuminate\\View\\ViewException(code: 0): Unable to locate file in Vite manifest: resources/js/admindashboard.js. (View: /var/www/html/resources/views/admin/dashboard.blade.php) at /var/www/html/vendor/laravel/framework/src/Illuminate/Foundation/Vite.php:987)
[stacktrace]
#0 /var/www/html/vendor/laravel/framework/src/Illuminate/View/Engines/PhpEngine.php(59): Illuminate\\View\\Engines\\CompilerEngine->handleViewException(Object(Illuminate\\Foundation\\ViteException), 0)
#1 /var/www/html/vendor/laravel/framework/src/Illuminate/View/Engines/CompilerEngine.php(74): Illuminate\\View\\Engines\\PhpEngine->evaluatePath('/var/www/html/s...', Array)
#2 /var/www/html/vendor/laravel/framework/src/Illuminate/View/View.php(208): Illuminate\\View\\Engines\\CompilerEngine->get('/var/www/html/r...', Array)
#3 /var/www/html/vendor/laravel/framework/src/Illuminate/View/View.php(191): Illuminate\\View\\View->getContents()
#4 /var/www/html/vendor/laravel/framework/src/Illuminate/View/View.php(160): Illuminate\\View\\View->renderContents()
#5 /var/www/html/vendor/laravel/framework/src/Illuminate/Http/Response.php(78): Illuminate\\View\\View->render()
#6 /var/www/html/vendor/laravel/framework/src/Illuminate/Http/Response.php(34): Illuminate\\Http\\Response->setContent(Object(Illuminate\\View\\View))
#7 /var/www/html/vendor/laravel/framework/src/Illuminate/Routing/Router.php(924): Illuminate\\Http\\Response->__construct(Object(Illuminate\\View\\View), 200, Array)
#8 /var/www/html/vendor/laravel/framework/src/Illuminate/Routing/Router.php(891): Illuminate\\Routing\\Router::toResponse(Object(Illuminate\\Http\\Request), Object(Illuminate\\View\\View))
#9 /var/www/html/vendor/laravel/framework/src/Illuminate/Routing/Router.php(807): Illuminate\\Routing\\Router->prepareResponse(Object(Illuminate\\Http\\Request), Object(Illuminate\\View\\View))
#10 /var/www/html/vendor/laravel/framework/src/Illuminate/Pipeline/Pipeline.php(169): Illuminate\\Routing\\Router->Illuminate\\Routing\\{closure}(Object(Illuminate\\Http\\Request))
#11 /var/www/html/vendor/laravel/framework/src/Illuminate/Routing/Middleware/SubstituteBindings.php(50): Illuminate\\Pipeline\\Pipeline->Illuminate\\Pipeline\\{closure}(Object(Illuminate\\Http\\Request))
#12 /var/www/html/vendor/laravel/framework/src/Illuminate/Pipeline/Pipeline.php(208): Illuminate\\Routing\\Middleware\\SubstituteBindings->handle(Object(Illuminate\\Http\\Request), Object(Closure))
#13 /var/www/html/vendor/laravel/framework/src/Illuminate/Auth/Middleware/Authenticate.php(63): Illuminate\\Pipeline\\Pipeline->Illuminate\\Pipeline\\{closure}(Object(Illuminate\\Http\\Request))
#14 /var/www/html/vendor/laravel/framework/src/Illuminate/Pipeline/Pipeline.php(208): Illuminate\\Auth\\Middleware\\Authenticate->handle(Object(Illuminate\\Http\\Request), Object(Closure))
#15 /var/www/html/vendor/laravel/framework/src/Illuminate/Foundation/Http/Middleware/VerifyCsrfToken.php(87): Illuminate\\Pipeline\\Pipeline->Illuminate\\Pipeline\\{closure}(Object(Illuminate\\Http\\Request))
#16 /var/www/html/vendor/laravel/framework/src/Illuminate/Pipeline/Pipeline.php(208): Illuminate\\Foundation\\Http\\Middleware\\VerifyCsrfToken->handle(Object(Illuminate\\Http\\Request), Object(Closure))
#17 /var/www/html/vendor/laravel/framework/src/Illuminate/View/Middleware/ShareErrorsFromSession.php(48): Illuminate\\Pipeline\\Pipeline->Illuminate\\Pipeline\\{closure}(Object(Illuminate\\Http\\Request))
#18 /var/www/html/vendor/laravel/framework/src/Illuminate/Pipeline/Pipeline.php(208): Illuminate\\View\\Middleware\\ShareErrorsFromSession->handle(Object(Illuminate\\Http\\Request), Object(Closure))
#19 /var/www/html/vendor/laravel/framework/src/Illuminate/Session/Middleware/StartSession.php(120): Illuminate\\Pipeline\\Pipeline->Illuminate\\Pipeline\\{closure}(Object(Illuminate\\Http\\Request))
#20 /var/www/html/vendor/laravel/framework/src/Illuminate/Session/Middleware/StartSession.php(63): Illuminate\\Session\\Middleware\\StartSession->handleStatefulRequest(Object(Illuminate\\Http\\Request), Object(Illuminate\\Session\\Store), Object(Closure))
#21 /var/www/html/vendor/laravel/framework/src/Illuminate/Pipeline/Pipeline.php(208): Illuminate\\Session\\Middleware\\StartSession->handle(Object(Illuminate\\Http\\Request), Object(Closure))
#22 /var/www/html/vendor/laravel/framework/src/Illuminate/Cookie/Middleware/AddQueuedCookiesToResponse.php(36): Illuminate\\Pipeline\\Pipeline->Illuminate\\Pipeline\\{closure}(Object(Illuminate\\Http\\Request))
#23 /var/www/html/vendor/laravel/framework/src/Illuminate/Pipeline/Pipeline.php(208): Illuminate\\Cookie\\Middleware\\AddQueuedCookiesToResponse->handle(Object(Illuminate\\Http\\Request), Object(Closure))
#24 /var/www/html/vendor/laravel/framework/src/Illuminate/Cookie/Middleware/EncryptCookies.php(74): Illuminate\\Pipeline\\Pipeline->Illuminate\\Pipeline\\{closure}(Object(Illuminate\\Http\\Request))
#25 /var/www/html/vendor/laravel/framework/src/Illuminate/Pipeline/Pipeline.php(208): Illuminate\\Cookie\\Middleware\\EncryptCookies->handle(Object(Illuminate\\Http\\Request), Object(Closure))
#26 /var/www/html/vendor/laravel/framework/src/Illuminate/Pipeline/Pipeline.php(126): Illuminate\\Pipeline\\Pipeline->Illuminate\\Pipeline\\{closure}(Object(Illuminate\\Http\\Request))
#27 /var/www/html/vendor/laravel/framework/src/Illuminate/Routing/Router.php(807): Illuminate\\Pipeline\\Pipeline->then(Object(Closure))
#28 /var/www/html/vendor/laravel/framework/src/Illuminate/Routing/Router.php(786): Illuminate\\Routing\\Router->runRouteWithinStack(Object(Illuminate\\Routing\\Route), Object(Illuminate\\Http\\Request))
#29 /var/www/html/vendor/laravel/framework/src/Illuminate/Routing/Router.php(750): Illuminate\\Routing\\Router->runRoute(Object(Illuminate\\Http\\Request), Object(Illuminate\\Routing\\Route))
#30 /var/www/html/vendor/laravel/framework/src/Illuminate/Routing/Router.php(739): Illuminate\\Routing\\Router->dispatchToRoute(Object(Illuminate\\Http\\Request))
#31 /var/www/html/vendor/laravel/framework/src/Illuminate/Foundation/Http/Kernel.php(200): Illuminate\\Routing\\Router->dispatch(Object(Illuminate\\Http\\Request))
#32 /var/www/html/vendor/laravel/framework/src/Illuminate/Pipeline/Pipeline.php(169): Illuminate\\Foundation\\Http\\Kernel->Illuminate\\Foundation\\Http\\{closure}(Object(Illuminate\\Http\\Request))
#33 /var/www/html/vendor/laravel/framework/src/Illuminate/Foundation/Http/Middleware/TransformsRequest.php(21): Illuminate\\Pipeline\\Pipeline->Illuminate\\Pipeline\\{closure}(Object(Illuminate\\Http\\Request))
#34 /var/www/html/vendor/laravel/framework/src/Illuminate/Foundation/Http/Middleware/ConvertEmptyStringsToNull.php(31): Illuminate\\Foundation\\Http\\Middleware\\TransformsRequest->handle(Object(Illuminate\\Http\\Request), Object(Closure))
#35 /var/www/html/vendor/laravel/framework/src/Illuminate/Pipeline/Pipeline.php(208): Illuminate\\Foundation\\Http\\Middleware\\ConvertEmptyStringsToNull->handle(Object(Illuminate\\Http\\Request), Object(Closure))
#36 /var/www/html/vendor/laravel/framework/src/Illuminate/Foundation/Http/Middleware/TransformsRequest.php(21): Illuminate\\Pipeline\\Pipeline->Illuminate\\Pipeline\\{closure}(Object(Illuminate\\Http\\Request))
#37 /var/www/html/vendor/laravel/framework/src/Illuminate/Foundation/Http/Middleware/TrimStrings.php(51): Illuminate\\Foundation\\Http\\Middleware\\TransformsRequest->handle(Object(Illuminate\\Http\\Request), Object(Closure))
#38 /var/www/html/vendor/laravel/framework/src/Illuminate/Pipeline/Pipeline.php(208): Illuminate\\Foundation\\Http\\Middleware\\TrimStrings->handle(Object(Illuminate\\Http\\Request), Object(Closure))
#39 /var/www/html/vendor/laravel/framework/src/Illuminate/Http/Middleware/ValidatePostSize.php(27): Illuminate\\Pipeline\\Pipeline->Illuminate\\Pipeline\\{closure}(Object(Illuminate\\Http\\Request))
#40 /var/www/html/vendor/laravel/framework/src/Illuminate/Pipeline/Pipeline.php(208): Illuminate\\Http\\Middleware\\ValidatePostSize->handle(Object(Illuminate\\Http\\Request), Object(Closure))
#41 /var/www/html/vendor/laravel/framework/src/Illuminate/Foundation/Http/Middleware/PreventRequestsDuringMaintenance.php(109): Illuminate\\Pipeline\\Pipeline->Illuminate\\Pipeline\\{closure}(Object(Illuminate\\Http\\Request))
#42 /var/www/html/vendor/laravel/framework/src/Illuminate/Pipeline/Pipeline.php(208): Illuminate\\Foundation\\Http\\Middleware\\PreventRequestsDuringMaintenance->handle(Object(Illuminate\\Http\\Request), Object(Closure))
#43 /var/www/html/vendor/laravel/framework/src/Illuminate/Http/Middleware/HandleCors.php(48): Illuminate\\Pipeline\\Pipeline->Illuminate\\Pipeline\\{closure}(Object(Illuminate\\Http\\Request))
#44 /var/www/html/vendor/laravel/framework/src/Illuminate/Pipeline/Pipeline.php(208): Illuminate\\Http\\Middleware\\HandleCors->handle(Object(Illuminate\\Http\\Request), Object(Closure))
#45 /var/www/html/vendor/laravel/framework/src/Illuminate/Http/Middleware/TrustProxies.php(58): Illuminate\\Pipeline\\Pipeline->Illuminate\\Pipeline\\{closure}(Object(Illuminate\\Http\\Request))
#46 /var/www/html/vendor/laravel/framework/src/Illuminate/Pipeline/Pipeline.php(208): Illuminate\\Http\\Middleware\\TrustProxies->handle(Object(Illuminate\\Http\\Request), Object(Closure))
#47 /var/www/html/vendor/laravel/framework/src/Illuminate/Foundation/Http/Middleware/InvokeDeferredCallbacks.php(22): Illuminate\\Pipeline\\Pipeline->Illuminate\\Pipeline\\{closure}(Object(Illuminate\\Http\\Request))
#48 /var/www/html/vendor/laravel/framework/src/Illuminate/Pipeline/Pipeline.php(208): Illuminate\\Foundation\\Http\\Middleware\\InvokeDeferredCallbacks->handle(Object(Illuminate\\Http\\Request), Object(Closure))
#49 /var/www/html/vendor/laravel/framework/src/Illuminate/Http/Middleware/ValidatePathEncoding.php(26): Illuminate\\Pipeline\\Pipeline->Illuminate\\Pipeline\\{closure}(Object(Illuminate\\Http\\Request))
#50 /var/www/html/vendor/laravel/framework/src/Illuminate/Pipeline/Pipeline.php(208): Illuminate\\Http\\Middleware\\ValidatePathEncoding->handle(Object(Illuminate\\Http\\Request), Object(Closure))
#51 /var/www/html/vendor/laravel/framework/src/Illuminate/Pipeline/Pipeline.php(126): Illuminate\\Pipeline\\Pipeline->Illuminate\\Pipeline\\{closure}(Object(Illuminate\\Http\\Request))
#52 /var/www/html/vendor/laravel/framework/src/Illuminate/Foundation/Http/Kernel.php(175): Illuminate\\Pipeline\\Pipeline->then(Object(Closure))
#53 /var/www/html/vendor/laravel/framework/src/Illuminate/Foundation/Http/Kernel.php(144): Illuminate\\Foundation\\Http\\Kernel->sendRequestThroughRouter(Object(Illuminate\\Http\\Request))
#54 /var/www/html/vendor/laravel/framework/src/Illuminate/Foundation/Application.php(1219): Illuminate\\Foundation\\Http\\Kernel->handle(Object(Illuminate\\Http\\Request))
#55 /var/www/html/public/index.php(20): Illuminate\\Foundation\\Application->handleRequest(Object(Illuminate\\Http\\Request))
#56 {main}

[previous exception] [object] (Illuminate\\Foundation\\ViteException(code: 0): Unable to locate file in Vite manifest: resources/js/admindashboard.js. at /var/www/html/vendor/laravel/framework/src/Illuminate/Foundation/Vite.php:987)
[stacktrace]
#0 /var/www/html/vendor/laravel/framework/src/Illuminate/Foundation/Vite.php(390): Illuminate\\Foundation\\Vite->chunk(Array, 'resources/js/ad...')
#1 /var/www/html/storage/framework/views/de54b63ec3ab71aaa6d71eb783fbdb15.php(2): Illuminate\\Foundation\\Vite->__invoke(Object(Illuminate\\Support\\Collection))
#2 /var/www/html/vendor/laravel/framework/src/Illuminate/Filesystem/Filesystem.php(123): require('/var/www/html/s...')
#3 /var/www/html/vendor/laravel/framework/src/Illuminate/Filesystem/Filesystem.php(124): Illuminate\\Filesystem\\Filesystem::Illuminate\\Filesystem\\{closure}()
#4 /var/www/html/vendor/laravel/framework/src/Illuminate/View/Engines/PhpEngine.php(57): Illuminate\\Filesystem\\Filesystem->getRequire('/var/www/html/s...', Array)
#5 /var/www/html/vendor/laravel/framework/src/Illuminate/View/Engines/CompilerEngine.php(74): Illuminate\\View\\Engines\\PhpEngine->evaluatePath('/var/www/html/s...', Array)
#6 /var/www/html/vendor/laravel/framework/src/Illuminate/View/View.php(208): Illuminate\\View\\Engines\\CompilerEngine->get('/var/www/html/r...', Array)
#7 /var/www/html/vendor/laravel/framework/src/Illuminate/View/View.php(191): Illuminate\\View\\View->getContents()
#8 /var/www/html/vendor/laravel/framework/src/Illuminate/View/View.php(160): Illuminate\\View\\View->renderContents()
#9 /var/www/html/vendor/laravel/framework/src/Illuminate/Http/Response.php(78): Illuminate\\View\\View->render()
#10 /var/www/html/vendor/laravel/framework/src/Illuminate/Http/Response.php(34): Illuminate\\Http\\Response->setContent(Object(Illuminate\\View\\View))
#11 /var/www/html/vendor/laravel/framework/src/Illuminate/Routing/Router.php(924): Illuminate\\Http\\Response->__construct(Object(Illuminate\\View\\View), 200, Array)
#12 /var/www/html/vendor/laravel/framework/src/Illuminate/Routing/Router.php(891): Illuminate\\Routing\\Router::toResponse(Object(Illuminate\\Http\\Request), Object(Illuminate\\View\\View))
#13 /var/www/html/vendor/laravel/framework/src/Illuminate/Routing/Router.php(807): Illuminate\\Routing\\Router->prepareResponse(Object(Illuminate\\Http\\Request), Object(Illuminate\\View\\View))
#14 /var/www/html/vendor/laravel/framework/src/Illuminate/Pipeline/Pipeline.php(169): Illuminate\\Routing\\Router->Illuminate\\Routing\\{closure}(Object(Illuminate\\Http\\Request))
#15 /var/www/html/vendor/laravel/framework/src/Illuminate/Routing/Middleware/SubstituteBindings.php(50): Illuminate\\Pipeline\\Pipeline->Illuminate\\Pipeline\\{closure}(Object(Illuminate\\Http\\Request))
#16 /var/www/html/vendor/laravel/framework/src/Illuminate/Pipeline/Pipeline.php(208): Illuminate\\Routing\\Middleware\\SubstituteBindings->handle(Object(Illuminate\\Http\\Request), Object(Closure))
#17 /var/www/html/vendor/laravel/framework/src/Illuminate/Auth/Middleware/Authenticate.php(63): Illuminate\\Pipeline\\Pipeline->Illuminate\\Pipeline\\{closure}(Object(Illuminate\\Http\\Request))
#18 /var/www/html/vendor/laravel/framework/src/Illuminate/Pipeline/Pipeline.php(208): Illuminate\\Auth\\Middleware\\Authenticate->handle(Object(Illuminate\\Http\\Request), Object(Closure))
#19 /var/www/html/vendor/laravel/framework/src/Illuminate/Foundation/Http/Middleware/VerifyCsrfToken.php(87): Illuminate\\Pipeline\\Pipeline->Illuminate\\Pipeline\\{closure}(Object(Illuminate\\Http\\Request))
#20 /var/www/html/vendor/laravel/framework/src/Illuminate/Pipeline/Pipeline.php(208): Illuminate\\Foundation\\Http\\Middleware\\VerifyCsrfToken->handle(Object(Illuminate\\Http\\Request), Object(Closure))
#21 /var/www/html/vendor/laravel/framework/src/Illuminate/View/Middleware/ShareErrorsFromSession.php(48): Illuminate\\Pipeline\\Pipeline->Illuminate\\Pipeline\\{closure}(Object(Illuminate\\Http\\Request))
#22 /var/www/html/vendor/laravel/framework/src/Illuminate/Pipeline/Pipeline.php(208): Illuminate\\View\\Middleware\\ShareErrorsFromSession->handle(Object(Illuminate\\Http\\Request), Object(Closure))
#23 /var/www/html/vendor/laravel/framework/src/Illuminate/Session/Middleware/StartSession.php(120): Illuminate\\Pipeline\\Pipeline->Illuminate\\Pipeline\\{closure}(Object(Illuminate\\Http\\Request))
#24 /var/www/html/vendor/laravel/framework/src/Illuminate/Session/Middleware/StartSession.php(63): Illuminate\\Session\\Middleware\\StartSession->handleStatefulRequest(Object(Illuminate\\Http\\Request), Object(Illuminate\\Session\\Store), Object(Closure))
#25 /var/www/html/vendor/laravel/framework/src/Illuminate/Pipeline/Pipeline.php(208): Illuminate\\Session\\Middleware\\StartSession->handle(Object(Illuminate\\Http\\Request), Object(Closure))
#26 /var/www/html/vendor/laravel/framework/src/Illuminate/Cookie/Middleware/AddQueuedCookiesToResponse.php(36): Illuminate\\Pipeline\\Pipeline->Illuminate\\Pipeline\\{closure}(Object(Illuminate\\Http\\Request))
#27 /var/www/html/vendor/laravel/framework/src/Illuminate/Pipeline/Pipeline.php(208): Illuminate\\Cookie\\Middleware\\AddQueuedCookiesToResponse->handle(Object(Illuminate\\Http\\Request), Object(Closure))
#28 /var/www/html/vendor/laravel/framework/src/Illuminate/Cookie/Middleware/EncryptCookies.php(74): Illuminate\\Pipeline\\Pipeline->Illuminate\\Pipeline\\{closure}(Object(Illuminate\\Http\\Request))
#29 /var/www/html/vendor/laravel/framework/src/Illuminate/Pipeline/Pipeline.php(208): Illuminate\\Cookie\\Middleware\\EncryptCookies->handle(Object(Illuminate\\Http\\Request), Object(Closure))
#30 /var/www/html/vendor/laravel/framework/src/Illuminate/Pipeline/Pipeline.php(126): Illuminate\\Pipeline\\Pipeline->Illuminate\\Pipeline\\{closure}(Object(Illuminate\\Http\\Request))
#31 /var/www/html/vendor/laravel/framework/src/Illuminate/Routing/Router.php(807): Illuminate\\Pipeline\\Pipeline->then(Object(Closure))
#32 /var/www/html/vendor/laravel/framework/src/Illuminate/Routing/Router.php(786): Illuminate\\Routing\\Router->runRouteWithinStack(Object(Illuminate\\Routing\\Route), Object(Illuminate\\Http\\Request))
#33 /var/www/html/vendor/laravel/framework/src/Illuminate/Routing/Router.php(750): Illuminate\\Routing\\Router->runRoute(Object(Illuminate\\Http\\Request), Object(Illuminate\\Routing\\Route))
#34 /var/www/html/vendor/laravel/framework/src/Illuminate/Routing/Router.php(739): Illuminate\\Routing\\Router->dispatchToRoute(Object(Illuminate\\Http\\Request))
#35 /var/www/html/vendor/laravel/framework/src/Illuminate/Foundation/Http/Kernel.php(200): Illuminate\\Routing\\Router->dispatch(Object(Illuminate\\Http\\Request))
#36 /var/www/html/vendor/laravel/framework/src/Illuminate/Pipeline/Pipeline.php(169): Illuminate\\Foundation\\Http\\Kernel->Illuminate\\Foundation\\Http\\{closure}(Object(Illuminate\\Http\\Request))
#37 /var/www/html/vendor/laravel/framework/src/Illuminate/Foundation/Http/Middleware/TransformsRequest.php(21): Illuminate\\Pipeline\\Pipeline->Illuminate\\Pipeline\\{closure}(Object(Illuminate\\Http\\Request))
#38 /var/www/html/vendor/laravel/framework/src/Illuminate/Foundation/Http/Middleware/ConvertEmptyStringsToNull.php(31): Illuminate\\Foundation\\Http\\Middleware\\TransformsRequest->handle(Object(Illuminate\\Http\\Request), Object(Closure))
#39 /var/www/html/vendor/laravel/framework/src/Illuminate/Pipeline/Pipeline.php(208): Illuminate\\Foundation\\Http\\Middleware\\ConvertEmptyStringsToNull->handle(Object(Illuminate\\Http\\Request), Object(Closure))
#40 /var/www/html/vendor/laravel/framework/src/Illuminate/Foundation/Http/Middleware/TransformsRequest.php(21): Illuminate\\Pipeline\\Pipeline->Illuminate\\Pipeline\\{closure}(Object(Illuminate\\Http\\Request))
#41 /var/www/html/vendor/laravel/framework/src/Illuminate/Foundation/Http/Middleware/TrimStrings.php(51): Illuminate\\Foundation\\Http\\Middleware\\TransformsRequest->handle(Object(Illuminate\\Http\\Request), Object(Closure))
#42 /var/www/html/vendor/laravel/framework/src/Illuminate/Pipeline/Pipeline.php(208): Illuminate\\Foundation\\Http\\Middleware\\TrimStrings->handle(Object(Illuminate\\Http\\Request), Object(Closure))
#43 /var/www/html/vendor/laravel/framework/src/Illuminate/Http/Middleware/ValidatePostSize.php(27): Illuminate\\Pipeline\\Pipeline->Illuminate\\Pipeline\\{closure}(Object(Illuminate\\Http\\Request))
#44 /var/www/html/vendor/laravel/framework/src/Illuminate/Pipeline/Pipeline.php(208): Illuminate\\Http\\Middleware\\ValidatePostSize->handle(Object(Illuminate\\Http\\Request), Object(Closure))
#45 /var/www/html/vendor/laravel/framework/src/Illuminate/Foundation/Http/Middleware/PreventRequestsDuringMaintenance.php(109): Illuminate\\Pipeline\\Pipeline->Illuminate\\Pipeline\\{closure}(Object(Illuminate\\Http\\Request))
#46 /var/www/html/vendor/laravel/framework/src/Illuminate/Pipeline/Pipeline.php(208): Illuminate\\Foundation\\Http\\Middleware\\PreventRequestsDuringMaintenance->handle(Object(Illuminate\\Http\\Request), Object(Closure))
#47 /var/www/html/vendor/laravel/framework/src/Illuminate/Http/Middleware/HandleCors.php(48): Illuminate\\Pipeline\\Pipeline->Illuminate\\Pipeline\\{closure}(Object(Illuminate\\Http\\Request))
#48 /var/www/html/vendor/laravel/framework/src/Illuminate/Pipeline/Pipeline.php(208): Illuminate\\Http\\Middleware\\HandleCors->handle(Object(Illuminate\\Http\\Request), Object(Closure))
#49 /var/www/html/vendor/laravel/framework/src/Illuminate/Http/Middleware/TrustProxies.php(58): Illuminate\\Pipeline\\Pipeline->Illuminate\\Pipeline\\{closure}(Object(Illuminate\\Http\\Request))
#50 /var/www/html/vendor/laravel/framework/src/Illuminate/Pipeline/Pipeline.php(208): Illuminate\\Http\\Middleware\\TrustProxies->handle(Object(Illuminate\\Http\\Request), Object(Closure))
#51 /var/www/html/vendor/laravel/framework/src/Illuminate/Foundation/Http/Middleware/InvokeDeferredCallbacks.php(22): Illuminate\\Pipeline\\Pipeline->Illuminate\\Pipeline\\{closure}(Object(Illuminate\\Http\\Request))
#52 /var/www/html/vendor/laravel/framework/src/Illuminate/Pipeline/Pipeline.php(208): Illuminate\\Foundation\\Http\\Middleware\\InvokeDeferredCallbacks->handle(Object(Illuminate\\Http\\Request), Object(Closure))
#53 /var/www/html/vendor/laravel/framework/src/Illuminate/Http/Middleware/ValidatePathEncoding.php(26): Illuminate\\Pipeline\\Pipeline->Illuminate\\Pipeline\\{closure}(Object(Illuminate\\Http\\Request))
#54 /var/www/html/vendor/laravel/framework/src/Illuminate/Pipeline/Pipeline.php(208): Illuminate\\Http\\Middleware\\ValidatePathEncoding->handle(Object(Illuminate\\Http\\Request), Object(Closure))
#55 /var/www/html/vendor/laravel/framework/src/Illuminate/Pipeline/Pipeline.php(126): Illuminate\\Pipeline\\Pipeline->Illuminate\\Pipeline\\{closure}(Object(Illuminate\\Http\\Request))
#56 /var/www/html/vendor/laravel/framework/src/Illuminate/Foundation/Http/Kernel.php(175): Illuminate\\Pipeline\\Pipeline->then(Object(Closure))
#57 /var/www/html/vendor/laravel/framework/src/Illuminate/Foundation/Http/Kernel.php(144): Illuminate\\Foundation\\Http\\Kernel->sendRequestThroughRouter(Object(Illuminate\\Http\\Request))
#58 /var/www/html/vendor/laravel/framework/src/Illuminate/Foundation/Application.php(1219): Illuminate\\Foundation\\Http\\Kernel->handle(Object(Illuminate\\Http\\Request))
#59 /var/www/html/public/index.php(20): Illuminate\\Foundation\\Application->handleRequest(Object(Illuminate\\Http\\Request))
#60 {main}
"} 
